ISO-10303-21;
HEADER;
/* Generated by software containing ST-Developer
 * from STEP Tools, Inc. (www.steptools.com) 
 */

FILE_DESCRIPTION(
/* description */ (''),
/* implementation_level */ '2;1');

FILE_NAME(
/* name */ 'GatewayCase_v1.step',
/* time_stamp */ '2026-06-21T02:39:27+05:30',
/* author */ (''),
/* organization */ (''),
/* preprocessor_version */ 'ST-DEVELOPER v20.1',
/* originating_system */ 'Autodesk Translation Framework v15.8.0.0',
/* authorisation */ '');

FILE_SCHEMA (('AUTOMOTIVE_DESIGN { 1 0 10303 214 3 1 1 }'));
ENDSEC;

DATA;
#10=MECHANICAL_DESIGN_GEOMETRIC_PRESENTATION_REPRESENTATION('',(#13,#14),
#2393);
#11=SHAPE_REPRESENTATION_RELATIONSHIP('SRR','None',#2400,#12);
#12=ADVANCED_BREP_SHAPE_REPRESENTATION('',(#15,#16),#2392);
#13=STYLED_ITEM('',(#2409),#15);
#14=STYLED_ITEM('',(#2409),#16);
#15=MANIFOLD_SOLID_BREP('Body1',#1324);
#16=MANIFOLD_SOLID_BREP('Body2',#1325);
#17=B_SPLINE_CURVE_WITH_KNOTS('',3,(#1958,#1959,#1960,#1961),
 .UNSPECIFIED.,.F.,.F.,(4,4),(0.422519472312907,0.423140886121249),
 .UNSPECIFIED.);
#18=B_SPLINE_CURVE_WITH_KNOTS('',3,(#1963,#1964,#1965,#1966,#1967,#1968,
#1969,#1970,#1971,#1972,#1973,#1974,#1975,#1976,#1977,#1978,#1979,#1980),
 .UNSPECIFIED.,.F.,.F.,(4,2,2,2,2,2,2,2,4),(0.,0.0525225585292024,0.105045117058405,
0.157876037664977,0.210706958271549,0.263790719415453,0.316874480559357,
0.370007683340303,0.422519472312907),.UNSPECIFIED.);
#19=B_SPLINE_CURVE_WITH_KNOTS('',3,(#1981,#1982,#1983,#1984,#1985,#1986,
#1987,#1988,#1989,#1990,#1991,#1992,#1993,#1994,#1995,#1996,#1997,#1998),
 .UNSPECIFIED.,.F.,.F.,(4,2,2,2,2,2,2,2,4),(0.423140886121249,0.476091378306014,
0.529041870490778,0.581684286910745,0.634326703330711,0.686715956444409,
0.739105209558107,0.791444734712469,0.84378425986683),.UNSPECIFIED.);
#20=B_SPLINE_CURVE_WITH_KNOTS('',3,(#2005,#2006,#2007,#2008),
 .UNSPECIFIED.,.F.,.F.,(4,4),(0.423772670889623,0.425621496378423),
 .UNSPECIFIED.);
#21=B_SPLINE_CURVE_WITH_KNOTS('',3,(#2010,#2011,#2012,#2013,#2014,#2015,
#2016,#2017,#2018,#2019,#2020,#2021,#2022,#2023,#2024,#2025,#2026,#2027),
 .UNSPECIFIED.,.F.,.F.,(4,2,2,2,2,2,2,2,4),(0.,0.0533325152671776,0.106665030534355,
0.16019303360533,0.213721036676304,0.266982663427604,0.320244290178904,
0.372932893278664,0.423772670889623),.UNSPECIFIED.);
#22=B_SPLINE_CURVE_WITH_KNOTS('',3,(#2028,#2029,#2030,#2031,#2032,#2033,
#2034,#2035,#2036,#2037,#2038,#2039,#2040,#2041,#2042,#2043,#2044,#2045),
 .UNSPECIFIED.,.F.,.F.,(4,2,2,2,2,2,2,2,4),(0.425621496378423,0.47776466658208,
0.529907836785736,0.581853405158111,0.633798973530487,0.686011932910176,
0.738224892289865,0.791012989122938,0.843801085956011),.UNSPECIFIED.);
#23=B_SPLINE_CURVE_WITH_KNOTS('',3,(#2052,#2053,#2054,#2055,#2056,#2057,
#2058,#2059,#2060,#2061,#2062,#2063,#2064,#2065,#2066,#2067,#2068,#2069),
 .UNSPECIFIED.,.F.,.F.,(4,2,2,2,2,2,2,2,4),(0.,0.0528228692068168,0.105645738413634,
0.15836849334245,0.211091248271266,0.263721722002466,0.316352195733666,
0.368952300911506,0.421552406089345),.UNSPECIFIED.);
#24=B_SPLINE_CURVE_WITH_KNOTS('',3,(#2071,#2072,#2073,#2074,#2075,#2076,
#2077,#2078,#2079,#2080,#2081,#2082,#2083,#2084,#2085,#2086,#2087,#2088),
 .UNSPECIFIED.,.F.,.F.,(4,2,2,2,2,2,2,2,4),(0.421720217179832,0.474201884687939,
0.526851363286532,0.579601013083982,0.632350662881431,0.68519256210639,
0.738034461331349,0.790906672188622,0.843778883045895),.UNSPECIFIED.);
#25=B_SPLINE_CURVE_WITH_KNOTS('',3,(#2089,#2090,#2091,#2092),
 .UNSPECIFIED.,.F.,.F.,(4,4),(0.421552406089345,0.421720217179832),
 .UNSPECIFIED.);
#26=B_SPLINE_CURVE_WITH_KNOTS('',3,(#2099,#2100,#2101,#2102,#2103,#2104,
#2105,#2106,#2107,#2108,#2109,#2110,#2111,#2112,#2113,#2114,#2115,#2116),
 .UNSPECIFIED.,.F.,.F.,(4,2,2,2,2,2,2,2,4),(0.,0.053028769634627,0.106057539269254,
0.158597250168776,0.211136961068297,0.263302831979963,0.315468702891628,
0.367595498202885,0.419722293514142),.UNSPECIFIED.);
#27=B_SPLINE_CURVE_WITH_KNOTS('',3,(#2118,#2119,#2120,#2121,#2122,#2123,
#2124,#2125,#2126,#2127,#2128,#2129,#2130,#2131,#2132,#2133,#2134,#2135),
 .UNSPECIFIED.,.F.,.F.,(4,2,2,2,2,2,2,2,4),(0.420803631094631,0.472167906871655,
0.524613520229167,0.577548548827925,0.630483577426682,0.683791616546371,
0.73709965566606,0.790446413848905,0.84379317203175),.UNSPECIFIED.);
#28=B_SPLINE_CURVE_WITH_KNOTS('',3,(#2136,#2137,#2138,#2139),
 .UNSPECIFIED.,.F.,.F.,(4,4),(0.419722293514142,0.420803631094631),
 .UNSPECIFIED.);
#29=CONICAL_SURFACE('',#1363,0.8,1.02974425867665);
#30=CONICAL_SURFACE('',#1365,0.8,1.02974425867665);
#31=CONICAL_SURFACE('',#1367,0.8,1.02974425867665);
#32=CONICAL_SURFACE('',#1369,0.8,1.02974425867665);
#33=CONICAL_SURFACE('',#1371,0.7,1.02974425867665);
#34=CONICAL_SURFACE('',#1374,0.7,1.02974425867665);
#35=CONICAL_SURFACE('',#1377,0.7,1.02974425867665);
#36=CONICAL_SURFACE('',#1380,0.7,1.02974425867665);
#37=CYLINDRICAL_SURFACE('',#1357,3.25);
#38=CYLINDRICAL_SURFACE('',#1360,3.25);
#39=CYLINDRICAL_SURFACE('',#1373,1.4);
#40=CYLINDRICAL_SURFACE('',#1376,1.4);
#41=CYLINDRICAL_SURFACE('',#1379,1.4);
#42=CYLINDRICAL_SURFACE('',#1382,1.4);
#43=CYLINDRICAL_SURFACE('',#1383,10.);
#44=CYLINDRICAL_SURFACE('',#1391,10.);
#45=CYLINDRICAL_SURFACE('',#1394,10.);
#46=CYLINDRICAL_SURFACE('',#1396,10.);
#47=CYLINDRICAL_SURFACE('',#1398,20.);
#48=CYLINDRICAL_SURFACE('',#1401,20.);
#49=CYLINDRICAL_SURFACE('',#1404,20.);
#50=CYLINDRICAL_SURFACE('',#1407,20.);
#51=CYLINDRICAL_SURFACE('',#1409,2.75);
#52=CYLINDRICAL_SURFACE('',#1413,3.5);
#53=CYLINDRICAL_SURFACE('',#1416,2.75);
#54=CYLINDRICAL_SURFACE('',#1420,3.5);
#55=CYLINDRICAL_SURFACE('',#1423,2.75);
#56=CYLINDRICAL_SURFACE('',#1427,3.5);
#57=CYLINDRICAL_SURFACE('',#1430,2.75);
#58=CYLINDRICAL_SURFACE('',#1434,3.50000000000001);
#59=CYLINDRICAL_SURFACE('',#1441,1.6);
#60=CYLINDRICAL_SURFACE('',#1444,1.6);
#61=CYLINDRICAL_SURFACE('',#1447,1.6);
#62=CYLINDRICAL_SURFACE('',#1450,1.6);
#63=CYLINDRICAL_SURFACE('',#1453,0.75);
#64=CYLINDRICAL_SURFACE('',#1456,0.75);
#65=CYLINDRICAL_SURFACE('',#1459,0.75);
#66=CYLINDRICAL_SURFACE('',#1462,10.);
#67=CYLINDRICAL_SURFACE('',#1470,10.);
#68=CYLINDRICAL_SURFACE('',#1473,10.);
#69=CYLINDRICAL_SURFACE('',#1476,10.);
#70=CIRCLE('',#1349,20.);
#71=CIRCLE('',#1350,20.);
#72=CIRCLE('',#1351,20.);
#73=CIRCLE('',#1352,20.);
#74=CIRCLE('',#1353,3.5);
#75=CIRCLE('',#1354,3.50000000000001);
#76=CIRCLE('',#1355,3.5);
#77=CIRCLE('',#1356,3.5);
#78=CIRCLE('',#1358,3.25);
#79=CIRCLE('',#1359,3.25);
#80=CIRCLE('',#1361,3.25);
#81=CIRCLE('',#1362,3.25);
#82=CIRCLE('',#1364,1.6);
#83=CIRCLE('',#1366,1.6);
#84=CIRCLE('',#1368,1.6);
#85=CIRCLE('',#1370,1.6);
#86=CIRCLE('',#1372,1.4);
#87=CIRCLE('',#1375,1.4);
#88=CIRCLE('',#1378,1.4);
#89=CIRCLE('',#1381,1.4);
#90=CIRCLE('',#1384,10.);
#91=CIRCLE('',#1385,10.);
#92=CIRCLE('',#1388,10.);
#93=CIRCLE('',#1389,10.);
#94=CIRCLE('',#1390,10.);
#95=CIRCLE('',#1392,10.);
#96=CIRCLE('',#1395,10.);
#97=CIRCLE('',#1397,10.);
#98=CIRCLE('',#1399,20.);
#99=CIRCLE('',#1402,20.);
#100=CIRCLE('',#1405,20.);
#101=CIRCLE('',#1408,20.);
#102=CIRCLE('',#1410,2.75);
#103=CIRCLE('',#1411,2.75);
#104=CIRCLE('',#1414,3.5);
#105=CIRCLE('',#1417,2.75);
#106=CIRCLE('',#1418,2.75);
#107=CIRCLE('',#1421,3.5);
#108=CIRCLE('',#1424,2.75);
#109=CIRCLE('',#1425,2.75);
#110=CIRCLE('',#1428,3.5);
#111=CIRCLE('',#1431,2.75);
#112=CIRCLE('',#1432,2.75);
#113=CIRCLE('',#1435,3.50000000000001);
#114=CIRCLE('',#1442,1.6);
#115=CIRCLE('',#1443,1.6);
#116=CIRCLE('',#1445,1.6);
#117=CIRCLE('',#1446,1.6);
#118=CIRCLE('',#1448,1.6);
#119=CIRCLE('',#1449,1.6);
#120=CIRCLE('',#1451,1.6);
#121=CIRCLE('',#1452,1.6);
#122=CIRCLE('',#1454,0.75);
#123=CIRCLE('',#1455,0.750000000000001);
#124=CIRCLE('',#1457,0.75);
#125=CIRCLE('',#1458,0.750000000000001);
#126=CIRCLE('',#1460,0.75);
#127=CIRCLE('',#1461,0.750000000000001);
#128=CIRCLE('',#1463,10.);
#129=CIRCLE('',#1464,10.);
#130=CIRCLE('',#1467,10.);
#131=CIRCLE('',#1468,10.);
#132=CIRCLE('',#1469,10.);
#133=CIRCLE('',#1471,10.);
#134=CIRCLE('',#1474,10.);
#135=CIRCLE('',#1477,10.);
#136=FACE_BOUND('',#254,.T.);
#137=FACE_BOUND('',#256,.T.);
#138=FACE_BOUND('',#257,.T.);
#139=FACE_BOUND('',#258,.T.);
#140=FACE_BOUND('',#259,.T.);
#141=FACE_BOUND('',#260,.T.);
#142=FACE_BOUND('',#277,.T.);
#143=FACE_BOUND('',#279,.T.);
#144=FACE_BOUND('',#282,.T.);
#145=FACE_BOUND('',#291,.T.);
#146=FACE_BOUND('',#297,.T.);
#147=FACE_BOUND('',#302,.T.);
#148=FACE_BOUND('',#307,.T.);
#149=FACE_BOUND('',#312,.T.);
#150=FACE_BOUND('',#314,.T.);
#151=FACE_BOUND('',#318,.T.);
#152=FACE_BOUND('',#319,.T.);
#153=FACE_BOUND('',#320,.T.);
#154=FACE_BOUND('',#321,.T.);
#155=FACE_BOUND('',#322,.T.);
#156=FACE_BOUND('',#333,.T.);
#157=FACE_BOUND('',#334,.T.);
#158=FACE_BOUND('',#335,.T.);
#159=FACE_BOUND('',#336,.T.);
#160=FACE_BOUND('',#337,.T.);
#161=FACE_BOUND('',#338,.T.);
#162=FACE_BOUND('',#339,.T.);
#163=FACE_BOUND('',#347,.T.);
#164=FACE_BOUND('',#348,.T.);
#165=FACE_BOUND('',#349,.T.);
#166=FACE_BOUND('',#350,.T.);
#167=FACE_BOUND('',#351,.T.);
#168=FACE_BOUND('',#352,.T.);
#169=FACE_BOUND('',#353,.T.);
#170=FACE_OUTER_BOUND('',#245,.T.);
#171=FACE_OUTER_BOUND('',#246,.T.);
#172=FACE_OUTER_BOUND('',#247,.T.);
#173=FACE_OUTER_BOUND('',#248,.T.);
#174=FACE_OUTER_BOUND('',#249,.T.);
#175=FACE_OUTER_BOUND('',#250,.T.);
#176=FACE_OUTER_BOUND('',#251,.T.);
#177=FACE_OUTER_BOUND('',#252,.T.);
#178=FACE_OUTER_BOUND('',#253,.T.);
#179=FACE_OUTER_BOUND('',#255,.T.);
#180=FACE_OUTER_BOUND('',#261,.T.);
#181=FACE_OUTER_BOUND('',#262,.T.);
#182=FACE_OUTER_BOUND('',#263,.T.);
#183=FACE_OUTER_BOUND('',#264,.T.);
#184=FACE_OUTER_BOUND('',#265,.T.);
#185=FACE_OUTER_BOUND('',#266,.T.);
#186=FACE_OUTER_BOUND('',#267,.T.);
#187=FACE_OUTER_BOUND('',#268,.T.);
#188=FACE_OUTER_BOUND('',#269,.T.);
#189=FACE_OUTER_BOUND('',#270,.T.);
#190=FACE_OUTER_BOUND('',#271,.T.);
#191=FACE_OUTER_BOUND('',#272,.T.);
#192=FACE_OUTER_BOUND('',#273,.T.);
#193=FACE_OUTER_BOUND('',#274,.T.);
#194=FACE_OUTER_BOUND('',#275,.T.);
#195=FACE_OUTER_BOUND('',#276,.T.);
#196=FACE_OUTER_BOUND('',#278,.T.);
#197=FACE_OUTER_BOUND('',#280,.T.);
#198=FACE_OUTER_BOUND('',#281,.T.);
#199=FACE_OUTER_BOUND('',#283,.T.);
#200=FACE_OUTER_BOUND('',#284,.T.);
#201=FACE_OUTER_BOUND('',#285,.T.);
#202=FACE_OUTER_BOUND('',#286,.T.);
#203=FACE_OUTER_BOUND('',#287,.T.);
#204=FACE_OUTER_BOUND('',#288,.T.);
#205=FACE_OUTER_BOUND('',#289,.T.);
#206=FACE_OUTER_BOUND('',#290,.T.);
#207=FACE_OUTER_BOUND('',#292,.T.);
#208=FACE_OUTER_BOUND('',#293,.T.);
#209=FACE_OUTER_BOUND('',#294,.T.);
#210=FACE_OUTER_BOUND('',#295,.T.);
#211=FACE_OUTER_BOUND('',#296,.T.);
#212=FACE_OUTER_BOUND('',#298,.T.);
#213=FACE_OUTER_BOUND('',#299,.T.);
#214=FACE_OUTER_BOUND('',#300,.T.);
#215=FACE_OUTER_BOUND('',#301,.T.);
#216=FACE_OUTER_BOUND('',#303,.T.);
#217=FACE_OUTER_BOUND('',#304,.T.);
#218=FACE_OUTER_BOUND('',#305,.T.);
#219=FACE_OUTER_BOUND('',#306,.T.);
#220=FACE_OUTER_BOUND('',#308,.T.);
#221=FACE_OUTER_BOUND('',#309,.T.);
#222=FACE_OUTER_BOUND('',#310,.T.);
#223=FACE_OUTER_BOUND('',#311,.T.);
#224=FACE_OUTER_BOUND('',#313,.T.);
#225=FACE_OUTER_BOUND('',#315,.T.);
#226=FACE_OUTER_BOUND('',#316,.T.);
#227=FACE_OUTER_BOUND('',#317,.T.);
#228=FACE_OUTER_BOUND('',#323,.T.);
#229=FACE_OUTER_BOUND('',#324,.T.);
#230=FACE_OUTER_BOUND('',#325,.T.);
#231=FACE_OUTER_BOUND('',#326,.T.);
#232=FACE_OUTER_BOUND('',#327,.T.);
#233=FACE_OUTER_BOUND('',#328,.T.);
#234=FACE_OUTER_BOUND('',#329,.T.);
#235=FACE_OUTER_BOUND('',#330,.T.);
#236=FACE_OUTER_BOUND('',#331,.T.);
#237=FACE_OUTER_BOUND('',#332,.T.);
#238=FACE_OUTER_BOUND('',#340,.T.);
#239=FACE_OUTER_BOUND('',#341,.T.);
#240=FACE_OUTER_BOUND('',#342,.T.);
#241=FACE_OUTER_BOUND('',#343,.T.);
#242=FACE_OUTER_BOUND('',#344,.T.);
#243=FACE_OUTER_BOUND('',#345,.T.);
#244=FACE_OUTER_BOUND('',#346,.T.);
#245=EDGE_LOOP('',(#857,#858,#859,#860));
#246=EDGE_LOOP('',(#861,#862,#863,#864));
#247=EDGE_LOOP('',(#865,#866,#867,#868));
#248=EDGE_LOOP('',(#869,#870,#871,#872));
#249=EDGE_LOOP('',(#873,#874,#875,#876));
#250=EDGE_LOOP('',(#877,#878,#879,#880));
#251=EDGE_LOOP('',(#881,#882,#883,#884));
#252=EDGE_LOOP('',(#885,#886,#887,#888));
#253=EDGE_LOOP('',(#889,#890,#891,#892));
#254=EDGE_LOOP('',(#893,#894,#895,#896));
#255=EDGE_LOOP('',(#897,#898,#899,#900,#901,#902,#903,#904));
#256=EDGE_LOOP('',(#905));
#257=EDGE_LOOP('',(#906));
#258=EDGE_LOOP('',(#907));
#259=EDGE_LOOP('',(#908));
#260=EDGE_LOOP('',(#909,#910,#911,#912));
#261=EDGE_LOOP('',(#913,#914,#915,#916));
#262=EDGE_LOOP('',(#917,#918,#919,#920));
#263=EDGE_LOOP('',(#921,#922,#923,#924,#925,#926));
#264=EDGE_LOOP('',(#927,#928,#929,#930,#931,#932));
#265=EDGE_LOOP('',(#933,#934,#935,#936,#937,#938));
#266=EDGE_LOOP('',(#939,#940,#941,#942,#943,#944));
#267=EDGE_LOOP('',(#945,#946,#947));
#268=EDGE_LOOP('',(#948,#949,#950,#951,#952,#953));
#269=EDGE_LOOP('',(#954,#955,#956));
#270=EDGE_LOOP('',(#957,#958,#959,#960,#961,#962));
#271=EDGE_LOOP('',(#963,#964,#965));
#272=EDGE_LOOP('',(#966,#967,#968,#969,#970,#971));
#273=EDGE_LOOP('',(#972,#973,#974));
#274=EDGE_LOOP('',(#975,#976,#977,#978,#979,#980));
#275=EDGE_LOOP('',(#981,#982,#983,#984));
#276=EDGE_LOOP('',(#985,#986,#987,#988));
#277=EDGE_LOOP('',(#989));
#278=EDGE_LOOP('',(#990,#991,#992,#993,#994,#995,#996,#997));
#279=EDGE_LOOP('',(#998,#999,#1000,#1001));
#280=EDGE_LOOP('',(#1002,#1003,#1004,#1005));
#281=EDGE_LOOP('',(#1006,#1007,#1008,#1009));
#282=EDGE_LOOP('',(#1010));
#283=EDGE_LOOP('',(#1011,#1012,#1013,#1014));
#284=EDGE_LOOP('',(#1015,#1016,#1017,#1018));
#285=EDGE_LOOP('',(#1019,#1020,#1021,#1022));
#286=EDGE_LOOP('',(#1023,#1024,#1025,#1026));
#287=EDGE_LOOP('',(#1027,#1028,#1029,#1030));
#288=EDGE_LOOP('',(#1031,#1032,#1033,#1034));
#289=EDGE_LOOP('',(#1035,#1036,#1037,#1038));
#290=EDGE_LOOP('',(#1039,#1040,#1041,#1042));
#291=EDGE_LOOP('',(#1043));
#292=EDGE_LOOP('',(#1044,#1045,#1046,#1047));
#293=EDGE_LOOP('',(#1048,#1049,#1050,#1051));
#294=EDGE_LOOP('',(#1052));
#295=EDGE_LOOP('',(#1053,#1054,#1055,#1056));
#296=EDGE_LOOP('',(#1057));
#297=EDGE_LOOP('',(#1058));
#298=EDGE_LOOP('',(#1059,#1060,#1061,#1062));
#299=EDGE_LOOP('',(#1063));
#300=EDGE_LOOP('',(#1064,#1065,#1066,#1067));
#301=EDGE_LOOP('',(#1068));
#302=EDGE_LOOP('',(#1069));
#303=EDGE_LOOP('',(#1070,#1071,#1072,#1073));
#304=EDGE_LOOP('',(#1074));
#305=EDGE_LOOP('',(#1075,#1076,#1077,#1078));
#306=EDGE_LOOP('',(#1079));
#307=EDGE_LOOP('',(#1080));
#308=EDGE_LOOP('',(#1081,#1082,#1083,#1084));
#309=EDGE_LOOP('',(#1085));
#310=EDGE_LOOP('',(#1086,#1087,#1088,#1089));
#311=EDGE_LOOP('',(#1090));
#312=EDGE_LOOP('',(#1091));
#313=EDGE_LOOP('',(#1092,#1093,#1094,#1095));
#314=EDGE_LOOP('',(#1096));
#315=EDGE_LOOP('',(#1097,#1098,#1099,#1100));
#316=EDGE_LOOP('',(#1101,#1102,#1103,#1104));
#317=EDGE_LOOP('',(#1105,#1106,#1107,#1108,#1109,#1110,#1111,#1112));
#318=EDGE_LOOP('',(#1113));
#319=EDGE_LOOP('',(#1114));
#320=EDGE_LOOP('',(#1115));
#321=EDGE_LOOP('',(#1116));
#322=EDGE_LOOP('',(#1117,#1118,#1119,#1120,#1121,#1122,#1123,#1124));
#323=EDGE_LOOP('',(#1125,#1126,#1127,#1128));
#324=EDGE_LOOP('',(#1129,#1130,#1131,#1132));
#325=EDGE_LOOP('',(#1133,#1134,#1135,#1136));
#326=EDGE_LOOP('',(#1137,#1138,#1139,#1140));
#327=EDGE_LOOP('',(#1141,#1142,#1143,#1144));
#328=EDGE_LOOP('',(#1145,#1146,#1147,#1148));
#329=EDGE_LOOP('',(#1149,#1150,#1151,#1152));
#330=EDGE_LOOP('',(#1153,#1154,#1155,#1156));
#331=EDGE_LOOP('',(#1157,#1158,#1159,#1160));
#332=EDGE_LOOP('',(#1161,#1162,#1163,#1164,#1165,#1166,#1167,#1168));
#333=EDGE_LOOP('',(#1169));
#334=EDGE_LOOP('',(#1170));
#335=EDGE_LOOP('',(#1171));
#336=EDGE_LOOP('',(#1172));
#337=EDGE_LOOP('',(#1173));
#338=EDGE_LOOP('',(#1174));
#339=EDGE_LOOP('',(#1175));
#340=EDGE_LOOP('',(#1176,#1177,#1178,#1179));
#341=EDGE_LOOP('',(#1180,#1181,#1182,#1183));
#342=EDGE_LOOP('',(#1184,#1185,#1186,#1187));
#343=EDGE_LOOP('',(#1188,#1189,#1190,#1191));
#344=EDGE_LOOP('',(#1192,#1193,#1194,#1195));
#345=EDGE_LOOP('',(#1196,#1197,#1198,#1199));
#346=EDGE_LOOP('',(#1200,#1201,#1202,#1203,#1204,#1205,#1206,#1207));
#347=EDGE_LOOP('',(#1208));
#348=EDGE_LOOP('',(#1209));
#349=EDGE_LOOP('',(#1210));
#350=EDGE_LOOP('',(#1211));
#351=EDGE_LOOP('',(#1212));
#352=EDGE_LOOP('',(#1213));
#353=EDGE_LOOP('',(#1214));
#354=LINE('',#1869,#455);
#355=LINE('',#1871,#456);
#356=LINE('',#1873,#457);
#357=LINE('',#1874,#458);
#358=LINE('',#1878,#459);
#359=LINE('',#1879,#460);
#360=LINE('',#1880,#461);
#361=LINE('',#1884,#462);
#362=LINE('',#1886,#463);
#363=LINE('',#1888,#464);
#364=LINE('',#1889,#465);
#365=LINE('',#1892,#466);
#366=LINE('',#1894,#467);
#367=LINE('',#1895,#468);
#368=LINE('',#1899,#469);
#369=LINE('',#1900,#470);
#370=LINE('',#1901,#471);
#371=LINE('',#1903,#472);
#372=LINE('',#1904,#473);
#373=LINE('',#1907,#474);
#374=LINE('',#1909,#475);
#375=LINE('',#1910,#476);
#376=LINE('',#1912,#477);
#377=LINE('',#1913,#478);
#378=LINE('',#1920,#479);
#379=LINE('',#1924,#480);
#380=LINE('',#1928,#481);
#381=LINE('',#1931,#482);
#382=LINE('',#1944,#483);
#383=LINE('',#1950,#484);
#384=LINE('',#1956,#485);
#385=LINE('',#2003,#486);
#386=LINE('',#2050,#487);
#387=LINE('',#2097,#488);
#388=LINE('',#2144,#489);
#389=LINE('',#2146,#490);
#390=LINE('',#2151,#491);
#391=LINE('',#2153,#492);
#392=LINE('',#2158,#493);
#393=LINE('',#2160,#494);
#394=LINE('',#2165,#495);
#395=LINE('',#2167,#496);
#396=LINE('',#2173,#497);
#397=LINE('',#2176,#498);
#398=LINE('',#2179,#499);
#399=LINE('',#2181,#500);
#400=LINE('',#2182,#501);
#401=LINE('',#2185,#502);
#402=LINE('',#2189,#503);
#403=LINE('',#2193,#504);
#404=LINE('',#2199,#505);
#405=LINE('',#2200,#506);
#406=LINE('',#2203,#507);
#407=LINE('',#2204,#508);
#408=LINE('',#2208,#509);
#409=LINE('',#2212,#510);
#410=LINE('',#2215,#511);
#411=LINE('',#2218,#512);
#412=LINE('',#2221,#513);
#413=LINE('',#2222,#514);
#414=LINE('',#2225,#515);
#415=LINE('',#2228,#516);
#416=LINE('',#2231,#517);
#417=LINE('',#2232,#518);
#418=LINE('',#2235,#519);
#419=LINE('',#2239,#520);
#420=LINE('',#2240,#521);
#421=LINE('',#2247,#522);
#422=LINE('',#2253,#523);
#423=LINE('',#2259,#524);
#424=LINE('',#2265,#525);
#425=LINE('',#2271,#526);
#426=LINE('',#2277,#527);
#427=LINE('',#2283,#528);
#428=LINE('',#2289,#529);
#429=LINE('',#2292,#530);
#430=LINE('',#2294,#531);
#431=LINE('',#2296,#532);
#432=LINE('',#2302,#533);
#433=LINE('',#2308,#534);
#434=LINE('',#2314,#535);
#435=LINE('',#2320,#536);
#436=LINE('',#2326,#537);
#437=LINE('',#2332,#538);
#438=LINE('',#2338,#539);
#439=LINE('',#2345,#540);
#440=LINE('',#2348,#541);
#441=LINE('',#2351,#542);
#442=LINE('',#2353,#543);
#443=LINE('',#2354,#544);
#444=LINE('',#2357,#545);
#445=LINE('',#2361,#546);
#446=LINE('',#2365,#547);
#447=LINE('',#2369,#548);
#448=LINE('',#2373,#549);
#449=LINE('',#2374,#550);
#450=LINE('',#2377,#551);
#451=LINE('',#2381,#552);
#452=LINE('',#2382,#553);
#453=LINE('',#2385,#554);
#454=LINE('',#2388,#555);
#455=VECTOR('',#1484,10.);
#456=VECTOR('',#1485,10.);
#457=VECTOR('',#1486,10.);
#458=VECTOR('',#1487,10.);
#459=VECTOR('',#1490,10.);
#460=VECTOR('',#1491,10.);
#461=VECTOR('',#1492,10.);
#462=VECTOR('',#1495,10.);
#463=VECTOR('',#1496,10.);
#464=VECTOR('',#1497,10.);
#465=VECTOR('',#1498,10.);
#466=VECTOR('',#1501,10.);
#467=VECTOR('',#1502,10.);
#468=VECTOR('',#1503,10.);
#469=VECTOR('',#1506,10.);
#470=VECTOR('',#1507,10.);
#471=VECTOR('',#1508,10.);
#472=VECTOR('',#1511,10.);
#473=VECTOR('',#1512,10.);
#474=VECTOR('',#1515,10.);
#475=VECTOR('',#1516,10.);
#476=VECTOR('',#1517,10.);
#477=VECTOR('',#1520,10.);
#478=VECTOR('',#1521,10.);
#479=VECTOR('',#1528,10.);
#480=VECTOR('',#1531,10.);
#481=VECTOR('',#1534,10.);
#482=VECTOR('',#1537,10.);
#483=VECTOR('',#1550,3.25);
#484=VECTOR('',#1557,3.25);
#485=VECTOR('',#1564,0.8);
#486=VECTOR('',#1569,0.8);
#487=VECTOR('',#1574,0.8);
#488=VECTOR('',#1579,0.8);
#489=VECTOR('',#1584,0.7);
#490=VECTOR('',#1587,1.4);
#491=VECTOR('',#1592,0.7);
#492=VECTOR('',#1595,1.4);
#493=VECTOR('',#1600,0.7);
#494=VECTOR('',#1603,1.4);
#495=VECTOR('',#1608,0.7);
#496=VECTOR('',#1611,1.4);
#497=VECTOR('',#1616,10.);
#498=VECTOR('',#1619,10.);
#499=VECTOR('',#1622,10.);
#500=VECTOR('',#1623,10.);
#501=VECTOR('',#1624,10.);
#502=VECTOR('',#1627,10.);
#503=VECTOR('',#1630,10.);
#504=VECTOR('',#1633,10.);
#505=VECTOR('',#1640,10.);
#506=VECTOR('',#1641,10.);
#507=VECTOR('',#1644,10.);
#508=VECTOR('',#1645,10.);
#509=VECTOR('',#1650,10.);
#510=VECTOR('',#1655,10.);
#511=VECTOR('',#1658,10.);
#512=VECTOR('',#1661,10.);
#513=VECTOR('',#1664,10.);
#514=VECTOR('',#1665,10.);
#515=VECTOR('',#1668,10.);
#516=VECTOR('',#1671,10.);
#517=VECTOR('',#1674,10.);
#518=VECTOR('',#1675,10.);
#519=VECTOR('',#1678,10.);
#520=VECTOR('',#1683,10.);
#521=VECTOR('',#1684,10.);
#522=VECTOR('',#1693,2.75);
#523=VECTOR('',#1702,3.5);
#524=VECTOR('',#1709,2.75);
#525=VECTOR('',#1718,3.5);
#526=VECTOR('',#1725,2.75);
#527=VECTOR('',#1734,3.5);
#528=VECTOR('',#1741,2.75);
#529=VECTOR('',#1750,3.50000000000001);
#530=VECTOR('',#1755,10.);
#531=VECTOR('',#1758,10.);
#532=VECTOR('',#1761,10.);
#533=VECTOR('',#1768,1.6);
#534=VECTOR('',#1775,1.6);
#535=VECTOR('',#1782,1.6);
#536=VECTOR('',#1789,1.6);
#537=VECTOR('',#1796,0.75);
#538=VECTOR('',#1803,0.75);
#539=VECTOR('',#1810,0.75);
#540=VECTOR('',#1817,10.);
#541=VECTOR('',#1820,10.);
#542=VECTOR('',#1823,10.);
#543=VECTOR('',#1824,10.);
#544=VECTOR('',#1825,10.);
#545=VECTOR('',#1828,10.);
#546=VECTOR('',#1831,10.);
#547=VECTOR('',#1834,10.);
#548=VECTOR('',#1839,10.);
#549=VECTOR('',#1844,10.);
#550=VECTOR('',#1845,10.);
#551=VECTOR('',#1848,10.);
#552=VECTOR('',#1853,10.);
#553=VECTOR('',#1854,10.);
#554=VECTOR('',#1857,10.);
#555=VECTOR('',#1862,10.);
#556=VERTEX_POINT('',#1867);
#557=VERTEX_POINT('',#1868);
#558=VERTEX_POINT('',#1870);
#559=VERTEX_POINT('',#1872);
#560=VERTEX_POINT('',#1876);
#561=VERTEX_POINT('',#1877);
#562=VERTEX_POINT('',#1882);
#563=VERTEX_POINT('',#1883);
#564=VERTEX_POINT('',#1885);
#565=VERTEX_POINT('',#1887);
#566=VERTEX_POINT('',#1891);
#567=VERTEX_POINT('',#1893);
#568=VERTEX_POINT('',#1897);
#569=VERTEX_POINT('',#1898);
#570=VERTEX_POINT('',#1906);
#571=VERTEX_POINT('',#1908);
#572=VERTEX_POINT('',#1916);
#573=VERTEX_POINT('',#1917);
#574=VERTEX_POINT('',#1919);
#575=VERTEX_POINT('',#1921);
#576=VERTEX_POINT('',#1923);
#577=VERTEX_POINT('',#1925);
#578=VERTEX_POINT('',#1927);
#579=VERTEX_POINT('',#1929);
#580=VERTEX_POINT('',#1932);
#581=VERTEX_POINT('',#1934);
#582=VERTEX_POINT('',#1936);
#583=VERTEX_POINT('',#1938);
#584=VERTEX_POINT('',#1941);
#585=VERTEX_POINT('',#1943);
#586=VERTEX_POINT('',#1947);
#587=VERTEX_POINT('',#1949);
#588=VERTEX_POINT('',#1953);
#589=VERTEX_POINT('',#1955);
#590=VERTEX_POINT('',#1957);
#591=VERTEX_POINT('',#1962);
#592=VERTEX_POINT('',#2000);
#593=VERTEX_POINT('',#2002);
#594=VERTEX_POINT('',#2004);
#595=VERTEX_POINT('',#2009);
#596=VERTEX_POINT('',#2047);
#597=VERTEX_POINT('',#2049);
#598=VERTEX_POINT('',#2051);
#599=VERTEX_POINT('',#2070);
#600=VERTEX_POINT('',#2094);
#601=VERTEX_POINT('',#2096);
#602=VERTEX_POINT('',#2098);
#603=VERTEX_POINT('',#2117);
#604=VERTEX_POINT('',#2141);
#605=VERTEX_POINT('',#2143);
#606=VERTEX_POINT('',#2148);
#607=VERTEX_POINT('',#2150);
#608=VERTEX_POINT('',#2155);
#609=VERTEX_POINT('',#2157);
#610=VERTEX_POINT('',#2162);
#611=VERTEX_POINT('',#2164);
#612=VERTEX_POINT('',#2169);
#613=VERTEX_POINT('',#2170);
#614=VERTEX_POINT('',#2172);
#615=VERTEX_POINT('',#2174);
#616=VERTEX_POINT('',#2178);
#617=VERTEX_POINT('',#2180);
#618=VERTEX_POINT('',#2184);
#619=VERTEX_POINT('',#2186);
#620=VERTEX_POINT('',#2188);
#621=VERTEX_POINT('',#2190);
#622=VERTEX_POINT('',#2192);
#623=VERTEX_POINT('',#2196);
#624=VERTEX_POINT('',#2197);
#625=VERTEX_POINT('',#2202);
#626=VERTEX_POINT('',#2206);
#627=VERTEX_POINT('',#2210);
#628=VERTEX_POINT('',#2214);
#629=VERTEX_POINT('',#2216);
#630=VERTEX_POINT('',#2220);
#631=VERTEX_POINT('',#2224);
#632=VERTEX_POINT('',#2226);
#633=VERTEX_POINT('',#2230);
#634=VERTEX_POINT('',#2234);
#635=VERTEX_POINT('',#2238);
#636=VERTEX_POINT('',#2244);
#637=VERTEX_POINT('',#2246);
#638=VERTEX_POINT('',#2251);
#639=VERTEX_POINT('',#2256);
#640=VERTEX_POINT('',#2258);
#641=VERTEX_POINT('',#2263);
#642=VERTEX_POINT('',#2268);
#643=VERTEX_POINT('',#2270);
#644=VERTEX_POINT('',#2275);
#645=VERTEX_POINT('',#2280);
#646=VERTEX_POINT('',#2282);
#647=VERTEX_POINT('',#2287);
#648=VERTEX_POINT('',#2299);
#649=VERTEX_POINT('',#2301);
#650=VERTEX_POINT('',#2305);
#651=VERTEX_POINT('',#2307);
#652=VERTEX_POINT('',#2311);
#653=VERTEX_POINT('',#2313);
#654=VERTEX_POINT('',#2317);
#655=VERTEX_POINT('',#2319);
#656=VERTEX_POINT('',#2323);
#657=VERTEX_POINT('',#2325);
#658=VERTEX_POINT('',#2329);
#659=VERTEX_POINT('',#2331);
#660=VERTEX_POINT('',#2335);
#661=VERTEX_POINT('',#2337);
#662=VERTEX_POINT('',#2341);
#663=VERTEX_POINT('',#2342);
#664=VERTEX_POINT('',#2344);
#665=VERTEX_POINT('',#2346);
#666=VERTEX_POINT('',#2350);
#667=VERTEX_POINT('',#2352);
#668=VERTEX_POINT('',#2356);
#669=VERTEX_POINT('',#2358);
#670=VERTEX_POINT('',#2360);
#671=VERTEX_POINT('',#2362);
#672=VERTEX_POINT('',#2364);
#673=VERTEX_POINT('',#2368);
#674=VERTEX_POINT('',#2372);
#675=VERTEX_POINT('',#2376);
#676=VERTEX_POINT('',#2380);
#677=VERTEX_POINT('',#2384);
#678=EDGE_CURVE('',#556,#557,#354,.T.);
#679=EDGE_CURVE('',#558,#556,#355,.T.);
#680=EDGE_CURVE('',#559,#558,#356,.T.);
#681=EDGE_CURVE('',#557,#559,#357,.T.);
#682=EDGE_CURVE('',#560,#561,#358,.T.);
#683=EDGE_CURVE('',#556,#561,#359,.T.);
#684=EDGE_CURVE('',#560,#557,#360,.T.);
#685=EDGE_CURVE('',#562,#563,#361,.T.);
#686=EDGE_CURVE('',#562,#564,#362,.F.);
#687=EDGE_CURVE('',#565,#564,#363,.F.);
#688=EDGE_CURVE('',#563,#565,#364,.F.);
#689=EDGE_CURVE('',#566,#562,#365,.T.);
#690=EDGE_CURVE('',#566,#567,#366,.T.);
#691=EDGE_CURVE('',#564,#567,#367,.F.);
#692=EDGE_CURVE('',#568,#569,#368,.T.);
#693=EDGE_CURVE('',#561,#569,#369,.T.);
#694=EDGE_CURVE('',#568,#560,#370,.T.);
#695=EDGE_CURVE('',#569,#558,#371,.T.);
#696=EDGE_CURVE('',#559,#568,#372,.T.);
#697=EDGE_CURVE('',#563,#570,#373,.T.);
#698=EDGE_CURVE('',#571,#565,#374,.F.);
#699=EDGE_CURVE('',#570,#571,#375,.F.);
#700=EDGE_CURVE('',#570,#566,#376,.T.);
#701=EDGE_CURVE('',#567,#571,#377,.F.);
#702=EDGE_CURVE('',#572,#573,#70,.T.);
#703=EDGE_CURVE('',#574,#573,#378,.T.);
#704=EDGE_CURVE('',#574,#575,#71,.T.);
#705=EDGE_CURVE('',#576,#575,#379,.T.);
#706=EDGE_CURVE('',#576,#577,#72,.T.);
#707=EDGE_CURVE('',#578,#577,#380,.T.);
#708=EDGE_CURVE('',#578,#579,#73,.T.);
#709=EDGE_CURVE('',#572,#579,#381,.T.);
#710=EDGE_CURVE('',#580,#580,#74,.T.);
#711=EDGE_CURVE('',#581,#581,#75,.T.);
#712=EDGE_CURVE('',#582,#582,#76,.T.);
#713=EDGE_CURVE('',#583,#583,#77,.T.);
#714=EDGE_CURVE('',#584,#584,#78,.T.);
#715=EDGE_CURVE('',#584,#585,#382,.T.);
#716=EDGE_CURVE('',#585,#585,#79,.T.);
#717=EDGE_CURVE('',#586,#586,#80,.T.);
#718=EDGE_CURVE('',#586,#587,#383,.T.);
#719=EDGE_CURVE('',#587,#587,#81,.T.);
#720=EDGE_CURVE('',#588,#588,#82,.T.);
#721=EDGE_CURVE('',#588,#589,#384,.T.);
#722=EDGE_CURVE('',#590,#589,#17,.T.);
#723=EDGE_CURVE('',#591,#590,#18,.T.);
#724=EDGE_CURVE('',#589,#591,#19,.T.);
#725=EDGE_CURVE('',#592,#592,#83,.T.);
#726=EDGE_CURVE('',#592,#593,#385,.T.);
#727=EDGE_CURVE('',#594,#593,#20,.T.);
#728=EDGE_CURVE('',#595,#594,#21,.T.);
#729=EDGE_CURVE('',#593,#595,#22,.T.);
#730=EDGE_CURVE('',#596,#596,#84,.T.);
#731=EDGE_CURVE('',#596,#597,#386,.T.);
#732=EDGE_CURVE('',#598,#597,#23,.T.);
#733=EDGE_CURVE('',#599,#598,#24,.T.);
#734=EDGE_CURVE('',#597,#599,#25,.T.);
#735=EDGE_CURVE('',#600,#600,#85,.T.);
#736=EDGE_CURVE('',#600,#601,#387,.T.);
#737=EDGE_CURVE('',#602,#601,#26,.T.);
#738=EDGE_CURVE('',#603,#602,#27,.T.);
#739=EDGE_CURVE('',#601,#603,#28,.T.);
#740=EDGE_CURVE('',#604,#604,#86,.T.);
#741=EDGE_CURVE('',#604,#605,#388,.T.);
#742=EDGE_CURVE('',#594,#604,#389,.T.);
#743=EDGE_CURVE('',#606,#606,#87,.T.);
#744=EDGE_CURVE('',#606,#607,#390,.T.);
#745=EDGE_CURVE('',#590,#606,#391,.T.);
#746=EDGE_CURVE('',#608,#608,#88,.T.);
#747=EDGE_CURVE('',#608,#609,#392,.T.);
#748=EDGE_CURVE('',#599,#608,#393,.T.);
#749=EDGE_CURVE('',#610,#610,#89,.T.);
#750=EDGE_CURVE('',#610,#611,#394,.T.);
#751=EDGE_CURVE('',#603,#610,#395,.T.);
#752=EDGE_CURVE('',#612,#613,#90,.T.);
#753=EDGE_CURVE('',#613,#614,#396,.T.);
#754=EDGE_CURVE('',#614,#615,#91,.T.);
#755=EDGE_CURVE('',#615,#612,#397,.T.);
#756=EDGE_CURVE('',#615,#616,#398,.T.);
#757=EDGE_CURVE('',#617,#616,#399,.T.);
#758=EDGE_CURVE('',#612,#617,#400,.T.);
#759=EDGE_CURVE('',#618,#614,#401,.T.);
#760=EDGE_CURVE('',#619,#618,#92,.T.);
#761=EDGE_CURVE('',#620,#619,#402,.T.);
#762=EDGE_CURVE('',#621,#620,#93,.T.);
#763=EDGE_CURVE('',#622,#621,#403,.T.);
#764=EDGE_CURVE('',#616,#622,#94,.T.);
#765=EDGE_CURVE('',#623,#624,#95,.T.);
#766=EDGE_CURVE('',#624,#619,#404,.T.);
#767=EDGE_CURVE('',#618,#623,#405,.T.);
#768=EDGE_CURVE('',#625,#624,#406,.T.);
#769=EDGE_CURVE('',#620,#625,#407,.T.);
#770=EDGE_CURVE('',#625,#626,#96,.T.);
#771=EDGE_CURVE('',#626,#621,#408,.T.);
#772=EDGE_CURVE('',#627,#617,#97,.T.);
#773=EDGE_CURVE('',#622,#627,#409,.T.);
#774=EDGE_CURVE('',#572,#628,#410,.T.);
#775=EDGE_CURVE('',#628,#629,#98,.T.);
#776=EDGE_CURVE('',#629,#573,#411,.T.);
#777=EDGE_CURVE('',#630,#629,#412,.T.);
#778=EDGE_CURVE('',#574,#630,#413,.T.);
#779=EDGE_CURVE('',#578,#631,#414,.T.);
#780=EDGE_CURVE('',#631,#632,#99,.T.);
#781=EDGE_CURVE('',#632,#579,#415,.T.);
#782=EDGE_CURVE('',#633,#577,#416,.T.);
#783=EDGE_CURVE('',#631,#633,#417,.T.);
#784=EDGE_CURVE('',#576,#634,#418,.T.);
#785=EDGE_CURVE('',#634,#633,#100,.T.);
#786=EDGE_CURVE('',#635,#575,#419,.T.);
#787=EDGE_CURVE('',#634,#635,#420,.T.);
#788=EDGE_CURVE('',#630,#635,#101,.T.);
#789=EDGE_CURVE('',#636,#636,#102,.T.);
#790=EDGE_CURVE('',#636,#637,#421,.T.);
#791=EDGE_CURVE('',#637,#637,#103,.T.);
#792=EDGE_CURVE('',#638,#638,#104,.T.);
#793=EDGE_CURVE('',#638,#583,#422,.T.);
#794=EDGE_CURVE('',#639,#639,#105,.T.);
#795=EDGE_CURVE('',#639,#640,#423,.T.);
#796=EDGE_CURVE('',#640,#640,#106,.T.);
#797=EDGE_CURVE('',#641,#641,#107,.T.);
#798=EDGE_CURVE('',#641,#580,#424,.T.);
#799=EDGE_CURVE('',#642,#642,#108,.T.);
#800=EDGE_CURVE('',#642,#643,#425,.T.);
#801=EDGE_CURVE('',#643,#643,#109,.T.);
#802=EDGE_CURVE('',#644,#644,#110,.T.);
#803=EDGE_CURVE('',#644,#582,#426,.T.);
#804=EDGE_CURVE('',#645,#645,#111,.T.);
#805=EDGE_CURVE('',#645,#646,#427,.T.);
#806=EDGE_CURVE('',#646,#646,#112,.T.);
#807=EDGE_CURVE('',#647,#647,#113,.T.);
#808=EDGE_CURVE('',#647,#581,#428,.T.);
#809=EDGE_CURVE('',#628,#632,#429,.T.);
#810=EDGE_CURVE('',#623,#613,#430,.T.);
#811=EDGE_CURVE('',#627,#626,#431,.T.);
#812=EDGE_CURVE('',#648,#648,#114,.T.);
#813=EDGE_CURVE('',#648,#649,#432,.T.);
#814=EDGE_CURVE('',#649,#649,#115,.T.);
#815=EDGE_CURVE('',#650,#650,#116,.T.);
#816=EDGE_CURVE('',#650,#651,#433,.T.);
#817=EDGE_CURVE('',#651,#651,#117,.T.);
#818=EDGE_CURVE('',#652,#652,#118,.T.);
#819=EDGE_CURVE('',#652,#653,#434,.T.);
#820=EDGE_CURVE('',#653,#653,#119,.T.);
#821=EDGE_CURVE('',#654,#654,#120,.T.);
#822=EDGE_CURVE('',#654,#655,#435,.T.);
#823=EDGE_CURVE('',#655,#655,#121,.T.);
#824=EDGE_CURVE('',#656,#656,#122,.T.);
#825=EDGE_CURVE('',#656,#657,#436,.T.);
#826=EDGE_CURVE('',#657,#657,#123,.T.);
#827=EDGE_CURVE('',#658,#658,#124,.T.);
#828=EDGE_CURVE('',#658,#659,#437,.T.);
#829=EDGE_CURVE('',#659,#659,#125,.T.);
#830=EDGE_CURVE('',#660,#660,#126,.T.);
#831=EDGE_CURVE('',#660,#661,#438,.T.);
#832=EDGE_CURVE('',#661,#661,#127,.T.);
#833=EDGE_CURVE('',#662,#663,#128,.T.);
#834=EDGE_CURVE('',#663,#664,#439,.T.);
#835=EDGE_CURVE('',#664,#665,#129,.T.);
#836=EDGE_CURVE('',#665,#662,#440,.T.);
#837=EDGE_CURVE('',#666,#663,#441,.T.);
#838=EDGE_CURVE('',#667,#666,#442,.T.);
#839=EDGE_CURVE('',#664,#667,#443,.T.);
#840=EDGE_CURVE('',#662,#668,#444,.T.);
#841=EDGE_CURVE('',#669,#668,#130,.T.);
#842=EDGE_CURVE('',#669,#670,#445,.T.);
#843=EDGE_CURVE('',#671,#670,#131,.T.);
#844=EDGE_CURVE('',#671,#672,#446,.T.);
#845=EDGE_CURVE('',#666,#672,#132,.T.);
#846=EDGE_CURVE('',#672,#673,#447,.T.);
#847=EDGE_CURVE('',#673,#667,#133,.T.);
#848=EDGE_CURVE('',#674,#671,#448,.T.);
#849=EDGE_CURVE('',#673,#674,#449,.T.);
#850=EDGE_CURVE('',#670,#675,#450,.T.);
#851=EDGE_CURVE('',#675,#674,#134,.T.);
#852=EDGE_CURVE('',#676,#669,#451,.T.);
#853=EDGE_CURVE('',#675,#676,#452,.T.);
#854=EDGE_CURVE('',#668,#677,#453,.T.);
#855=EDGE_CURVE('',#677,#676,#135,.T.);
#856=EDGE_CURVE('',#677,#665,#454,.T.);
#857=ORIENTED_EDGE('',*,*,#678,.F.);
#858=ORIENTED_EDGE('',*,*,#679,.F.);
#859=ORIENTED_EDGE('',*,*,#680,.F.);
#860=ORIENTED_EDGE('',*,*,#681,.F.);
#861=ORIENTED_EDGE('',*,*,#682,.T.);
#862=ORIENTED_EDGE('',*,*,#683,.F.);
#863=ORIENTED_EDGE('',*,*,#678,.T.);
#864=ORIENTED_EDGE('',*,*,#684,.F.);
#865=ORIENTED_EDGE('',*,*,#685,.F.);
#866=ORIENTED_EDGE('',*,*,#686,.T.);
#867=ORIENTED_EDGE('',*,*,#687,.F.);
#868=ORIENTED_EDGE('',*,*,#688,.F.);
#869=ORIENTED_EDGE('',*,*,#689,.F.);
#870=ORIENTED_EDGE('',*,*,#690,.T.);
#871=ORIENTED_EDGE('',*,*,#691,.F.);
#872=ORIENTED_EDGE('',*,*,#686,.F.);
#873=ORIENTED_EDGE('',*,*,#692,.T.);
#874=ORIENTED_EDGE('',*,*,#693,.F.);
#875=ORIENTED_EDGE('',*,*,#682,.F.);
#876=ORIENTED_EDGE('',*,*,#694,.F.);
#877=ORIENTED_EDGE('',*,*,#680,.T.);
#878=ORIENTED_EDGE('',*,*,#695,.F.);
#879=ORIENTED_EDGE('',*,*,#692,.F.);
#880=ORIENTED_EDGE('',*,*,#696,.F.);
#881=ORIENTED_EDGE('',*,*,#697,.F.);
#882=ORIENTED_EDGE('',*,*,#688,.T.);
#883=ORIENTED_EDGE('',*,*,#698,.F.);
#884=ORIENTED_EDGE('',*,*,#699,.F.);
#885=ORIENTED_EDGE('',*,*,#700,.F.);
#886=ORIENTED_EDGE('',*,*,#699,.T.);
#887=ORIENTED_EDGE('',*,*,#701,.F.);
#888=ORIENTED_EDGE('',*,*,#690,.F.);
#889=ORIENTED_EDGE('',*,*,#701,.T.);
#890=ORIENTED_EDGE('',*,*,#698,.T.);
#891=ORIENTED_EDGE('',*,*,#687,.T.);
#892=ORIENTED_EDGE('',*,*,#691,.T.);
#893=ORIENTED_EDGE('',*,*,#683,.T.);
#894=ORIENTED_EDGE('',*,*,#693,.T.);
#895=ORIENTED_EDGE('',*,*,#695,.T.);
#896=ORIENTED_EDGE('',*,*,#679,.T.);
#897=ORIENTED_EDGE('',*,*,#702,.T.);
#898=ORIENTED_EDGE('',*,*,#703,.F.);
#899=ORIENTED_EDGE('',*,*,#704,.T.);
#900=ORIENTED_EDGE('',*,*,#705,.F.);
#901=ORIENTED_EDGE('',*,*,#706,.T.);
#902=ORIENTED_EDGE('',*,*,#707,.F.);
#903=ORIENTED_EDGE('',*,*,#708,.T.);
#904=ORIENTED_EDGE('',*,*,#709,.F.);
#905=ORIENTED_EDGE('',*,*,#710,.T.);
#906=ORIENTED_EDGE('',*,*,#711,.T.);
#907=ORIENTED_EDGE('',*,*,#712,.T.);
#908=ORIENTED_EDGE('',*,*,#713,.T.);
#909=ORIENTED_EDGE('',*,*,#689,.T.);
#910=ORIENTED_EDGE('',*,*,#685,.T.);
#911=ORIENTED_EDGE('',*,*,#697,.T.);
#912=ORIENTED_EDGE('',*,*,#700,.T.);
#913=ORIENTED_EDGE('',*,*,#714,.F.);
#914=ORIENTED_EDGE('',*,*,#715,.T.);
#915=ORIENTED_EDGE('',*,*,#716,.F.);
#916=ORIENTED_EDGE('',*,*,#715,.F.);
#917=ORIENTED_EDGE('',*,*,#717,.F.);
#918=ORIENTED_EDGE('',*,*,#718,.T.);
#919=ORIENTED_EDGE('',*,*,#719,.F.);
#920=ORIENTED_EDGE('',*,*,#718,.F.);
#921=ORIENTED_EDGE('',*,*,#720,.F.);
#922=ORIENTED_EDGE('',*,*,#721,.T.);
#923=ORIENTED_EDGE('',*,*,#722,.F.);
#924=ORIENTED_EDGE('',*,*,#723,.F.);
#925=ORIENTED_EDGE('',*,*,#724,.F.);
#926=ORIENTED_EDGE('',*,*,#721,.F.);
#927=ORIENTED_EDGE('',*,*,#725,.F.);
#928=ORIENTED_EDGE('',*,*,#726,.T.);
#929=ORIENTED_EDGE('',*,*,#727,.F.);
#930=ORIENTED_EDGE('',*,*,#728,.F.);
#931=ORIENTED_EDGE('',*,*,#729,.F.);
#932=ORIENTED_EDGE('',*,*,#726,.F.);
#933=ORIENTED_EDGE('',*,*,#730,.F.);
#934=ORIENTED_EDGE('',*,*,#731,.T.);
#935=ORIENTED_EDGE('',*,*,#732,.F.);
#936=ORIENTED_EDGE('',*,*,#733,.F.);
#937=ORIENTED_EDGE('',*,*,#734,.F.);
#938=ORIENTED_EDGE('',*,*,#731,.F.);
#939=ORIENTED_EDGE('',*,*,#735,.F.);
#940=ORIENTED_EDGE('',*,*,#736,.T.);
#941=ORIENTED_EDGE('',*,*,#737,.F.);
#942=ORIENTED_EDGE('',*,*,#738,.F.);
#943=ORIENTED_EDGE('',*,*,#739,.F.);
#944=ORIENTED_EDGE('',*,*,#736,.F.);
#945=ORIENTED_EDGE('',*,*,#740,.F.);
#946=ORIENTED_EDGE('',*,*,#741,.T.);
#947=ORIENTED_EDGE('',*,*,#741,.F.);
#948=ORIENTED_EDGE('',*,*,#728,.T.);
#949=ORIENTED_EDGE('',*,*,#742,.T.);
#950=ORIENTED_EDGE('',*,*,#740,.T.);
#951=ORIENTED_EDGE('',*,*,#742,.F.);
#952=ORIENTED_EDGE('',*,*,#727,.T.);
#953=ORIENTED_EDGE('',*,*,#729,.T.);
#954=ORIENTED_EDGE('',*,*,#743,.F.);
#955=ORIENTED_EDGE('',*,*,#744,.T.);
#956=ORIENTED_EDGE('',*,*,#744,.F.);
#957=ORIENTED_EDGE('',*,*,#723,.T.);
#958=ORIENTED_EDGE('',*,*,#745,.T.);
#959=ORIENTED_EDGE('',*,*,#743,.T.);
#960=ORIENTED_EDGE('',*,*,#745,.F.);
#961=ORIENTED_EDGE('',*,*,#722,.T.);
#962=ORIENTED_EDGE('',*,*,#724,.T.);
#963=ORIENTED_EDGE('',*,*,#746,.F.);
#964=ORIENTED_EDGE('',*,*,#747,.T.);
#965=ORIENTED_EDGE('',*,*,#747,.F.);
#966=ORIENTED_EDGE('',*,*,#732,.T.);
#967=ORIENTED_EDGE('',*,*,#734,.T.);
#968=ORIENTED_EDGE('',*,*,#748,.T.);
#969=ORIENTED_EDGE('',*,*,#746,.T.);
#970=ORIENTED_EDGE('',*,*,#748,.F.);
#971=ORIENTED_EDGE('',*,*,#733,.T.);
#972=ORIENTED_EDGE('',*,*,#749,.F.);
#973=ORIENTED_EDGE('',*,*,#750,.T.);
#974=ORIENTED_EDGE('',*,*,#750,.F.);
#975=ORIENTED_EDGE('',*,*,#737,.T.);
#976=ORIENTED_EDGE('',*,*,#739,.T.);
#977=ORIENTED_EDGE('',*,*,#751,.T.);
#978=ORIENTED_EDGE('',*,*,#749,.T.);
#979=ORIENTED_EDGE('',*,*,#751,.F.);
#980=ORIENTED_EDGE('',*,*,#738,.T.);
#981=ORIENTED_EDGE('',*,*,#752,.T.);
#982=ORIENTED_EDGE('',*,*,#753,.T.);
#983=ORIENTED_EDGE('',*,*,#754,.T.);
#984=ORIENTED_EDGE('',*,*,#755,.T.);
#985=ORIENTED_EDGE('',*,*,#755,.F.);
#986=ORIENTED_EDGE('',*,*,#756,.T.);
#987=ORIENTED_EDGE('',*,*,#757,.F.);
#988=ORIENTED_EDGE('',*,*,#758,.F.);
#989=ORIENTED_EDGE('',*,*,#714,.T.);
#990=ORIENTED_EDGE('',*,*,#754,.F.);
#991=ORIENTED_EDGE('',*,*,#759,.F.);
#992=ORIENTED_EDGE('',*,*,#760,.F.);
#993=ORIENTED_EDGE('',*,*,#761,.F.);
#994=ORIENTED_EDGE('',*,*,#762,.F.);
#995=ORIENTED_EDGE('',*,*,#763,.F.);
#996=ORIENTED_EDGE('',*,*,#764,.F.);
#997=ORIENTED_EDGE('',*,*,#756,.F.);
#998=ORIENTED_EDGE('',*,*,#681,.T.);
#999=ORIENTED_EDGE('',*,*,#696,.T.);
#1000=ORIENTED_EDGE('',*,*,#694,.T.);
#1001=ORIENTED_EDGE('',*,*,#684,.T.);
#1002=ORIENTED_EDGE('',*,*,#765,.T.);
#1003=ORIENTED_EDGE('',*,*,#766,.T.);
#1004=ORIENTED_EDGE('',*,*,#760,.T.);
#1005=ORIENTED_EDGE('',*,*,#767,.T.);
#1006=ORIENTED_EDGE('',*,*,#766,.F.);
#1007=ORIENTED_EDGE('',*,*,#768,.F.);
#1008=ORIENTED_EDGE('',*,*,#769,.F.);
#1009=ORIENTED_EDGE('',*,*,#761,.T.);
#1010=ORIENTED_EDGE('',*,*,#717,.T.);
#1011=ORIENTED_EDGE('',*,*,#770,.T.);
#1012=ORIENTED_EDGE('',*,*,#771,.T.);
#1013=ORIENTED_EDGE('',*,*,#762,.T.);
#1014=ORIENTED_EDGE('',*,*,#769,.T.);
#1015=ORIENTED_EDGE('',*,*,#772,.T.);
#1016=ORIENTED_EDGE('',*,*,#757,.T.);
#1017=ORIENTED_EDGE('',*,*,#764,.T.);
#1018=ORIENTED_EDGE('',*,*,#773,.T.);
#1019=ORIENTED_EDGE('',*,*,#702,.F.);
#1020=ORIENTED_EDGE('',*,*,#774,.T.);
#1021=ORIENTED_EDGE('',*,*,#775,.T.);
#1022=ORIENTED_EDGE('',*,*,#776,.T.);
#1023=ORIENTED_EDGE('',*,*,#776,.F.);
#1024=ORIENTED_EDGE('',*,*,#777,.F.);
#1025=ORIENTED_EDGE('',*,*,#778,.F.);
#1026=ORIENTED_EDGE('',*,*,#703,.T.);
#1027=ORIENTED_EDGE('',*,*,#708,.F.);
#1028=ORIENTED_EDGE('',*,*,#779,.T.);
#1029=ORIENTED_EDGE('',*,*,#780,.T.);
#1030=ORIENTED_EDGE('',*,*,#781,.T.);
#1031=ORIENTED_EDGE('',*,*,#779,.F.);
#1032=ORIENTED_EDGE('',*,*,#707,.T.);
#1033=ORIENTED_EDGE('',*,*,#782,.F.);
#1034=ORIENTED_EDGE('',*,*,#783,.F.);
#1035=ORIENTED_EDGE('',*,*,#706,.F.);
#1036=ORIENTED_EDGE('',*,*,#784,.T.);
#1037=ORIENTED_EDGE('',*,*,#785,.T.);
#1038=ORIENTED_EDGE('',*,*,#782,.T.);
#1039=ORIENTED_EDGE('',*,*,#784,.F.);
#1040=ORIENTED_EDGE('',*,*,#705,.T.);
#1041=ORIENTED_EDGE('',*,*,#786,.F.);
#1042=ORIENTED_EDGE('',*,*,#787,.F.);
#1043=ORIENTED_EDGE('',*,*,#716,.T.);
#1044=ORIENTED_EDGE('',*,*,#704,.F.);
#1045=ORIENTED_EDGE('',*,*,#778,.T.);
#1046=ORIENTED_EDGE('',*,*,#788,.T.);
#1047=ORIENTED_EDGE('',*,*,#786,.T.);
#1048=ORIENTED_EDGE('',*,*,#789,.F.);
#1049=ORIENTED_EDGE('',*,*,#790,.T.);
#1050=ORIENTED_EDGE('',*,*,#791,.F.);
#1051=ORIENTED_EDGE('',*,*,#790,.F.);
#1052=ORIENTED_EDGE('',*,*,#789,.T.);
#1053=ORIENTED_EDGE('',*,*,#792,.F.);
#1054=ORIENTED_EDGE('',*,*,#793,.T.);
#1055=ORIENTED_EDGE('',*,*,#713,.F.);
#1056=ORIENTED_EDGE('',*,*,#793,.F.);
#1057=ORIENTED_EDGE('',*,*,#792,.T.);
#1058=ORIENTED_EDGE('',*,*,#791,.T.);
#1059=ORIENTED_EDGE('',*,*,#794,.F.);
#1060=ORIENTED_EDGE('',*,*,#795,.T.);
#1061=ORIENTED_EDGE('',*,*,#796,.F.);
#1062=ORIENTED_EDGE('',*,*,#795,.F.);
#1063=ORIENTED_EDGE('',*,*,#794,.T.);
#1064=ORIENTED_EDGE('',*,*,#797,.F.);
#1065=ORIENTED_EDGE('',*,*,#798,.T.);
#1066=ORIENTED_EDGE('',*,*,#710,.F.);
#1067=ORIENTED_EDGE('',*,*,#798,.F.);
#1068=ORIENTED_EDGE('',*,*,#797,.T.);
#1069=ORIENTED_EDGE('',*,*,#796,.T.);
#1070=ORIENTED_EDGE('',*,*,#799,.F.);
#1071=ORIENTED_EDGE('',*,*,#800,.T.);
#1072=ORIENTED_EDGE('',*,*,#801,.F.);
#1073=ORIENTED_EDGE('',*,*,#800,.F.);
#1074=ORIENTED_EDGE('',*,*,#799,.T.);
#1075=ORIENTED_EDGE('',*,*,#802,.F.);
#1076=ORIENTED_EDGE('',*,*,#803,.T.);
#1077=ORIENTED_EDGE('',*,*,#712,.F.);
#1078=ORIENTED_EDGE('',*,*,#803,.F.);
#1079=ORIENTED_EDGE('',*,*,#802,.T.);
#1080=ORIENTED_EDGE('',*,*,#801,.T.);
#1081=ORIENTED_EDGE('',*,*,#804,.F.);
#1082=ORIENTED_EDGE('',*,*,#805,.T.);
#1083=ORIENTED_EDGE('',*,*,#806,.F.);
#1084=ORIENTED_EDGE('',*,*,#805,.F.);
#1085=ORIENTED_EDGE('',*,*,#804,.T.);
#1086=ORIENTED_EDGE('',*,*,#807,.F.);
#1087=ORIENTED_EDGE('',*,*,#808,.T.);
#1088=ORIENTED_EDGE('',*,*,#711,.F.);
#1089=ORIENTED_EDGE('',*,*,#808,.F.);
#1090=ORIENTED_EDGE('',*,*,#807,.T.);
#1091=ORIENTED_EDGE('',*,*,#806,.T.);
#1092=ORIENTED_EDGE('',*,*,#774,.F.);
#1093=ORIENTED_EDGE('',*,*,#709,.T.);
#1094=ORIENTED_EDGE('',*,*,#781,.F.);
#1095=ORIENTED_EDGE('',*,*,#809,.F.);
#1096=ORIENTED_EDGE('',*,*,#719,.T.);
#1097=ORIENTED_EDGE('',*,*,#753,.F.);
#1098=ORIENTED_EDGE('',*,*,#810,.F.);
#1099=ORIENTED_EDGE('',*,*,#767,.F.);
#1100=ORIENTED_EDGE('',*,*,#759,.T.);
#1101=ORIENTED_EDGE('',*,*,#771,.F.);
#1102=ORIENTED_EDGE('',*,*,#811,.F.);
#1103=ORIENTED_EDGE('',*,*,#773,.F.);
#1104=ORIENTED_EDGE('',*,*,#763,.T.);
#1105=ORIENTED_EDGE('',*,*,#752,.F.);
#1106=ORIENTED_EDGE('',*,*,#758,.T.);
#1107=ORIENTED_EDGE('',*,*,#772,.F.);
#1108=ORIENTED_EDGE('',*,*,#811,.T.);
#1109=ORIENTED_EDGE('',*,*,#770,.F.);
#1110=ORIENTED_EDGE('',*,*,#768,.T.);
#1111=ORIENTED_EDGE('',*,*,#765,.F.);
#1112=ORIENTED_EDGE('',*,*,#810,.T.);
#1113=ORIENTED_EDGE('',*,*,#720,.T.);
#1114=ORIENTED_EDGE('',*,*,#725,.T.);
#1115=ORIENTED_EDGE('',*,*,#730,.T.);
#1116=ORIENTED_EDGE('',*,*,#735,.T.);
#1117=ORIENTED_EDGE('',*,*,#777,.T.);
#1118=ORIENTED_EDGE('',*,*,#775,.F.);
#1119=ORIENTED_EDGE('',*,*,#809,.T.);
#1120=ORIENTED_EDGE('',*,*,#780,.F.);
#1121=ORIENTED_EDGE('',*,*,#783,.T.);
#1122=ORIENTED_EDGE('',*,*,#785,.F.);
#1123=ORIENTED_EDGE('',*,*,#787,.T.);
#1124=ORIENTED_EDGE('',*,*,#788,.F.);
#1125=ORIENTED_EDGE('',*,*,#812,.F.);
#1126=ORIENTED_EDGE('',*,*,#813,.T.);
#1127=ORIENTED_EDGE('',*,*,#814,.F.);
#1128=ORIENTED_EDGE('',*,*,#813,.F.);
#1129=ORIENTED_EDGE('',*,*,#815,.F.);
#1130=ORIENTED_EDGE('',*,*,#816,.T.);
#1131=ORIENTED_EDGE('',*,*,#817,.F.);
#1132=ORIENTED_EDGE('',*,*,#816,.F.);
#1133=ORIENTED_EDGE('',*,*,#818,.F.);
#1134=ORIENTED_EDGE('',*,*,#819,.T.);
#1135=ORIENTED_EDGE('',*,*,#820,.F.);
#1136=ORIENTED_EDGE('',*,*,#819,.F.);
#1137=ORIENTED_EDGE('',*,*,#821,.F.);
#1138=ORIENTED_EDGE('',*,*,#822,.T.);
#1139=ORIENTED_EDGE('',*,*,#823,.F.);
#1140=ORIENTED_EDGE('',*,*,#822,.F.);
#1141=ORIENTED_EDGE('',*,*,#824,.F.);
#1142=ORIENTED_EDGE('',*,*,#825,.T.);
#1143=ORIENTED_EDGE('',*,*,#826,.F.);
#1144=ORIENTED_EDGE('',*,*,#825,.F.);
#1145=ORIENTED_EDGE('',*,*,#827,.F.);
#1146=ORIENTED_EDGE('',*,*,#828,.T.);
#1147=ORIENTED_EDGE('',*,*,#829,.F.);
#1148=ORIENTED_EDGE('',*,*,#828,.F.);
#1149=ORIENTED_EDGE('',*,*,#830,.F.);
#1150=ORIENTED_EDGE('',*,*,#831,.T.);
#1151=ORIENTED_EDGE('',*,*,#832,.F.);
#1152=ORIENTED_EDGE('',*,*,#831,.F.);
#1153=ORIENTED_EDGE('',*,*,#833,.T.);
#1154=ORIENTED_EDGE('',*,*,#834,.T.);
#1155=ORIENTED_EDGE('',*,*,#835,.T.);
#1156=ORIENTED_EDGE('',*,*,#836,.T.);
#1157=ORIENTED_EDGE('',*,*,#834,.F.);
#1158=ORIENTED_EDGE('',*,*,#837,.F.);
#1159=ORIENTED_EDGE('',*,*,#838,.F.);
#1160=ORIENTED_EDGE('',*,*,#839,.F.);
#1161=ORIENTED_EDGE('',*,*,#833,.F.);
#1162=ORIENTED_EDGE('',*,*,#840,.T.);
#1163=ORIENTED_EDGE('',*,*,#841,.F.);
#1164=ORIENTED_EDGE('',*,*,#842,.T.);
#1165=ORIENTED_EDGE('',*,*,#843,.F.);
#1166=ORIENTED_EDGE('',*,*,#844,.T.);
#1167=ORIENTED_EDGE('',*,*,#845,.F.);
#1168=ORIENTED_EDGE('',*,*,#837,.T.);
#1169=ORIENTED_EDGE('',*,*,#812,.T.);
#1170=ORIENTED_EDGE('',*,*,#815,.T.);
#1171=ORIENTED_EDGE('',*,*,#818,.T.);
#1172=ORIENTED_EDGE('',*,*,#821,.T.);
#1173=ORIENTED_EDGE('',*,*,#824,.T.);
#1174=ORIENTED_EDGE('',*,*,#827,.T.);
#1175=ORIENTED_EDGE('',*,*,#830,.T.);
#1176=ORIENTED_EDGE('',*,*,#845,.T.);
#1177=ORIENTED_EDGE('',*,*,#846,.T.);
#1178=ORIENTED_EDGE('',*,*,#847,.T.);
#1179=ORIENTED_EDGE('',*,*,#838,.T.);
#1180=ORIENTED_EDGE('',*,*,#846,.F.);
#1181=ORIENTED_EDGE('',*,*,#844,.F.);
#1182=ORIENTED_EDGE('',*,*,#848,.F.);
#1183=ORIENTED_EDGE('',*,*,#849,.F.);
#1184=ORIENTED_EDGE('',*,*,#843,.T.);
#1185=ORIENTED_EDGE('',*,*,#850,.T.);
#1186=ORIENTED_EDGE('',*,*,#851,.T.);
#1187=ORIENTED_EDGE('',*,*,#848,.T.);
#1188=ORIENTED_EDGE('',*,*,#850,.F.);
#1189=ORIENTED_EDGE('',*,*,#842,.F.);
#1190=ORIENTED_EDGE('',*,*,#852,.F.);
#1191=ORIENTED_EDGE('',*,*,#853,.F.);
#1192=ORIENTED_EDGE('',*,*,#841,.T.);
#1193=ORIENTED_EDGE('',*,*,#854,.T.);
#1194=ORIENTED_EDGE('',*,*,#855,.T.);
#1195=ORIENTED_EDGE('',*,*,#852,.T.);
#1196=ORIENTED_EDGE('',*,*,#836,.F.);
#1197=ORIENTED_EDGE('',*,*,#856,.F.);
#1198=ORIENTED_EDGE('',*,*,#854,.F.);
#1199=ORIENTED_EDGE('',*,*,#840,.F.);
#1200=ORIENTED_EDGE('',*,*,#835,.F.);
#1201=ORIENTED_EDGE('',*,*,#839,.T.);
#1202=ORIENTED_EDGE('',*,*,#847,.F.);
#1203=ORIENTED_EDGE('',*,*,#849,.T.);
#1204=ORIENTED_EDGE('',*,*,#851,.F.);
#1205=ORIENTED_EDGE('',*,*,#853,.T.);
#1206=ORIENTED_EDGE('',*,*,#855,.F.);
#1207=ORIENTED_EDGE('',*,*,#856,.T.);
#1208=ORIENTED_EDGE('',*,*,#814,.T.);
#1209=ORIENTED_EDGE('',*,*,#817,.T.);
#1210=ORIENTED_EDGE('',*,*,#820,.T.);
#1211=ORIENTED_EDGE('',*,*,#823,.T.);
#1212=ORIENTED_EDGE('',*,*,#826,.T.);
#1213=ORIENTED_EDGE('',*,*,#829,.T.);
#1214=ORIENTED_EDGE('',*,*,#832,.T.);
#1215=PLANE('',#1339);
#1216=PLANE('',#1340);
#1217=PLANE('',#1341);
#1218=PLANE('',#1342);
#1219=PLANE('',#1343);
#1220=PLANE('',#1344);
#1221=PLANE('',#1345);
#1222=PLANE('',#1346);
#1223=PLANE('',#1347);
#1224=PLANE('',#1348);
#1225=PLANE('',#1386);
#1226=PLANE('',#1387);
#1227=PLANE('',#1393);
#1228=PLANE('',#1400);
#1229=PLANE('',#1403);
#1230=PLANE('',#1406);
#1231=PLANE('',#1412);
#1232=PLANE('',#1415);
#1233=PLANE('',#1419);
#1234=PLANE('',#1422);
#1235=PLANE('',#1426);
#1236=PLANE('',#1429);
#1237=PLANE('',#1433);
#1238=PLANE('',#1436);
#1239=PLANE('',#1437);
#1240=PLANE('',#1438);
#1241=PLANE('',#1439);
#1242=PLANE('',#1440);
#1243=PLANE('',#1465);
#1244=PLANE('',#1466);
#1245=PLANE('',#1472);
#1246=PLANE('',#1475);
#1247=PLANE('',#1478);
#1248=PLANE('',#1479);
#1249=ADVANCED_FACE('',(#170),#1215,.F.);
#1250=ADVANCED_FACE('',(#171),#1216,.F.);
#1251=ADVANCED_FACE('',(#172),#1217,.T.);
#1252=ADVANCED_FACE('',(#173),#1218,.T.);
#1253=ADVANCED_FACE('',(#174),#1219,.F.);
#1254=ADVANCED_FACE('',(#175),#1220,.F.);
#1255=ADVANCED_FACE('',(#176),#1221,.T.);
#1256=ADVANCED_FACE('',(#177),#1222,.T.);
#1257=ADVANCED_FACE('',(#178,#136),#1223,.T.);
#1258=ADVANCED_FACE('',(#179,#137,#138,#139,#140,#141),#1224,.T.);
#1259=ADVANCED_FACE('',(#180),#37,.F.);
#1260=ADVANCED_FACE('',(#181),#38,.F.);
#1261=ADVANCED_FACE('',(#182),#29,.F.);
#1262=ADVANCED_FACE('',(#183),#30,.F.);
#1263=ADVANCED_FACE('',(#184),#31,.F.);
#1264=ADVANCED_FACE('',(#185),#32,.F.);
#1265=ADVANCED_FACE('',(#186),#33,.F.);
#1266=ADVANCED_FACE('',(#187),#39,.F.);
#1267=ADVANCED_FACE('',(#188),#34,.F.);
#1268=ADVANCED_FACE('',(#189),#40,.F.);
#1269=ADVANCED_FACE('',(#190),#35,.F.);
#1270=ADVANCED_FACE('',(#191),#41,.F.);
#1271=ADVANCED_FACE('',(#192),#36,.F.);
#1272=ADVANCED_FACE('',(#193),#42,.F.);
#1273=ADVANCED_FACE('',(#194),#43,.T.);
#1274=ADVANCED_FACE('',(#195,#142),#1225,.T.);
#1275=ADVANCED_FACE('',(#196,#143),#1226,.F.);
#1276=ADVANCED_FACE('',(#197),#44,.T.);
#1277=ADVANCED_FACE('',(#198,#144),#1227,.T.);
#1278=ADVANCED_FACE('',(#199),#45,.T.);
#1279=ADVANCED_FACE('',(#200),#46,.T.);
#1280=ADVANCED_FACE('',(#201),#47,.F.);
#1281=ADVANCED_FACE('',(#202),#1228,.T.);
#1282=ADVANCED_FACE('',(#203),#48,.F.);
#1283=ADVANCED_FACE('',(#204),#1229,.T.);
#1284=ADVANCED_FACE('',(#205),#49,.F.);
#1285=ADVANCED_FACE('',(#206,#145),#1230,.T.);
#1286=ADVANCED_FACE('',(#207),#50,.F.);
#1287=ADVANCED_FACE('',(#208),#51,.T.);
#1288=ADVANCED_FACE('',(#209),#1231,.T.);
#1289=ADVANCED_FACE('',(#210),#52,.T.);
#1290=ADVANCED_FACE('',(#211,#146),#1232,.T.);
#1291=ADVANCED_FACE('',(#212),#53,.T.);
#1292=ADVANCED_FACE('',(#213),#1233,.T.);
#1293=ADVANCED_FACE('',(#214),#54,.T.);
#1294=ADVANCED_FACE('',(#215,#147),#1234,.T.);
#1295=ADVANCED_FACE('',(#216),#55,.T.);
#1296=ADVANCED_FACE('',(#217),#1235,.T.);
#1297=ADVANCED_FACE('',(#218),#56,.T.);
#1298=ADVANCED_FACE('',(#219,#148),#1236,.T.);
#1299=ADVANCED_FACE('',(#220),#57,.T.);
#1300=ADVANCED_FACE('',(#221),#1237,.T.);
#1301=ADVANCED_FACE('',(#222),#58,.T.);
#1302=ADVANCED_FACE('',(#223,#149),#1238,.T.);
#1303=ADVANCED_FACE('',(#224,#150),#1239,.T.);
#1304=ADVANCED_FACE('',(#225),#1240,.T.);
#1305=ADVANCED_FACE('',(#226),#1241,.T.);
#1306=ADVANCED_FACE('',(#227,#151,#152,#153,#154,#155),#1242,.T.);
#1307=ADVANCED_FACE('',(#228),#59,.F.);
#1308=ADVANCED_FACE('',(#229),#60,.F.);
#1309=ADVANCED_FACE('',(#230),#61,.F.);
#1310=ADVANCED_FACE('',(#231),#62,.F.);
#1311=ADVANCED_FACE('',(#232),#63,.F.);
#1312=ADVANCED_FACE('',(#233),#64,.F.);
#1313=ADVANCED_FACE('',(#234),#65,.F.);
#1314=ADVANCED_FACE('',(#235),#66,.T.);
#1315=ADVANCED_FACE('',(#236),#1243,.T.);
#1316=ADVANCED_FACE('',(#237,#156,#157,#158,#159,#160,#161,#162),#1244,
 .T.);
#1317=ADVANCED_FACE('',(#238),#67,.T.);
#1318=ADVANCED_FACE('',(#239),#1245,.T.);
#1319=ADVANCED_FACE('',(#240),#68,.T.);
#1320=ADVANCED_FACE('',(#241),#1246,.T.);
#1321=ADVANCED_FACE('',(#242),#69,.T.);
#1322=ADVANCED_FACE('',(#243),#1247,.T.);
#1323=ADVANCED_FACE('',(#244,#163,#164,#165,#166,#167,#168,#169),#1248,
 .F.);
#1324=CLOSED_SHELL('',(#1249,#1250,#1251,#1252,#1253,#1254,#1255,#1256,
#1257,#1258,#1259,#1260,#1261,#1262,#1263,#1264,#1265,#1266,#1267,#1268,
#1269,#1270,#1271,#1272,#1273,#1274,#1275,#1276,#1277,#1278,#1279,#1280,
#1281,#1282,#1283,#1284,#1285,#1286,#1287,#1288,#1289,#1290,#1291,#1292,
#1293,#1294,#1295,#1296,#1297,#1298,#1299,#1300,#1301,#1302,#1303,#1304,
#1305,#1306));
#1325=CLOSED_SHELL('',(#1307,#1308,#1309,#1310,#1311,#1312,#1313,#1314,
#1315,#1316,#1317,#1318,#1319,#1320,#1321,#1322,#1323));
#1326=DERIVED_UNIT_ELEMENT(#1328,1.);
#1327=DERIVED_UNIT_ELEMENT(#2395,-3.);
#1328=(
MASS_UNIT()
NAMED_UNIT(*)
SI_UNIT(.KILO.,.GRAM.)
);
#1329=DERIVED_UNIT((#1326,#1327));
#1330=MEASURE_REPRESENTATION_ITEM('density measure',
POSITIVE_RATIO_MEASURE(7850.),#1329);
#1331=PROPERTY_DEFINITION_REPRESENTATION(#1336,#1333);
#1332=PROPERTY_DEFINITION_REPRESENTATION(#1337,#1334);
#1333=REPRESENTATION('material name',(#1335),#2392);
#1334=REPRESENTATION('density',(#1330),#2392);
#1335=DESCRIPTIVE_REPRESENTATION_ITEM('Steel','Steel');
#1336=PROPERTY_DEFINITION('material property','material name',#2402);
#1337=PROPERTY_DEFINITION('material property','density of part',#2402);
#1338=AXIS2_PLACEMENT_3D('',#1865,#1480,#1481);
#1339=AXIS2_PLACEMENT_3D('',#1866,#1482,#1483);
#1340=AXIS2_PLACEMENT_3D('',#1875,#1488,#1489);
#1341=AXIS2_PLACEMENT_3D('',#1881,#1493,#1494);
#1342=AXIS2_PLACEMENT_3D('',#1890,#1499,#1500);
#1343=AXIS2_PLACEMENT_3D('',#1896,#1504,#1505);
#1344=AXIS2_PLACEMENT_3D('',#1902,#1509,#1510);
#1345=AXIS2_PLACEMENT_3D('',#1905,#1513,#1514);
#1346=AXIS2_PLACEMENT_3D('',#1911,#1518,#1519);
#1347=AXIS2_PLACEMENT_3D('',#1914,#1522,#1523);
#1348=AXIS2_PLACEMENT_3D('',#1915,#1524,#1525);
#1349=AXIS2_PLACEMENT_3D('',#1918,#1526,#1527);
#1350=AXIS2_PLACEMENT_3D('',#1922,#1529,#1530);
#1351=AXIS2_PLACEMENT_3D('',#1926,#1532,#1533);
#1352=AXIS2_PLACEMENT_3D('',#1930,#1535,#1536);
#1353=AXIS2_PLACEMENT_3D('',#1933,#1538,#1539);
#1354=AXIS2_PLACEMENT_3D('',#1935,#1540,#1541);
#1355=AXIS2_PLACEMENT_3D('',#1937,#1542,#1543);
#1356=AXIS2_PLACEMENT_3D('',#1939,#1544,#1545);
#1357=AXIS2_PLACEMENT_3D('',#1940,#1546,#1547);
#1358=AXIS2_PLACEMENT_3D('',#1942,#1548,#1549);
#1359=AXIS2_PLACEMENT_3D('',#1945,#1551,#1552);
#1360=AXIS2_PLACEMENT_3D('',#1946,#1553,#1554);
#1361=AXIS2_PLACEMENT_3D('',#1948,#1555,#1556);
#1362=AXIS2_PLACEMENT_3D('',#1951,#1558,#1559);
#1363=AXIS2_PLACEMENT_3D('',#1952,#1560,#1561);
#1364=AXIS2_PLACEMENT_3D('',#1954,#1562,#1563);
#1365=AXIS2_PLACEMENT_3D('',#1999,#1565,#1566);
#1366=AXIS2_PLACEMENT_3D('',#2001,#1567,#1568);
#1367=AXIS2_PLACEMENT_3D('',#2046,#1570,#1571);
#1368=AXIS2_PLACEMENT_3D('',#2048,#1572,#1573);
#1369=AXIS2_PLACEMENT_3D('',#2093,#1575,#1576);
#1370=AXIS2_PLACEMENT_3D('',#2095,#1577,#1578);
#1371=AXIS2_PLACEMENT_3D('',#2140,#1580,#1581);
#1372=AXIS2_PLACEMENT_3D('',#2142,#1582,#1583);
#1373=AXIS2_PLACEMENT_3D('',#2145,#1585,#1586);
#1374=AXIS2_PLACEMENT_3D('',#2147,#1588,#1589);
#1375=AXIS2_PLACEMENT_3D('',#2149,#1590,#1591);
#1376=AXIS2_PLACEMENT_3D('',#2152,#1593,#1594);
#1377=AXIS2_PLACEMENT_3D('',#2154,#1596,#1597);
#1378=AXIS2_PLACEMENT_3D('',#2156,#1598,#1599);
#1379=AXIS2_PLACEMENT_3D('',#2159,#1601,#1602);
#1380=AXIS2_PLACEMENT_3D('',#2161,#1604,#1605);
#1381=AXIS2_PLACEMENT_3D('',#2163,#1606,#1607);
#1382=AXIS2_PLACEMENT_3D('',#2166,#1609,#1610);
#1383=AXIS2_PLACEMENT_3D('',#2168,#1612,#1613);
#1384=AXIS2_PLACEMENT_3D('',#2171,#1614,#1615);
#1385=AXIS2_PLACEMENT_3D('',#2175,#1617,#1618);
#1386=AXIS2_PLACEMENT_3D('',#2177,#1620,#1621);
#1387=AXIS2_PLACEMENT_3D('',#2183,#1625,#1626);
#1388=AXIS2_PLACEMENT_3D('',#2187,#1628,#1629);
#1389=AXIS2_PLACEMENT_3D('',#2191,#1631,#1632);
#1390=AXIS2_PLACEMENT_3D('',#2194,#1634,#1635);
#1391=AXIS2_PLACEMENT_3D('',#2195,#1636,#1637);
#1392=AXIS2_PLACEMENT_3D('',#2198,#1638,#1639);
#1393=AXIS2_PLACEMENT_3D('',#2201,#1642,#1643);
#1394=AXIS2_PLACEMENT_3D('',#2205,#1646,#1647);
#1395=AXIS2_PLACEMENT_3D('',#2207,#1648,#1649);
#1396=AXIS2_PLACEMENT_3D('',#2209,#1651,#1652);
#1397=AXIS2_PLACEMENT_3D('',#2211,#1653,#1654);
#1398=AXIS2_PLACEMENT_3D('',#2213,#1656,#1657);
#1399=AXIS2_PLACEMENT_3D('',#2217,#1659,#1660);
#1400=AXIS2_PLACEMENT_3D('',#2219,#1662,#1663);
#1401=AXIS2_PLACEMENT_3D('',#2223,#1666,#1667);
#1402=AXIS2_PLACEMENT_3D('',#2227,#1669,#1670);
#1403=AXIS2_PLACEMENT_3D('',#2229,#1672,#1673);
#1404=AXIS2_PLACEMENT_3D('',#2233,#1676,#1677);
#1405=AXIS2_PLACEMENT_3D('',#2236,#1679,#1680);
#1406=AXIS2_PLACEMENT_3D('',#2237,#1681,#1682);
#1407=AXIS2_PLACEMENT_3D('',#2241,#1685,#1686);
#1408=AXIS2_PLACEMENT_3D('',#2242,#1687,#1688);
#1409=AXIS2_PLACEMENT_3D('',#2243,#1689,#1690);
#1410=AXIS2_PLACEMENT_3D('',#2245,#1691,#1692);
#1411=AXIS2_PLACEMENT_3D('',#2248,#1694,#1695);
#1412=AXIS2_PLACEMENT_3D('',#2249,#1696,#1697);
#1413=AXIS2_PLACEMENT_3D('',#2250,#1698,#1699);
#1414=AXIS2_PLACEMENT_3D('',#2252,#1700,#1701);
#1415=AXIS2_PLACEMENT_3D('',#2254,#1703,#1704);
#1416=AXIS2_PLACEMENT_3D('',#2255,#1705,#1706);
#1417=AXIS2_PLACEMENT_3D('',#2257,#1707,#1708);
#1418=AXIS2_PLACEMENT_3D('',#2260,#1710,#1711);
#1419=AXIS2_PLACEMENT_3D('',#2261,#1712,#1713);
#1420=AXIS2_PLACEMENT_3D('',#2262,#1714,#1715);
#1421=AXIS2_PLACEMENT_3D('',#2264,#1716,#1717);
#1422=AXIS2_PLACEMENT_3D('',#2266,#1719,#1720);
#1423=AXIS2_PLACEMENT_3D('',#2267,#1721,#1722);
#1424=AXIS2_PLACEMENT_3D('',#2269,#1723,#1724);
#1425=AXIS2_PLACEMENT_3D('',#2272,#1726,#1727);
#1426=AXIS2_PLACEMENT_3D('',#2273,#1728,#1729);
#1427=AXIS2_PLACEMENT_3D('',#2274,#1730,#1731);
#1428=AXIS2_PLACEMENT_3D('',#2276,#1732,#1733);
#1429=AXIS2_PLACEMENT_3D('',#2278,#1735,#1736);
#1430=AXIS2_PLACEMENT_3D('',#2279,#1737,#1738);
#1431=AXIS2_PLACEMENT_3D('',#2281,#1739,#1740);
#1432=AXIS2_PLACEMENT_3D('',#2284,#1742,#1743);
#1433=AXIS2_PLACEMENT_3D('',#2285,#1744,#1745);
#1434=AXIS2_PLACEMENT_3D('',#2286,#1746,#1747);
#1435=AXIS2_PLACEMENT_3D('',#2288,#1748,#1749);
#1436=AXIS2_PLACEMENT_3D('',#2290,#1751,#1752);
#1437=AXIS2_PLACEMENT_3D('',#2291,#1753,#1754);
#1438=AXIS2_PLACEMENT_3D('',#2293,#1756,#1757);
#1439=AXIS2_PLACEMENT_3D('',#2295,#1759,#1760);
#1440=AXIS2_PLACEMENT_3D('',#2297,#1762,#1763);
#1441=AXIS2_PLACEMENT_3D('',#2298,#1764,#1765);
#1442=AXIS2_PLACEMENT_3D('',#2300,#1766,#1767);
#1443=AXIS2_PLACEMENT_3D('',#2303,#1769,#1770);
#1444=AXIS2_PLACEMENT_3D('',#2304,#1771,#1772);
#1445=AXIS2_PLACEMENT_3D('',#2306,#1773,#1774);
#1446=AXIS2_PLACEMENT_3D('',#2309,#1776,#1777);
#1447=AXIS2_PLACEMENT_3D('',#2310,#1778,#1779);
#1448=AXIS2_PLACEMENT_3D('',#2312,#1780,#1781);
#1449=AXIS2_PLACEMENT_3D('',#2315,#1783,#1784);
#1450=AXIS2_PLACEMENT_3D('',#2316,#1785,#1786);
#1451=AXIS2_PLACEMENT_3D('',#2318,#1787,#1788);
#1452=AXIS2_PLACEMENT_3D('',#2321,#1790,#1791);
#1453=AXIS2_PLACEMENT_3D('',#2322,#1792,#1793);
#1454=AXIS2_PLACEMENT_3D('',#2324,#1794,#1795);
#1455=AXIS2_PLACEMENT_3D('',#2327,#1797,#1798);
#1456=AXIS2_PLACEMENT_3D('',#2328,#1799,#1800);
#1457=AXIS2_PLACEMENT_3D('',#2330,#1801,#1802);
#1458=AXIS2_PLACEMENT_3D('',#2333,#1804,#1805);
#1459=AXIS2_PLACEMENT_3D('',#2334,#1806,#1807);
#1460=AXIS2_PLACEMENT_3D('',#2336,#1808,#1809);
#1461=AXIS2_PLACEMENT_3D('',#2339,#1811,#1812);
#1462=AXIS2_PLACEMENT_3D('',#2340,#1813,#1814);
#1463=AXIS2_PLACEMENT_3D('',#2343,#1815,#1816);
#1464=AXIS2_PLACEMENT_3D('',#2347,#1818,#1819);
#1465=AXIS2_PLACEMENT_3D('',#2349,#1821,#1822);
#1466=AXIS2_PLACEMENT_3D('',#2355,#1826,#1827);
#1467=AXIS2_PLACEMENT_3D('',#2359,#1829,#1830);
#1468=AXIS2_PLACEMENT_3D('',#2363,#1832,#1833);
#1469=AXIS2_PLACEMENT_3D('',#2366,#1835,#1836);
#1470=AXIS2_PLACEMENT_3D('',#2367,#1837,#1838);
#1471=AXIS2_PLACEMENT_3D('',#2370,#1840,#1841);
#1472=AXIS2_PLACEMENT_3D('',#2371,#1842,#1843);
#1473=AXIS2_PLACEMENT_3D('',#2375,#1846,#1847);
#1474=AXIS2_PLACEMENT_3D('',#2378,#1849,#1850);
#1475=AXIS2_PLACEMENT_3D('',#2379,#1851,#1852);
#1476=AXIS2_PLACEMENT_3D('',#2383,#1855,#1856);
#1477=AXIS2_PLACEMENT_3D('',#2386,#1858,#1859);
#1478=AXIS2_PLACEMENT_3D('',#2387,#1860,#1861);
#1479=AXIS2_PLACEMENT_3D('',#2389,#1863,#1864);
#1480=DIRECTION('axis',(0.,0.,1.));
#1481=DIRECTION('refdir',(1.,0.,0.));
#1482=DIRECTION('center_axis',(0.,0.,-1.));
#1483=DIRECTION('ref_axis',(-1.,0.,0.));
#1484=DIRECTION('',(0.,-1.,0.));
#1485=DIRECTION('',(1.,0.,0.));
#1486=DIRECTION('',(0.,1.,0.));
#1487=DIRECTION('',(-1.,0.,0.));
#1488=DIRECTION('center_axis',(1.,0.,0.));
#1489=DIRECTION('ref_axis',(0.,0.,-1.));
#1490=DIRECTION('',(0.,1.,0.));
#1491=DIRECTION('',(0.,0.,1.));
#1492=DIRECTION('',(0.,0.,-1.));
#1493=DIRECTION('center_axis',(0.,0.,1.));
#1494=DIRECTION('ref_axis',(1.,0.,0.));
#1495=DIRECTION('',(-1.,0.,0.));
#1496=DIRECTION('',(0.,-1.,0.));
#1497=DIRECTION('',(-1.,0.,0.));
#1498=DIRECTION('',(0.,-1.,0.));
#1499=DIRECTION('center_axis',(1.,0.,0.));
#1500=DIRECTION('ref_axis',(0.,0.,-1.));
#1501=DIRECTION('',(0.,0.,1.));
#1502=DIRECTION('',(0.,1.,0.));
#1503=DIRECTION('',(0.,0.,1.));
#1504=DIRECTION('center_axis',(0.,0.,1.));
#1505=DIRECTION('ref_axis',(1.,0.,0.));
#1506=DIRECTION('',(0.,1.,0.));
#1507=DIRECTION('',(-1.,0.,0.));
#1508=DIRECTION('',(1.,0.,0.));
#1509=DIRECTION('center_axis',(-1.,0.,0.));
#1510=DIRECTION('ref_axis',(0.,0.,1.));
#1511=DIRECTION('',(0.,0.,-1.));
#1512=DIRECTION('',(0.,0.,1.));
#1513=DIRECTION('center_axis',(-1.,0.,0.));
#1514=DIRECTION('ref_axis',(0.,0.,1.));
#1515=DIRECTION('',(0.,0.,-1.));
#1516=DIRECTION('',(0.,0.,-1.));
#1517=DIRECTION('',(0.,-1.,0.));
#1518=DIRECTION('center_axis',(0.,0.,-1.));
#1519=DIRECTION('ref_axis',(-1.,0.,0.));
#1520=DIRECTION('',(1.,0.,0.));
#1521=DIRECTION('',(1.,0.,0.));
#1522=DIRECTION('center_axis',(0.,1.,0.));
#1523=DIRECTION('ref_axis',(0.,0.,1.));
#1524=DIRECTION('center_axis',(0.,1.,0.));
#1525=DIRECTION('ref_axis',(0.,0.,1.));
#1526=DIRECTION('center_axis',(0.,1.,0.));
#1527=DIRECTION('ref_axis',(0.707106781186547,0.,-0.707106781186547));
#1528=DIRECTION('',(1.,0.,8.12518674178521E-17));
#1529=DIRECTION('center_axis',(0.,1.,0.));
#1530=DIRECTION('ref_axis',(-0.707106781186547,0.,-0.707106781186547));
#1531=DIRECTION('',(0.,0.,-1.));
#1532=DIRECTION('center_axis',(0.,1.,0.));
#1533=DIRECTION('ref_axis',(-0.707106781186547,0.,0.707106781186547));
#1534=DIRECTION('',(-1.,0.,0.));
#1535=DIRECTION('center_axis',(0.,1.,0.));
#1536=DIRECTION('ref_axis',(0.707106781186547,0.,0.707106781186547));
#1537=DIRECTION('',(0.,0.,1.));
#1538=DIRECTION('center_axis',(0.,-1.,0.));
#1539=DIRECTION('ref_axis',(-1.,0.,0.));
#1540=DIRECTION('center_axis',(0.,-1.,0.));
#1541=DIRECTION('ref_axis',(-1.,0.,0.));
#1542=DIRECTION('center_axis',(0.,-1.,0.));
#1543=DIRECTION('ref_axis',(-1.,0.,0.));
#1544=DIRECTION('center_axis',(0.,-1.,0.));
#1545=DIRECTION('ref_axis',(-1.,0.,0.));
#1546=DIRECTION('center_axis',(1.,0.,0.));
#1547=DIRECTION('ref_axis',(0.,-1.,0.));
#1548=DIRECTION('center_axis',(1.,0.,0.));
#1549=DIRECTION('ref_axis',(0.,-1.,0.));
#1550=DIRECTION('',(1.,0.,0.));
#1551=DIRECTION('center_axis',(-1.,0.,0.));
#1552=DIRECTION('ref_axis',(0.,-1.,0.));
#1553=DIRECTION('center_axis',(-1.,0.,0.));
#1554=DIRECTION('ref_axis',(0.,1.,0.));
#1555=DIRECTION('center_axis',(-1.,0.,0.));
#1556=DIRECTION('ref_axis',(0.,1.,0.));
#1557=DIRECTION('',(-1.,0.,0.));
#1558=DIRECTION('center_axis',(1.,0.,0.));
#1559=DIRECTION('ref_axis',(0.,1.,0.));
#1560=DIRECTION('center_axis',(0.,1.,0.));
#1561=DIRECTION('ref_axis',(0.,0.,1.));
#1562=DIRECTION('center_axis',(0.,-1.,0.));
#1563=DIRECTION('ref_axis',(0.,0.,1.));
#1564=DIRECTION('',(-1.04972719113862E-16,-0.515038074910054,0.857167300702112));
#1565=DIRECTION('center_axis',(0.,1.,0.));
#1566=DIRECTION('ref_axis',(0.,0.,1.));
#1567=DIRECTION('center_axis',(0.,-1.,0.));
#1568=DIRECTION('ref_axis',(0.,0.,1.));
#1569=DIRECTION('',(-1.04972719113862E-16,-0.515038074910054,0.857167300702112));
#1570=DIRECTION('center_axis',(0.,1.,0.));
#1571=DIRECTION('ref_axis',(0.,0.,1.));
#1572=DIRECTION('center_axis',(0.,-1.,0.));
#1573=DIRECTION('ref_axis',(0.,0.,1.));
#1574=DIRECTION('',(-1.04972719113862E-16,-0.515038074910054,0.857167300702112));
#1575=DIRECTION('center_axis',(0.,1.,0.));
#1576=DIRECTION('ref_axis',(0.,0.,1.));
#1577=DIRECTION('center_axis',(0.,-1.,0.));
#1578=DIRECTION('ref_axis',(0.,0.,1.));
#1579=DIRECTION('',(-1.04972719113862E-16,-0.515038074910054,0.857167300702112));
#1580=DIRECTION('center_axis',(0.,1.,0.));
#1581=DIRECTION('ref_axis',(0.,0.,1.));
#1582=DIRECTION('center_axis',(0.,-1.,0.));
#1583=DIRECTION('ref_axis',(0.,0.,1.));
#1584=DIRECTION('',(-1.04972719113862E-16,-0.515038074910054,0.857167300702112));
#1585=DIRECTION('center_axis',(0.,-1.,0.));
#1586=DIRECTION('ref_axis',(0.,0.,1.));
#1587=DIRECTION('',(0.,-1.,0.));
#1588=DIRECTION('center_axis',(0.,1.,0.));
#1589=DIRECTION('ref_axis',(0.,0.,1.));
#1590=DIRECTION('center_axis',(0.,-1.,0.));
#1591=DIRECTION('ref_axis',(0.,0.,1.));
#1592=DIRECTION('',(-1.04972719113862E-16,-0.515038074910054,0.857167300702112));
#1593=DIRECTION('center_axis',(0.,-1.,0.));
#1594=DIRECTION('ref_axis',(0.,0.,1.));
#1595=DIRECTION('',(0.,-1.,0.));
#1596=DIRECTION('center_axis',(0.,1.,0.));
#1597=DIRECTION('ref_axis',(0.,0.,1.));
#1598=DIRECTION('center_axis',(0.,-1.,0.));
#1599=DIRECTION('ref_axis',(0.,0.,1.));
#1600=DIRECTION('',(-1.04972719113862E-16,-0.515038074910054,0.857167300702112));
#1601=DIRECTION('center_axis',(0.,-1.,0.));
#1602=DIRECTION('ref_axis',(0.,0.,1.));
#1603=DIRECTION('',(0.,-1.,0.));
#1604=DIRECTION('center_axis',(0.,1.,0.));
#1605=DIRECTION('ref_axis',(0.,0.,1.));
#1606=DIRECTION('center_axis',(0.,-1.,0.));
#1607=DIRECTION('ref_axis',(0.,0.,1.));
#1608=DIRECTION('',(-1.04972719113862E-16,-0.515038074910054,0.857167300702112));
#1609=DIRECTION('center_axis',(0.,-1.,0.));
#1610=DIRECTION('ref_axis',(0.,0.,1.));
#1611=DIRECTION('',(0.,-1.,0.));
#1612=DIRECTION('center_axis',(0.,1.,0.));
#1613=DIRECTION('ref_axis',(-0.707106781186547,0.,-0.707106781186547));
#1614=DIRECTION('center_axis',(0.,-1.,0.));
#1615=DIRECTION('ref_axis',(-0.707106781186547,0.,-0.707106781186547));
#1616=DIRECTION('',(0.,-1.,0.));
#1617=DIRECTION('center_axis',(0.,1.,0.));
#1618=DIRECTION('ref_axis',(-0.707106781186547,0.,-0.707106781186547));
#1619=DIRECTION('',(0.,1.,0.));
#1620=DIRECTION('center_axis',(-1.,0.,0.));
#1621=DIRECTION('ref_axis',(0.,0.,1.));
#1622=DIRECTION('',(0.,0.,1.));
#1623=DIRECTION('',(0.,-1.,0.));
#1624=DIRECTION('',(0.,0.,1.));
#1625=DIRECTION('center_axis',(0.,1.,0.));
#1626=DIRECTION('ref_axis',(1.,0.,0.));
#1627=DIRECTION('',(-1.,0.,0.));
#1628=DIRECTION('center_axis',(0.,1.,0.));
#1629=DIRECTION('ref_axis',(0.707106781186547,0.,-0.707106781186547));
#1630=DIRECTION('',(0.,0.,-1.));
#1631=DIRECTION('center_axis',(0.,1.,0.));
#1632=DIRECTION('ref_axis',(0.707106781186547,0.,0.707106781186547));
#1633=DIRECTION('',(1.,0.,0.));
#1634=DIRECTION('center_axis',(0.,1.,0.));
#1635=DIRECTION('ref_axis',(-0.707106781186547,0.,0.707106781186547));
#1636=DIRECTION('center_axis',(0.,1.,0.));
#1637=DIRECTION('ref_axis',(0.707106781186547,0.,-0.707106781186547));
#1638=DIRECTION('center_axis',(0.,-1.,0.));
#1639=DIRECTION('ref_axis',(0.707106781186547,0.,-0.707106781186547));
#1640=DIRECTION('',(0.,-1.,0.));
#1641=DIRECTION('',(0.,1.,0.));
#1642=DIRECTION('center_axis',(1.,0.,0.));
#1643=DIRECTION('ref_axis',(0.,0.,-1.));
#1644=DIRECTION('',(0.,0.,-1.));
#1645=DIRECTION('',(0.,1.,0.));
#1646=DIRECTION('center_axis',(0.,1.,0.));
#1647=DIRECTION('ref_axis',(0.707106781186547,0.,0.707106781186547));
#1648=DIRECTION('center_axis',(0.,-1.,0.));
#1649=DIRECTION('ref_axis',(0.707106781186547,0.,0.707106781186547));
#1650=DIRECTION('',(0.,-1.,0.));
#1651=DIRECTION('center_axis',(0.,1.,0.));
#1652=DIRECTION('ref_axis',(-0.707106781186547,0.,0.707106781186547));
#1653=DIRECTION('center_axis',(0.,-1.,0.));
#1654=DIRECTION('ref_axis',(-0.707106781186547,0.,0.707106781186547));
#1655=DIRECTION('',(0.,1.,0.));
#1656=DIRECTION('center_axis',(0.,1.,0.));
#1657=DIRECTION('ref_axis',(0.707106781186547,0.,-0.707106781186547));
#1658=DIRECTION('',(0.,1.,0.));
#1659=DIRECTION('center_axis',(0.,1.,0.));
#1660=DIRECTION('ref_axis',(0.707106781186547,0.,-0.707106781186547));
#1661=DIRECTION('',(0.,-1.,0.));
#1662=DIRECTION('center_axis',(-8.12518674178521E-17,0.,1.));
#1663=DIRECTION('ref_axis',(1.,0.,8.12518674178521E-17));
#1664=DIRECTION('',(1.,0.,8.12518674178521E-17));
#1665=DIRECTION('',(0.,1.,0.));
#1666=DIRECTION('center_axis',(0.,1.,0.));
#1667=DIRECTION('ref_axis',(0.707106781186547,0.,0.707106781186547));
#1668=DIRECTION('',(0.,1.,0.));
#1669=DIRECTION('center_axis',(0.,1.,0.));
#1670=DIRECTION('ref_axis',(0.707106781186547,0.,0.707106781186547));
#1671=DIRECTION('',(0.,-1.,0.));
#1672=DIRECTION('center_axis',(0.,0.,-1.));
#1673=DIRECTION('ref_axis',(-1.,0.,0.));
#1674=DIRECTION('',(0.,-1.,0.));
#1675=DIRECTION('',(-1.,0.,0.));
#1676=DIRECTION('center_axis',(0.,1.,0.));
#1677=DIRECTION('ref_axis',(-0.707106781186547,0.,0.707106781186547));
#1678=DIRECTION('',(0.,1.,0.));
#1679=DIRECTION('center_axis',(0.,1.,0.));
#1680=DIRECTION('ref_axis',(-0.707106781186547,0.,0.707106781186547));
#1681=DIRECTION('center_axis',(1.,0.,0.));
#1682=DIRECTION('ref_axis',(0.,0.,-1.));
#1683=DIRECTION('',(0.,-1.,0.));
#1684=DIRECTION('',(0.,0.,-1.));
#1685=DIRECTION('center_axis',(0.,1.,0.));
#1686=DIRECTION('ref_axis',(-0.707106781186547,0.,-0.707106781186547));
#1687=DIRECTION('center_axis',(0.,1.,0.));
#1688=DIRECTION('ref_axis',(-0.707106781186547,0.,-0.707106781186547));
#1689=DIRECTION('center_axis',(0.,1.,0.));
#1690=DIRECTION('ref_axis',(-1.,0.,0.));
#1691=DIRECTION('center_axis',(0.,1.,0.));
#1692=DIRECTION('ref_axis',(-1.,0.,0.));
#1693=DIRECTION('',(0.,-1.,0.));
#1694=DIRECTION('center_axis',(0.,-1.,0.));
#1695=DIRECTION('ref_axis',(-1.,0.,0.));
#1696=DIRECTION('center_axis',(0.,1.,0.));
#1697=DIRECTION('ref_axis',(-1.,0.,0.));
#1698=DIRECTION('center_axis',(0.,1.,0.));
#1699=DIRECTION('ref_axis',(-1.,0.,0.));
#1700=DIRECTION('center_axis',(0.,1.,0.));
#1701=DIRECTION('ref_axis',(-1.,0.,0.));
#1702=DIRECTION('',(0.,-1.,0.));
#1703=DIRECTION('center_axis',(0.,1.,0.));
#1704=DIRECTION('ref_axis',(-1.,0.,0.));
#1705=DIRECTION('center_axis',(0.,1.,0.));
#1706=DIRECTION('ref_axis',(-1.,0.,0.));
#1707=DIRECTION('center_axis',(0.,1.,0.));
#1708=DIRECTION('ref_axis',(-1.,0.,0.));
#1709=DIRECTION('',(0.,-1.,0.));
#1710=DIRECTION('center_axis',(0.,-1.,0.));
#1711=DIRECTION('ref_axis',(-1.,0.,0.));
#1712=DIRECTION('center_axis',(0.,1.,0.));
#1713=DIRECTION('ref_axis',(-1.,0.,0.));
#1714=DIRECTION('center_axis',(0.,1.,0.));
#1715=DIRECTION('ref_axis',(-1.,0.,0.));
#1716=DIRECTION('center_axis',(0.,1.,0.));
#1717=DIRECTION('ref_axis',(-1.,0.,0.));
#1718=DIRECTION('',(0.,-1.,0.));
#1719=DIRECTION('center_axis',(0.,1.,0.));
#1720=DIRECTION('ref_axis',(-1.,0.,0.));
#1721=DIRECTION('center_axis',(0.,1.,0.));
#1722=DIRECTION('ref_axis',(-1.,0.,0.));
#1723=DIRECTION('center_axis',(0.,1.,0.));
#1724=DIRECTION('ref_axis',(-1.,0.,0.));
#1725=DIRECTION('',(0.,-1.,0.));
#1726=DIRECTION('center_axis',(0.,-1.,0.));
#1727=DIRECTION('ref_axis',(-1.,0.,0.));
#1728=DIRECTION('center_axis',(0.,1.,0.));
#1729=DIRECTION('ref_axis',(-1.,0.,0.));
#1730=DIRECTION('center_axis',(0.,1.,0.));
#1731=DIRECTION('ref_axis',(-1.,0.,0.));
#1732=DIRECTION('center_axis',(0.,1.,0.));
#1733=DIRECTION('ref_axis',(-1.,0.,0.));
#1734=DIRECTION('',(0.,-1.,0.));
#1735=DIRECTION('center_axis',(0.,1.,0.));
#1736=DIRECTION('ref_axis',(-1.,0.,0.));
#1737=DIRECTION('center_axis',(0.,1.,0.));
#1738=DIRECTION('ref_axis',(-1.,0.,0.));
#1739=DIRECTION('center_axis',(0.,1.,0.));
#1740=DIRECTION('ref_axis',(-1.,0.,0.));
#1741=DIRECTION('',(0.,-1.,0.));
#1742=DIRECTION('center_axis',(0.,-1.,0.));
#1743=DIRECTION('ref_axis',(-1.,0.,0.));
#1744=DIRECTION('center_axis',(0.,1.,0.));
#1745=DIRECTION('ref_axis',(0.,0.,1.));
#1746=DIRECTION('center_axis',(0.,1.,0.));
#1747=DIRECTION('ref_axis',(-1.,0.,0.));
#1748=DIRECTION('center_axis',(0.,1.,0.));
#1749=DIRECTION('ref_axis',(-1.,0.,0.));
#1750=DIRECTION('',(0.,-1.,0.));
#1751=DIRECTION('center_axis',(0.,1.,0.));
#1752=DIRECTION('ref_axis',(-1.,0.,0.));
#1753=DIRECTION('center_axis',(-1.,0.,0.));
#1754=DIRECTION('ref_axis',(0.,0.,1.));
#1755=DIRECTION('',(0.,0.,1.));
#1756=DIRECTION('center_axis',(0.,0.,-1.));
#1757=DIRECTION('ref_axis',(-1.,0.,0.));
#1758=DIRECTION('',(-1.,0.,0.));
#1759=DIRECTION('center_axis',(0.,0.,1.));
#1760=DIRECTION('ref_axis',(1.,0.,0.));
#1761=DIRECTION('',(1.,0.,0.));
#1762=DIRECTION('center_axis',(0.,1.,0.));
#1763=DIRECTION('ref_axis',(0.,0.,1.));
#1764=DIRECTION('center_axis',(0.,-1.,0.));
#1765=DIRECTION('ref_axis',(0.,0.,1.));
#1766=DIRECTION('center_axis',(0.,-1.,0.));
#1767=DIRECTION('ref_axis',(0.,0.,1.));
#1768=DIRECTION('',(0.,-1.,0.));
#1769=DIRECTION('center_axis',(0.,1.,0.));
#1770=DIRECTION('ref_axis',(0.,0.,1.));
#1771=DIRECTION('center_axis',(0.,-1.,0.));
#1772=DIRECTION('ref_axis',(0.,0.,1.));
#1773=DIRECTION('center_axis',(0.,-1.,0.));
#1774=DIRECTION('ref_axis',(0.,0.,1.));
#1775=DIRECTION('',(0.,-1.,0.));
#1776=DIRECTION('center_axis',(0.,1.,0.));
#1777=DIRECTION('ref_axis',(0.,0.,1.));
#1778=DIRECTION('center_axis',(0.,-1.,0.));
#1779=DIRECTION('ref_axis',(0.,0.,1.));
#1780=DIRECTION('center_axis',(0.,-1.,0.));
#1781=DIRECTION('ref_axis',(0.,0.,1.));
#1782=DIRECTION('',(0.,-1.,0.));
#1783=DIRECTION('center_axis',(0.,1.,0.));
#1784=DIRECTION('ref_axis',(0.,0.,1.));
#1785=DIRECTION('center_axis',(0.,-1.,0.));
#1786=DIRECTION('ref_axis',(0.,0.,1.));
#1787=DIRECTION('center_axis',(0.,-1.,0.));
#1788=DIRECTION('ref_axis',(0.,0.,1.));
#1789=DIRECTION('',(0.,-1.,0.));
#1790=DIRECTION('center_axis',(0.,1.,0.));
#1791=DIRECTION('ref_axis',(0.,0.,1.));
#1792=DIRECTION('center_axis',(0.,-1.,0.));
#1793=DIRECTION('ref_axis',(0.,0.,1.));
#1794=DIRECTION('center_axis',(0.,-1.,0.));
#1795=DIRECTION('ref_axis',(0.,0.,1.));
#1796=DIRECTION('',(0.,-1.,0.));
#1797=DIRECTION('center_axis',(0.,1.,0.));
#1798=DIRECTION('ref_axis',(0.,0.,1.));
#1799=DIRECTION('center_axis',(0.,-1.,0.));
#1800=DIRECTION('ref_axis',(0.,0.,1.));
#1801=DIRECTION('center_axis',(0.,-1.,0.));
#1802=DIRECTION('ref_axis',(0.,0.,1.));
#1803=DIRECTION('',(0.,-1.,0.));
#1804=DIRECTION('center_axis',(0.,1.,0.));
#1805=DIRECTION('ref_axis',(0.,0.,1.));
#1806=DIRECTION('center_axis',(0.,-1.,0.));
#1807=DIRECTION('ref_axis',(0.,0.,1.));
#1808=DIRECTION('center_axis',(0.,-1.,0.));
#1809=DIRECTION('ref_axis',(0.,0.,1.));
#1810=DIRECTION('',(0.,-1.,0.));
#1811=DIRECTION('center_axis',(0.,1.,0.));
#1812=DIRECTION('ref_axis',(0.,0.,1.));
#1813=DIRECTION('center_axis',(0.,1.,0.));
#1814=DIRECTION('ref_axis',(-0.707106781186547,0.,-0.707106781186547));
#1815=DIRECTION('center_axis',(0.,-1.,0.));
#1816=DIRECTION('ref_axis',(-0.707106781186547,0.,-0.707106781186547));
#1817=DIRECTION('',(0.,-1.,0.));
#1818=DIRECTION('center_axis',(0.,1.,0.));
#1819=DIRECTION('ref_axis',(-0.707106781186547,0.,-0.707106781186547));
#1820=DIRECTION('',(0.,1.,0.));
#1821=DIRECTION('center_axis',(0.,0.,-1.));
#1822=DIRECTION('ref_axis',(-1.,0.,0.));
#1823=DIRECTION('',(-1.,0.,0.));
#1824=DIRECTION('',(0.,1.,0.));
#1825=DIRECTION('',(1.,0.,0.));
#1826=DIRECTION('center_axis',(0.,1.,0.));
#1827=DIRECTION('ref_axis',(0.,0.,1.));
#1828=DIRECTION('',(0.,0.,1.));
#1829=DIRECTION('center_axis',(0.,-1.,0.));
#1830=DIRECTION('ref_axis',(-0.707106781186547,0.,0.707106781186547));
#1831=DIRECTION('',(1.,0.,-7.44418202730337E-17));
#1832=DIRECTION('center_axis',(0.,-1.,0.));
#1833=DIRECTION('ref_axis',(0.707106781186547,0.,0.707106781186547));
#1834=DIRECTION('',(0.,0.,-1.));
#1835=DIRECTION('center_axis',(0.,-1.,0.));
#1836=DIRECTION('ref_axis',(0.707106781186547,0.,-0.707106781186547));
#1837=DIRECTION('center_axis',(0.,1.,0.));
#1838=DIRECTION('ref_axis',(0.707106781186547,0.,-0.707106781186547));
#1839=DIRECTION('',(0.,-1.,0.));
#1840=DIRECTION('center_axis',(0.,1.,0.));
#1841=DIRECTION('ref_axis',(0.707106781186547,0.,-0.707106781186547));
#1842=DIRECTION('center_axis',(1.,0.,0.));
#1843=DIRECTION('ref_axis',(0.,0.,-1.));
#1844=DIRECTION('',(0.,1.,0.));
#1845=DIRECTION('',(0.,0.,1.));
#1846=DIRECTION('center_axis',(0.,1.,0.));
#1847=DIRECTION('ref_axis',(0.707106781186547,0.,0.707106781186547));
#1848=DIRECTION('',(0.,-1.,0.));
#1849=DIRECTION('center_axis',(0.,1.,0.));
#1850=DIRECTION('ref_axis',(0.707106781186547,0.,0.707106781186547));
#1851=DIRECTION('center_axis',(7.44418202730337E-17,0.,1.));
#1852=DIRECTION('ref_axis',(1.,0.,-7.44418202730337E-17));
#1853=DIRECTION('',(0.,1.,0.));
#1854=DIRECTION('',(-1.,0.,7.44418202730337E-17));
#1855=DIRECTION('center_axis',(0.,1.,0.));
#1856=DIRECTION('ref_axis',(-0.707106781186547,0.,0.707106781186547));
#1857=DIRECTION('',(0.,-1.,0.));
#1858=DIRECTION('center_axis',(0.,1.,0.));
#1859=DIRECTION('ref_axis',(-0.707106781186547,0.,0.707106781186547));
#1860=DIRECTION('center_axis',(-1.,0.,0.));
#1861=DIRECTION('ref_axis',(0.,0.,1.));
#1862=DIRECTION('',(0.,0.,-1.));
#1863=DIRECTION('center_axis',(0.,1.,0.));
#1864=DIRECTION('ref_axis',(-1.,0.,0.));
#1865=CARTESIAN_POINT('',(0.,0.,0.));
#1866=CARTESIAN_POINT('Origin',(40.,0.,-11.));
#1867=CARTESIAN_POINT('',(40.,22.,-11.));
#1868=CARTESIAN_POINT('',(40.,0.,-11.));
#1869=CARTESIAN_POINT('',(40.,5.,-11.));
#1870=CARTESIAN_POINT('',(-40.,22.,-11.));
#1871=CARTESIAN_POINT('',(40.,22.,-11.));
#1872=CARTESIAN_POINT('',(-40.,0.,-11.));
#1873=CARTESIAN_POINT('',(-40.,0.,-11.));
#1874=CARTESIAN_POINT('',(-20.,0.,-11.));
#1875=CARTESIAN_POINT('Origin',(40.,0.,11.));
#1876=CARTESIAN_POINT('',(40.,0.,11.));
#1877=CARTESIAN_POINT('',(40.,22.,11.));
#1878=CARTESIAN_POINT('',(40.,0.,11.));
#1879=CARTESIAN_POINT('',(40.,22.,11.));
#1880=CARTESIAN_POINT('',(40.,0.,-5.5));
#1881=CARTESIAN_POINT('Origin',(-40.,0.,16.));
#1882=CARTESIAN_POINT('',(45.,5.,16.));
#1883=CARTESIAN_POINT('',(-45.,5.,16.));
#1884=CARTESIAN_POINT('',(-20.,5.,16.));
#1885=CARTESIAN_POINT('',(45.,22.,16.));
#1886=CARTESIAN_POINT('',(45.,0.,16.));
#1887=CARTESIAN_POINT('',(-45.,22.,16.));
#1888=CARTESIAN_POINT('',(-20.,22.,16.));
#1889=CARTESIAN_POINT('',(-45.,0.,16.));
#1890=CARTESIAN_POINT('Origin',(45.,0.,11.));
#1891=CARTESIAN_POINT('',(45.,5.,-16.));
#1892=CARTESIAN_POINT('',(45.,5.,5.5));
#1893=CARTESIAN_POINT('',(45.,22.,-16.));
#1894=CARTESIAN_POINT('',(45.,0.,-16.));
#1895=CARTESIAN_POINT('',(45.,22.,5.5));
#1896=CARTESIAN_POINT('Origin',(-40.,0.,11.));
#1897=CARTESIAN_POINT('',(-40.,0.,11.));
#1898=CARTESIAN_POINT('',(-40.,22.,11.));
#1899=CARTESIAN_POINT('',(-40.,0.,11.));
#1900=CARTESIAN_POINT('',(-40.,22.,11.));
#1901=CARTESIAN_POINT('',(20.,0.,11.));
#1902=CARTESIAN_POINT('Origin',(-40.,0.,-11.));
#1903=CARTESIAN_POINT('',(-40.,22.,-11.));
#1904=CARTESIAN_POINT('',(-40.,0.,5.5));
#1905=CARTESIAN_POINT('Origin',(-45.,0.,-11.));
#1906=CARTESIAN_POINT('',(-45.,5.,-16.));
#1907=CARTESIAN_POINT('',(-45.,5.,-5.5));
#1908=CARTESIAN_POINT('',(-45.,22.,-16.));
#1909=CARTESIAN_POINT('',(-45.,22.,-5.5));
#1910=CARTESIAN_POINT('',(-45.,0.,-16.));
#1911=CARTESIAN_POINT('Origin',(40.,0.,-16.));
#1912=CARTESIAN_POINT('',(20.,5.,-16.));
#1913=CARTESIAN_POINT('',(20.,22.,-16.));
#1914=CARTESIAN_POINT('Origin',(0.,22.,0.));
#1915=CARTESIAN_POINT('Origin',(8.88178419700125E-15,5.,0.));
#1916=CARTESIAN_POINT('',(54.6558773309486,5.,-22.0421849138639));
#1917=CARTESIAN_POINT('',(34.6558773309486,5.,-42.0421849138639));
#1918=CARTESIAN_POINT('Origin',(34.6558773309486,5.,-22.0421849138639));
#1919=CARTESIAN_POINT('',(-34.6558773309486,5.,-42.0421849138639));
#1920=CARTESIAN_POINT('',(-27.3279386654743,5.,-42.0421849138639));
#1921=CARTESIAN_POINT('',(-54.6558773309486,5.,-22.042184913864));
#1922=CARTESIAN_POINT('Origin',(-34.6558773309486,5.,-22.0421849138639));
#1923=CARTESIAN_POINT('',(-54.6558773309486,5.,22.0421849138639));
#1924=CARTESIAN_POINT('',(-54.6558773309486,5.,21.021092456932));
#1925=CARTESIAN_POINT('',(-34.6558773309486,5.,42.0421849138639));
#1926=CARTESIAN_POINT('Origin',(-34.6558773309486,5.,22.0421849138639));
#1927=CARTESIAN_POINT('',(34.6558773309486,5.,42.0421849138639));
#1928=CARTESIAN_POINT('',(27.3279386654743,5.,42.0421849138639));
#1929=CARTESIAN_POINT('',(54.6558773309486,5.,22.0421849138639));
#1930=CARTESIAN_POINT('Origin',(34.6558773309486,5.,22.0421849138639));
#1931=CARTESIAN_POINT('',(54.6558773309486,5.,-21.021092456932));
#1932=CARTESIAN_POINT('',(-37.6034414470819,5.,27.1453506552188));
#1933=CARTESIAN_POINT('Origin',(-41.1034414470819,5.,27.1453506552188));
#1934=CARTESIAN_POINT('',(-37.664873240421,5.,-27.9905307617944));
#1935=CARTESIAN_POINT('Origin',(-41.164873240421,5.,-27.9905307617944));
#1936=CARTESIAN_POINT('',(46.5368257977307,5.,-27.8631726175308));
#1937=CARTESIAN_POINT('Origin',(43.0368257977307,5.,-27.8631726175308));
#1938=CARTESIAN_POINT('',(46.0974717546351,5.,27.7554111641525));
#1939=CARTESIAN_POINT('Origin',(42.5974717546351,5.,27.7554111641525));
#1940=CARTESIAN_POINT('Origin',(-57.1558773309486,22.9855168985372,15.0812832828145));
#1941=CARTESIAN_POINT('',(-59.6558773309486,26.2355168985372,15.0812832828145));
#1942=CARTESIAN_POINT('Origin',(-59.6558773309486,22.9855168985372,15.0812832828145));
#1943=CARTESIAN_POINT('',(-54.6558773309486,26.2355168985372,15.0812832828145));
#1944=CARTESIAN_POINT('',(-57.1558773309486,26.2355168985372,15.0812832828145));
#1945=CARTESIAN_POINT('Origin',(-54.6558773309486,22.9855168985372,15.0812832828145));
#1946=CARTESIAN_POINT('Origin',(57.1558773309486,23.3257086516318,15.1765079635718));
#1947=CARTESIAN_POINT('',(59.6558773309486,20.0757086516318,15.1765079635718));
#1948=CARTESIAN_POINT('Origin',(59.6558773309486,23.3257086516318,15.1765079635718));
#1949=CARTESIAN_POINT('',(54.6558773309486,20.0757086516318,15.1765079635718));
#1950=CARTESIAN_POINT('',(57.1558773309486,20.0757086516318,15.1765079635718));
#1951=CARTESIAN_POINT('Origin',(54.6558773309486,23.3257086516318,15.1765079635718));
#1952=CARTESIAN_POINT('Origin',(-52.8093728750287,39.519311504778,39.2418422967853));
#1953=CARTESIAN_POINT('',(-52.8093728750287,40.,37.6418422967853));
#1954=CARTESIAN_POINT('Origin',(-52.8093728750287,40.,39.2418422967853));
#1955=CARTESIAN_POINT('',(-52.8093728750287,39.884989141133,37.8332525094451));
#1956=CARTESIAN_POINT('',(-52.8093728750287,39.519311504778,38.4418422967853));
#1957=CARTESIAN_POINT('',(-52.8031539917032,39.8850056890069,37.833238697052));
#1958=CARTESIAN_POINT('Ctrl Pts',(-52.8031539917072,39.8850056890069,37.833238697052));
#1959=CARTESIAN_POINT('Ctrl Pts',(-52.8052285478721,39.8850001857686,37.833238697052));
#1960=CARTESIAN_POINT('Ctrl Pts',(-52.8073015234818,39.8849946697463,37.8332433082875));
#1961=CARTESIAN_POINT('Ctrl Pts',(-52.8093728750287,39.884989141133,37.8332525094451));
#1962=CARTESIAN_POINT('',(-52.8093728750287,39.8746500126098,40.6332248846589));
#1963=CARTESIAN_POINT('Ctrl Pts',(-52.8093728750287,39.8746500126098,40.6332248846589));
#1964=CARTESIAN_POINT('Ctrl Pts',(-52.6343000308197,39.8751172969064,40.6340025763261));
#1965=CARTESIAN_POINT('Ctrl Pts',(-52.4473549512806,39.875745343323,40.5999835401378));
#1966=CARTESIAN_POINT('Ctrl Pts',(-52.1028865029101,39.8771885154415,40.4597010354092));
#1967=CARTESIAN_POINT('Ctrl Pts',(-51.9453631282228,39.8780035588383,40.3534375804016));
#1968=CARTESIAN_POINT('Ctrl Pts',(-51.6951928811183,39.8795832597137,40.1069857089043));
#1969=CARTESIAN_POINT('Ctrl Pts',(-51.5861372885769,39.8804536250678,39.9500610574106));
#1970=CARTESIAN_POINT('Ctrl Pts',(-51.4406721693299,39.882111178826,39.6055386241279));
#1971=CARTESIAN_POINT('Ctrl Pts',(-51.4042626497701,39.8828984093067,39.4179408395242));
#1972=CARTESIAN_POINT('Ctrl Pts',(-51.4020930275908,39.8842020498325,39.0649009739158));
#1973=CARTESIAN_POINT('Ctrl Pts',(-51.436524448369,39.8848040979131,38.8760264984013));
#1974=CARTESIAN_POINT('Ctrl Pts',(-51.5790002323357,39.8857014697438,38.528451894534));
#1975=CARTESIAN_POINT('Ctrl Pts',(-51.6870446087773,39.8859968760402,38.369751771827));
#1976=CARTESIAN_POINT('Ctrl Pts',(-51.9370987618712,39.8862531109239,38.1190948490733));
#1977=CARTESIAN_POINT('Ctrl Pts',(-52.0957010585483,39.8862306042317,38.0105986924276));
#1978=CARTESIAN_POINT('Ctrl Pts',(-52.441251407907,39.8858373120212,37.8681222193104));
#1979=CARTESIAN_POINT('Ctrl Pts',(-52.62784624334,39.8854707332097,37.833238697052));
#1980=CARTESIAN_POINT('Ctrl Pts',(-52.8031539917072,39.8850056890069,37.833238697052));
#1981=CARTESIAN_POINT('Ctrl Pts',(-52.8093728750287,39.884989141133,37.8332525094451));
#1982=CARTESIAN_POINT('Ctrl Pts',(-52.9858721456021,39.8845180495833,37.8340365374456));
#1983=CARTESIAN_POINT('Ctrl Pts',(-53.173929100338,39.8838857281562,37.8702869159735));
#1984=CARTESIAN_POINT('Ctrl Pts',(-53.5193029621691,39.8824324758238,38.0157649228676));
#1985=CARTESIAN_POINT('Ctrl Pts',(-53.6766198746787,39.8816114620609,38.1249925375521));
#1986=CARTESIAN_POINT('Ctrl Pts',(-53.9236321606235,39.8800281711095,38.3757310132593));
#1987=CARTESIAN_POINT('Ctrl Pts',(-54.030063218077,39.8791607748748,38.5336492314867));
#1988=CARTESIAN_POINT('Ctrl Pts',(-54.1703500985572,39.8775082954925,38.8789697660202));
#1989=CARTESIAN_POINT('Ctrl Pts',(-54.204205915028,39.87672325341,39.0663720851862));
#1990=CARTESIAN_POINT('Ctrl Pts',(-54.2020543810198,39.8754304813539,39.416468652385));
#1991=CARTESIAN_POINT('Ctrl Pts',(-54.16623618763,39.8748353307356,39.6026002955511));
#1992=CARTESIAN_POINT('Ctrl Pts',(-54.0229795615193,39.8739480390271,39.9448893434528));
#1993=CARTESIAN_POINT('Ctrl Pts',(-53.9155411148482,39.8736559805582,40.1010467425641));
#1994=CARTESIAN_POINT('Ctrl Pts',(-53.6683957833055,39.8734033357539,40.3475971185654));
#1995=CARTESIAN_POINT('Ctrl Pts',(-53.5121431407005,39.8734254958611,40.4545882046869));
#1996=CARTESIAN_POINT('Ctrl Pts',(-53.1698630556952,39.8738160271664,40.5970145934458));
#1997=CARTESIAN_POINT('Ctrl Pts',(-52.9838356161807,39.8741843567301,40.6324499031325));
#1998=CARTESIAN_POINT('Ctrl Pts',(-52.8093728750287,39.8746500126098,40.6332248846589));
#1999=CARTESIAN_POINT('Origin',(53.326301574707,39.519311504778,39.2224931716919));
#2000=CARTESIAN_POINT('',(53.326301574707,40.,37.6224931716919));
#2001=CARTESIAN_POINT('Origin',(53.326301574707,40.,39.2224931716919));
#2002=CARTESIAN_POINT('',(53.326301574707,39.8743004222795,37.8316923998323));
#2003=CARTESIAN_POINT('',(53.326301574707,39.519311504778,38.4224931716919));
#2004=CARTESIAN_POINT('',(53.3448314667791,39.8744482670634,37.8315697669983));
#2005=CARTESIAN_POINT('Ctrl Pts',(53.3448314668833,39.8744482670634,37.8315697669983));
#2006=CARTESIAN_POINT('Ctrl Pts',(53.3386406086161,39.874398715685,37.8315697669974));
#2007=CARTESIAN_POINT('Ctrl Pts',(53.3324635916506,39.8743494316951,37.8316108344674));
#2008=CARTESIAN_POINT('Ctrl Pts',(53.326301574707,39.8743004222795,37.8316923998323));
#2009=CARTESIAN_POINT('',(53.326301574707,39.8852079596284,40.6314471341643));
#2010=CARTESIAN_POINT('Ctrl Pts',(53.326301574707,39.8852079596284,40.6314471341643));
#2011=CARTESIAN_POINT('Ctrl Pts',(53.5040554323384,39.8866217195663,40.6338000258218));
#2012=CARTESIAN_POINT('Ctrl Pts',(53.6939964380248,39.8879895036893,40.6003897930969));
#2013=CARTESIAN_POINT('Ctrl Pts',(54.0438407794522,39.8901972398721,40.4591570028858));
#2014=CARTESIAN_POINT('Ctrl Pts',(54.2037440909255,39.8910375387915,40.3513343907088));
#2015=CARTESIAN_POINT('Ctrl Pts',(54.4568142596563,39.89205942458,40.1006670487368));
#2016=CARTESIAN_POINT('Ctrl Pts',(54.5664353465545,39.8923060614134,39.9411559684707));
#2017=CARTESIAN_POINT('Ctrl Pts',(54.7110076258642,39.8920959428265,39.5912798151197));
#2018=CARTESIAN_POINT('Ctrl Pts',(54.7459588250505,39.8916391438042,39.4009147448604));
#2019=CARTESIAN_POINT('Ctrl Pts',(54.7436510181498,39.8902524735213,39.0449594941908));
#2020=CARTESIAN_POINT('Ctrl Pts',(54.7065965308725,39.8892341309355,38.8559475611952));
#2021=CARTESIAN_POINT('Ctrl Pts',(54.5588501175014,39.8867330539099,38.5093129933981));
#2022=CARTESIAN_POINT('Ctrl Pts',(54.4481582479322,39.8852499719777,38.3516903370113));
#2023=CARTESIAN_POINT('Ctrl Pts',(54.1949834429255,39.8822912335877,38.1054770156952));
#2024=CARTESIAN_POINT('Ctrl Pts',(54.0362337109581,39.8806214259457,38.0000058484449));
#2025=CARTESIAN_POINT('Ctrl Pts',(53.6957765827227,39.8773821926338,37.8643734402038));
#2026=CARTESIAN_POINT('Ctrl Pts',(53.5150702803534,39.8758108516187,37.8315697670236));
#2027=CARTESIAN_POINT('Ctrl Pts',(53.3448314668833,39.8744482670634,37.8315697669983));
#2028=CARTESIAN_POINT('Ctrl Pts',(53.326301574707,39.8743004222795,37.8316923998323));
#2029=CARTESIAN_POINT('Ctrl Pts',(53.1525117279991,39.8729181899828,37.8339928206835));
#2030=CARTESIAN_POINT('Ctrl Pts',(52.9674580893523,39.8715773434777,37.8707949016207));
#2031=CARTESIAN_POINT('Ctrl Pts',(52.6274398423532,39.8694119066332,38.015235866496));
#2032=CARTESIAN_POINT('Ctrl Pts',(52.47247525701,39.8685876624575,38.1228748097878));
#2033=CARTESIAN_POINT('Ctrl Pts',(52.2283121256658,39.8675922831863,38.3693830743429));
#2034=CARTESIAN_POINT('Ctrl Pts',(52.1224390251875,39.8673517508156,38.5247208234309));
#2035=CARTESIAN_POINT('Ctrl Pts',(51.9812747032352,39.8675565301203,38.864702402811));
#2036=CARTESIAN_POINT('Ctrl Pts',(51.9459834741554,39.8680017979083,39.0493462299716));
#2037=CARTESIAN_POINT('Ctrl Pts',(51.9437325274154,39.8693543031599,39.3965313912749));
#2038=CARTESIAN_POINT('Ctrl Pts',(51.9769698905558,39.8703556152106,39.5825094475482));
#2039=CARTESIAN_POINT('Ctrl Pts',(52.1150216602002,39.8728143922789,39.9256675920216));
#2040=CARTESIAN_POINT('Ctrl Pts',(52.2198360091143,39.8742715118074,40.0828477058654));
#2041=CARTESIAN_POINT('Ctrl Pts',(52.4638412171887,39.8772037437588,40.3337567032274));
#2042=CARTESIAN_POINT('Ctrl Pts',(52.619913322636,39.8788773545028,40.443759121559));
#2043=CARTESIAN_POINT('Ctrl Pts',(52.9631738266327,39.8821797743697,40.5914399051565));
#2044=CARTESIAN_POINT('Ctrl Pts',(53.1503622288485,39.8838086313552,40.62911826083));
#2045=CARTESIAN_POINT('Ctrl Pts',(53.326301574707,39.8852079596284,40.6314471341643));
#2046=CARTESIAN_POINT('Origin',(51.6272735595703,39.519311504778,-42.0236349105835));
#2047=CARTESIAN_POINT('',(51.6272735595703,40.,-43.6236349105835));
#2048=CARTESIAN_POINT('Origin',(51.6272735595703,40.,-42.0236349105835));
#2049=CARTESIAN_POINT('',(51.6272735595703,39.8779420182628,-43.4204963159212));
#2050=CARTESIAN_POINT('',(51.6272735595703,39.519311504778,-42.8236349105835));
#2051=CARTESIAN_POINT('',(51.6272735595703,39.8817125250007,-40.6204983282439));
#2052=CARTESIAN_POINT('Ctrl Pts',(51.6272735595703,39.8817125250007,-40.6204983282439));
#2053=CARTESIAN_POINT('Ctrl Pts',(51.8033496180296,39.8815856841694,-40.6207094268369));
#2054=CARTESIAN_POINT('Ctrl Pts',(51.9910998551324,39.8814030493995,-40.6561803335701));
#2055=CARTESIAN_POINT('Ctrl Pts',(52.3362991472272,39.8809615512092,-40.7999014334143));
#2056=CARTESIAN_POINT('Ctrl Pts',(52.4937482029044,39.8807026775959,-40.9081516248484));
#2057=CARTESIAN_POINT('Ctrl Pts',(52.7419155201704,39.880188467417,-41.1575291479999));
#2058=CARTESIAN_POINT('Ctrl Pts',(52.8492573442855,39.8798989386969,-41.3151734130032));
#2059=CARTESIAN_POINT('Ctrl Pts',(52.9912923039491,39.8793316516702,-41.660355336358));
#2060=CARTESIAN_POINT('Ctrl Pts',(53.0259854391747,39.8790538953762,-41.8478929948456));
#2061=CARTESIAN_POINT('Ctrl Pts',(53.0251984039864,39.8785809969258,-42.1990692233807));
#2062=CARTESIAN_POINT('Ctrl Pts',(52.989787531935,39.8783542105734,-42.3861426850211));
#2063=CARTESIAN_POINT('Ctrl Pts',(52.8466669501005,39.8779932684206,-42.7302163240459));
#2064=CARTESIAN_POINT('Ctrl Pts',(52.7389572386264,39.877859122806,-42.8872165007376));
#2065=CARTESIAN_POINT('Ctrl Pts',(52.4907436549333,39.877703797326,-43.1350644398838));
#2066=CARTESIAN_POINT('Ctrl Pts',(52.3336846700126,39.8776721820069,-43.2424995153647));
#2067=CARTESIAN_POINT('Ctrl Pts',(51.9896163784724,39.8777281405329,-43.385110349039));
#2068=CARTESIAN_POINT('Ctrl Pts',(51.8026070719927,39.8778157123433,-43.4202861075708));
#2069=CARTESIAN_POINT('Ctrl Pts',(51.6272735595703,39.8779420182628,-43.4204963159212));
#2070=CARTESIAN_POINT('',(51.6255950927734,39.8779432287458,-43.4204973220825));
#2071=CARTESIAN_POINT('Ctrl Pts',(51.6255950927734,39.8779432287458,-43.4204973220825));
#2072=CARTESIAN_POINT('Ctrl Pts',(51.4505819187826,39.8780695869055,-43.4204973220825));
#2073=CARTESIAN_POINT('Ctrl Pts',(51.2639687031788,39.878251271895,-43.3856882108928));
#2074=CARTESIAN_POINT('Ctrl Pts',(50.9198572765411,39.8786908250854,-43.243884035944));
#2075=CARTESIAN_POINT('Ctrl Pts',(50.7624540689975,39.8789489421761,-43.1366456756825));
#2076=CARTESIAN_POINT('Ctrl Pts',(50.5134226151131,39.8794624386389,-42.8888228742155));
#2077=CARTESIAN_POINT('Ctrl Pts',(50.4052767661683,39.8797521272294,-42.7316143625836));
#2078=CARTESIAN_POINT('Ctrl Pts',(50.2615617943673,39.8803196624717,-42.386936163335));
#2079=CARTESIAN_POINT('Ctrl Pts',(50.2259926718584,39.880597511178,-42.199466475577));
#2080=CARTESIAN_POINT('Ctrl Pts',(50.2252038563116,39.8810714793757,-41.8474958485493));
#2081=CARTESIAN_POINT('Ctrl Pts',(50.2600536945494,39.8812990676028,-41.6595613719227));
#2082=CARTESIAN_POINT('Ctrl Pts',(50.4026811160452,39.8816612531369,-41.3137728525018));
#2083=CARTESIAN_POINT('Ctrl Pts',(50.5104587009693,39.8817958606317,-41.1559188104054));
#2084=CARTESIAN_POINT('Ctrl Pts',(50.7594455569121,39.8819518998278,-40.9065647564483));
#2085=CARTESIAN_POINT('Ctrl Pts',(50.9172402773647,39.8819836499189,-40.7985116568961));
#2086=CARTESIAN_POINT('Ctrl Pts',(51.2630340135294,39.881927443178,-40.65537279507));
#2087=CARTESIAN_POINT('Ctrl Pts',(51.4510330291037,39.8818394843136,-40.6202870324644));
#2088=CARTESIAN_POINT('Ctrl Pts',(51.6272735595703,39.8817125250007,-40.6204983282439));
#2089=CARTESIAN_POINT('Ctrl Pts',(51.6272735595703,39.8779420182628,-43.4204963159212));
#2090=CARTESIAN_POINT('Ctrl Pts',(51.6267141898158,39.8779424212189,-43.4204969865528));
#2091=CARTESIAN_POINT('Ctrl Pts',(51.626154700594,39.8779428247133,-43.4204973220825));
#2092=CARTESIAN_POINT('Ctrl Pts',(51.6255950927734,39.8779432287458,-43.4204973220825));
#2093=CARTESIAN_POINT('Origin',(-52.2775707527537,39.519311504778,-41.1568886423782));
#2094=CARTESIAN_POINT('',(-52.2775707527537,40.,-42.7568886423782));
#2095=CARTESIAN_POINT('Origin',(-52.2775707527537,40.,-41.1568886423782));
#2096=CARTESIAN_POINT('',(-52.2775707527537,39.8721725022686,-42.5441479606236));
#2097=CARTESIAN_POINT('',(-52.2775707527537,39.519311504778,-41.9568886423782));
#2098=CARTESIAN_POINT('',(-52.2775707527537,39.8874329292799,-39.7442317085659));
#2099=CARTESIAN_POINT('Ctrl Pts',(-52.2775707527537,39.8874329292799,-39.7442317085659));
#2100=CARTESIAN_POINT('Ctrl Pts',(-52.1008153829244,39.8866114830239,-39.7455988247157));
#2101=CARTESIAN_POINT('Ctrl Pts',(-51.912621221098,39.8855437674258,-39.782573519524));
#2102=CARTESIAN_POINT('Ctrl Pts',(-51.5673382477349,39.8831508143326,-39.9295789924607));
#2103=CARTESIAN_POINT('Ctrl Pts',(-51.4102494242712,39.8818253904552,-40.0396097395416));
#2104=CARTESIAN_POINT('Ctrl Pts',(-51.1644025352421,39.8793129519275,-40.2913696254768));
#2105=CARTESIAN_POINT('Ctrl Pts',(-51.0588098230109,39.8779589893058,-40.4494124330379));
#2106=CARTESIAN_POINT('Ctrl Pts',(-50.9200424491292,39.8754232679825,-40.7946106547333));
#2107=CARTESIAN_POINT('Ctrl Pts',(-50.8868678085679,39.8742416414829,-40.9817660783165));
#2108=CARTESIAN_POINT('Ctrl Pts',(-50.8900335616866,39.8723394651043,-41.3307651429176));
#2109=CARTESIAN_POINT('Ctrl Pts',(-50.9260960617206,39.8714889139667,-41.516048367802));
#2110=CARTESIAN_POINT('Ctrl Pts',(-51.0692360400583,39.8702842547291,-41.8567834549729));
#2111=CARTESIAN_POINT('Ctrl Pts',(-51.1763135501196,39.8699303319273,-42.0122353045735));
#2112=CARTESIAN_POINT('Ctrl Pts',(-51.4223660457708,39.8697329577925,-42.2578228532613));
#2113=CARTESIAN_POINT('Ctrl Pts',(-51.5778920218861,39.8698758358706,-42.364550424402));
#2114=CARTESIAN_POINT('Ctrl Pts',(-51.9186199244672,39.8706919381703,-42.5070410352202));
#2115=CARTESIAN_POINT('Ctrl Pts',(-52.1038218416109,39.8713650281155,-42.5428040979581));
#2116=CARTESIAN_POINT('Ctrl Pts',(-52.2775707527537,39.8721725022686,-42.5441479606236));
#2117=CARTESIAN_POINT('',(-52.2883987427072,39.8722230526515,-42.5441898345947));
#2118=CARTESIAN_POINT('Ctrl Pts',(-52.2883987427386,39.8722230526515,-42.5441898345947));
#2119=CARTESIAN_POINT('Ctrl Pts',(-52.4600790563179,39.873028167978,-42.544189834587));
#2120=CARTESIAN_POINT('Ctrl Pts',(-52.6427313077802,39.8740673331104,-42.5107658616622));
#2121=CARTESIAN_POINT('Ctrl Pts',(-52.9837091094122,39.8764132594821,-42.3734305147354));
#2122=CARTESIAN_POINT('Ctrl Pts',(-53.1414415668704,39.8777254568897,-42.2679682664793));
#2123=CARTESIAN_POINT('Ctrl Pts',(-53.3927538857133,39.8802334250212,-42.0225592142252));
#2124=CARTESIAN_POINT('Ctrl Pts',(-53.5026486652546,39.8815968769002,-41.8657775251056));
#2125=CARTESIAN_POINT('Ctrl Pts',(-53.6496420681018,39.8841489551752,-41.5211623515745));
#2126=CARTESIAN_POINT('Ctrl Pts',(-53.6867406683303,39.8853377173443,-41.3333288583249));
#2127=CARTESIAN_POINT('Ctrl Pts',(-53.6899529070396,39.8872678250836,-40.9792051276441));
#2128=CARTESIAN_POINT('Ctrl Pts',(-53.655782570814,39.8881345908731,-40.789483977468));
#2129=CARTESIAN_POINT('Ctrl Pts',(-53.5132121172083,39.8893618398132,-40.4403525124104));
#2130=CARTESIAN_POINT('Ctrl Pts',(-53.4048119706748,39.889722507798,-40.2809422100837));
#2131=CARTESIAN_POINT('Ctrl Pts',(-53.1536616937475,39.8899243523398,-40.0293172559936));
#2132=CARTESIAN_POINT('Ctrl Pts',(-52.9943287337326,39.8897784662779,-39.9205616671121));
#2133=CARTESIAN_POINT('Ctrl Pts',(-52.6451909030157,39.8889460076522,-39.777331246865));
#2134=CARTESIAN_POINT('Ctrl Pts',(-52.4553860412617,39.8882593013622,-39.7428563944646));
#2135=CARTESIAN_POINT('Ctrl Pts',(-52.2775707527537,39.8874329292799,-39.7442317085659));
#2136=CARTESIAN_POINT('Ctrl Pts',(-52.2775707527537,39.8721725022686,-42.5441479606236));
#2137=CARTESIAN_POINT('Ctrl Pts',(-52.2811750646257,39.872189252812,-42.5441758382093));
#2138=CARTESIAN_POINT('Ctrl Pts',(-52.2847844724682,39.8722061030996,-42.5441898345949));
#2139=CARTESIAN_POINT('Ctrl Pts',(-52.2883987427386,39.8722230526515,-42.5441898345947));
#2140=CARTESIAN_POINT('Origin',(53.3448314666748,24.5793975666807,39.2315697669983));
#2141=CARTESIAN_POINT('',(53.3448314666748,25.,37.8315697669983));
#2142=CARTESIAN_POINT('Origin',(53.3448314666748,25.,39.2315697669983));
#2143=CARTESIAN_POINT('',(53.3448314666748,24.1587951333614,39.2315697669983));
#2144=CARTESIAN_POINT('',(53.3448314666748,24.5793975666807,38.5315697669983));
#2145=CARTESIAN_POINT('Origin',(53.3448314666748,32.5,39.2315697669983));
#2146=CARTESIAN_POINT('',(53.3448314666748,32.5,37.8315697669983));
#2147=CARTESIAN_POINT('Origin',(-52.8031539916992,24.5793975666807,39.233238697052));
#2148=CARTESIAN_POINT('',(-52.8031539916992,25.,37.833238697052));
#2149=CARTESIAN_POINT('Origin',(-52.8031539916992,25.,39.233238697052));
#2150=CARTESIAN_POINT('',(-52.8031539916992,24.1587951333614,39.233238697052));
#2151=CARTESIAN_POINT('',(-52.8031539916992,24.5793975666807,38.533238697052));
#2152=CARTESIAN_POINT('Origin',(-52.8031539916992,32.5,39.233238697052));
#2153=CARTESIAN_POINT('',(-52.8031539916992,32.5,37.833238697052));
#2154=CARTESIAN_POINT('Origin',(51.6255950927734,24.5793975666807,-42.0204973220825));
#2155=CARTESIAN_POINT('',(51.6255950927734,25.,-43.4204973220825));
#2156=CARTESIAN_POINT('Origin',(51.6255950927734,25.,-42.0204973220825));
#2157=CARTESIAN_POINT('',(51.6255950927734,24.1587951333614,-42.0204973220825));
#2158=CARTESIAN_POINT('',(51.6255950927734,24.5793975666807,-42.7204973220825));
#2159=CARTESIAN_POINT('Origin',(51.6255950927734,32.5,-42.0204973220825));
#2160=CARTESIAN_POINT('',(51.6255950927734,32.5,-43.4204973220825));
#2161=CARTESIAN_POINT('Origin',(-52.2883987426758,24.5793975666807,-41.1441898345947));
#2162=CARTESIAN_POINT('',(-52.2883987426758,25.,-42.5441898345947));
#2163=CARTESIAN_POINT('Origin',(-52.2883987426758,25.,-41.1441898345947));
#2164=CARTESIAN_POINT('',(-52.2883987426758,24.1587951333614,-41.1441898345947));
#2165=CARTESIAN_POINT('',(-52.2883987426758,24.5793975666807,-41.8441898345947));
#2166=CARTESIAN_POINT('Origin',(-52.2883987426758,32.5,-41.1441898345947));
#2167=CARTESIAN_POINT('',(-52.2883987426758,32.5,-42.5441898345947));
#2168=CARTESIAN_POINT('Origin',(-49.6558773309486,0.,-37.0421849138639));
#2169=CARTESIAN_POINT('',(-59.6558773309486,40.,-37.0421849138639));
#2170=CARTESIAN_POINT('',(-49.6558773309486,40.,-47.0421849138639));
#2171=CARTESIAN_POINT('Origin',(-49.6558773309486,40.,-37.0421849138639));
#2172=CARTESIAN_POINT('',(-49.6558773309486,0.,-47.0421849138639));
#2173=CARTESIAN_POINT('',(-49.6558773309486,0.,-47.0421849138639));
#2174=CARTESIAN_POINT('',(-59.6558773309486,0.,-37.0421849138639));
#2175=CARTESIAN_POINT('Origin',(-49.6558773309486,0.,-37.0421849138639));
#2176=CARTESIAN_POINT('',(-59.6558773309486,0.,-37.0421849138639));
#2177=CARTESIAN_POINT('Origin',(-59.6558773309486,0.,-47.0421849138639));
#2178=CARTESIAN_POINT('',(-59.6558773309486,0.,37.0421849138639));
#2179=CARTESIAN_POINT('',(-59.6558773309486,0.,-47.0421849138639));
#2180=CARTESIAN_POINT('',(-59.6558773309486,40.,37.0421849138639));
#2181=CARTESIAN_POINT('',(-59.6558773309486,0.,37.0421849138639));
#2182=CARTESIAN_POINT('',(-59.6558773309486,40.,-47.0421849138639));
#2183=CARTESIAN_POINT('Origin',(8.88178419700125E-15,0.,0.));
#2184=CARTESIAN_POINT('',(49.6558773309486,0.,-47.0421849138639));
#2185=CARTESIAN_POINT('',(59.6558773309486,0.,-47.0421849138639));
#2186=CARTESIAN_POINT('',(59.6558773309486,0.,-37.0421849138639));
#2187=CARTESIAN_POINT('Origin',(49.6558773309486,0.,-37.0421849138639));
#2188=CARTESIAN_POINT('',(59.6558773309486,0.,37.0421849138639));
#2189=CARTESIAN_POINT('',(59.6558773309486,0.,47.0421849138639));
#2190=CARTESIAN_POINT('',(49.6558773309486,0.,47.0421849138639));
#2191=CARTESIAN_POINT('Origin',(49.6558773309486,0.,37.0421849138639));
#2192=CARTESIAN_POINT('',(-49.6558773309486,0.,47.0421849138639));
#2193=CARTESIAN_POINT('',(-59.6558773309486,0.,47.0421849138639));
#2194=CARTESIAN_POINT('Origin',(-49.6558773309486,0.,37.0421849138639));
#2195=CARTESIAN_POINT('Origin',(49.6558773309486,0.,-37.0421849138639));
#2196=CARTESIAN_POINT('',(49.6558773309486,40.,-47.0421849138639));
#2197=CARTESIAN_POINT('',(59.6558773309486,40.,-37.0421849138639));
#2198=CARTESIAN_POINT('Origin',(49.6558773309486,40.,-37.0421849138639));
#2199=CARTESIAN_POINT('',(59.6558773309486,0.,-37.0421849138639));
#2200=CARTESIAN_POINT('',(49.6558773309486,0.,-47.0421849138639));
#2201=CARTESIAN_POINT('Origin',(59.6558773309486,0.,47.0421849138639));
#2202=CARTESIAN_POINT('',(59.6558773309486,40.,37.0421849138639));
#2203=CARTESIAN_POINT('',(59.6558773309486,40.,47.0421849138639));
#2204=CARTESIAN_POINT('',(59.6558773309486,0.,37.0421849138639));
#2205=CARTESIAN_POINT('Origin',(49.6558773309486,0.,37.0421849138639));
#2206=CARTESIAN_POINT('',(49.6558773309486,40.,47.0421849138639));
#2207=CARTESIAN_POINT('Origin',(49.6558773309486,40.,37.0421849138639));
#2208=CARTESIAN_POINT('',(49.6558773309486,0.,47.0421849138639));
#2209=CARTESIAN_POINT('Origin',(-49.6558773309486,0.,37.0421849138639));
#2210=CARTESIAN_POINT('',(-49.6558773309486,40.,47.0421849138639));
#2211=CARTESIAN_POINT('Origin',(-49.6558773309486,40.,37.0421849138639));
#2212=CARTESIAN_POINT('',(-49.6558773309486,0.,47.0421849138639));
#2213=CARTESIAN_POINT('Origin',(34.6558773309486,0.,-22.0421849138639));
#2214=CARTESIAN_POINT('',(54.6558773309486,40.,-22.0421849138639));
#2215=CARTESIAN_POINT('',(54.6558773309486,0.,-22.0421849138639));
#2216=CARTESIAN_POINT('',(34.6558773309486,40.,-42.0421849138639));
#2217=CARTESIAN_POINT('Origin',(34.6558773309486,40.,-22.0421849138639));
#2218=CARTESIAN_POINT('',(34.6558773309486,0.,-42.0421849138639));
#2219=CARTESIAN_POINT('Origin',(-54.6558773309486,0.,-42.0421849138639));
#2220=CARTESIAN_POINT('',(-34.6558773309486,40.,-42.0421849138639));
#2221=CARTESIAN_POINT('',(54.6558773309486,40.,-42.0421849138639));
#2222=CARTESIAN_POINT('',(-34.6558773309486,0.,-42.0421849138639));
#2223=CARTESIAN_POINT('Origin',(34.6558773309486,0.,22.0421849138639));
#2224=CARTESIAN_POINT('',(34.6558773309486,40.,42.0421849138639));
#2225=CARTESIAN_POINT('',(34.6558773309486,0.,42.0421849138639));
#2226=CARTESIAN_POINT('',(54.6558773309486,40.,22.0421849138639));
#2227=CARTESIAN_POINT('Origin',(34.6558773309486,40.,22.0421849138639));
#2228=CARTESIAN_POINT('',(54.6558773309486,0.,22.0421849138639));
#2229=CARTESIAN_POINT('Origin',(54.6558773309486,0.,42.0421849138639));
#2230=CARTESIAN_POINT('',(-34.6558773309486,40.,42.0421849138639));
#2231=CARTESIAN_POINT('',(-34.6558773309486,0.,42.0421849138639));
#2232=CARTESIAN_POINT('',(-54.6558773309486,40.,42.0421849138639));
#2233=CARTESIAN_POINT('Origin',(-34.6558773309486,0.,22.0421849138639));
#2234=CARTESIAN_POINT('',(-54.6558773309486,40.,22.0421849138639));
#2235=CARTESIAN_POINT('',(-54.6558773309486,0.,22.0421849138639));
#2236=CARTESIAN_POINT('Origin',(-34.6558773309486,40.,22.0421849138639));
#2237=CARTESIAN_POINT('Origin',(-54.6558773309486,0.,42.0421849138639));
#2238=CARTESIAN_POINT('',(-54.6558773309486,40.,-22.0421849138639));
#2239=CARTESIAN_POINT('',(-54.6558773309486,0.,-22.0421849138639));
#2240=CARTESIAN_POINT('',(-54.6558773309486,40.,-42.0421849138639));
#2241=CARTESIAN_POINT('Origin',(-34.6558773309486,0.,-22.0421849138639));
#2242=CARTESIAN_POINT('Origin',(-34.6558773309486,40.,-22.0421849138639));
#2243=CARTESIAN_POINT('Origin',(42.5974717546351,5.,27.7554111641525));
#2244=CARTESIAN_POINT('',(45.347471754635,35.,27.7554111641525));
#2245=CARTESIAN_POINT('Origin',(42.5974717546351,35.,27.7554111641525));
#2246=CARTESIAN_POINT('',(45.347471754635,30.,27.7554111641525));
#2247=CARTESIAN_POINT('',(45.347471754635,5.,27.7554111641525));
#2248=CARTESIAN_POINT('Origin',(42.5974717546351,30.,27.7554111641525));
#2249=CARTESIAN_POINT('Origin',(42.5974717546351,35.,27.7554111641525));
#2250=CARTESIAN_POINT('Origin',(42.5974717546351,5.,27.7554111641525));
#2251=CARTESIAN_POINT('',(46.0974717546351,30.,27.7554111641525));
#2252=CARTESIAN_POINT('Origin',(42.5974717546351,30.,27.7554111641525));
#2253=CARTESIAN_POINT('',(46.0974717546351,5.,27.7554111641525));
#2254=CARTESIAN_POINT('Origin',(42.5974717546351,30.,27.7554111641525));
#2255=CARTESIAN_POINT('Origin',(-41.1034414470819,5.,27.1453506552188));
#2256=CARTESIAN_POINT('',(-38.3534414470819,35.,27.1453506552188));
#2257=CARTESIAN_POINT('Origin',(-41.1034414470819,35.,27.1453506552188));
#2258=CARTESIAN_POINT('',(-38.3534414470819,30.,27.1453506552188));
#2259=CARTESIAN_POINT('',(-38.3534414470819,5.,27.1453506552188));
#2260=CARTESIAN_POINT('Origin',(-41.1034414470819,30.,27.1453506552188));
#2261=CARTESIAN_POINT('Origin',(-41.1034414470819,35.,27.1453506552188));
#2262=CARTESIAN_POINT('Origin',(-41.1034414470819,5.,27.1453506552188));
#2263=CARTESIAN_POINT('',(-37.6034414470819,30.,27.1453506552188));
#2264=CARTESIAN_POINT('Origin',(-41.1034414470819,30.,27.1453506552188));
#2265=CARTESIAN_POINT('',(-37.6034414470819,5.,27.1453506552188));
#2266=CARTESIAN_POINT('Origin',(-41.1034414470819,30.,27.1453506552188));
#2267=CARTESIAN_POINT('Origin',(43.0368257977307,5.,-27.8631726175308));
#2268=CARTESIAN_POINT('',(45.7868257977307,35.,-27.8631726175308));
#2269=CARTESIAN_POINT('Origin',(43.0368257977307,35.,-27.8631726175308));
#2270=CARTESIAN_POINT('',(45.7868257977307,30.,-27.8631726175308));
#2271=CARTESIAN_POINT('',(45.7868257977307,5.,-27.8631726175308));
#2272=CARTESIAN_POINT('Origin',(43.0368257977307,30.,-27.8631726175308));
#2273=CARTESIAN_POINT('Origin',(43.0368257977307,35.,-27.8631726175308));
#2274=CARTESIAN_POINT('Origin',(43.0368257977307,5.,-27.8631726175308));
#2275=CARTESIAN_POINT('',(46.5368257977307,30.,-27.8631726175308));
#2276=CARTESIAN_POINT('Origin',(43.0368257977307,30.,-27.8631726175308));
#2277=CARTESIAN_POINT('',(46.5368257977307,5.,-27.8631726175308));
#2278=CARTESIAN_POINT('Origin',(43.0368257977307,30.,-27.8631726175308));
#2279=CARTESIAN_POINT('Origin',(-41.164873240421,5.,-27.9905307617944));
#2280=CARTESIAN_POINT('',(-38.414873240421,35.,-27.9905307617944));
#2281=CARTESIAN_POINT('Origin',(-41.164873240421,35.,-27.9905307617944));
#2282=CARTESIAN_POINT('',(-38.414873240421,30.,-27.9905307617944));
#2283=CARTESIAN_POINT('',(-38.414873240421,5.,-27.9905307617944));
#2284=CARTESIAN_POINT('Origin',(-41.164873240421,30.,-27.9905307617944));
#2285=CARTESIAN_POINT('Origin',(8.88178419700125E-15,35.,0.));
#2286=CARTESIAN_POINT('Origin',(-41.164873240421,5.,-27.9905307617944));
#2287=CARTESIAN_POINT('',(-37.664873240421,30.,-27.9905307617944));
#2288=CARTESIAN_POINT('Origin',(-41.164873240421,30.,-27.9905307617944));
#2289=CARTESIAN_POINT('',(-37.664873240421,5.,-27.9905307617944));
#2290=CARTESIAN_POINT('Origin',(-41.164873240421,30.,-27.9905307617944));
#2291=CARTESIAN_POINT('Origin',(54.6558773309486,0.,-42.0421849138639));
#2292=CARTESIAN_POINT('',(54.6558773309486,40.,42.0421849138639));
#2293=CARTESIAN_POINT('Origin',(59.6558773309486,0.,-47.0421849138639));
#2294=CARTESIAN_POINT('',(59.6558773309486,40.,-47.0421849138639));
#2295=CARTESIAN_POINT('Origin',(-59.6558773309486,0.,47.0421849138639));
#2296=CARTESIAN_POINT('',(-59.6558773309486,40.,47.0421849138639));
#2297=CARTESIAN_POINT('Origin',(8.88178419700125E-15,40.,0.));
#2298=CARTESIAN_POINT('Origin',(-52.8093728750287,42.5,39.2418422967853));
#2299=CARTESIAN_POINT('',(-52.8093728750287,45.,37.6418422967853));
#2300=CARTESIAN_POINT('Origin',(-52.8093728750287,45.,39.2418422967853));
#2301=CARTESIAN_POINT('',(-52.8093728750287,40.,37.6418422967853));
#2302=CARTESIAN_POINT('',(-52.8093728750287,42.5,37.6418422967853));
#2303=CARTESIAN_POINT('Origin',(-52.8093728750287,40.,39.2418422967853));
#2304=CARTESIAN_POINT('Origin',(53.326301574707,42.5,39.2224931716919));
#2305=CARTESIAN_POINT('',(53.326301574707,45.,37.6224931716919));
#2306=CARTESIAN_POINT('Origin',(53.326301574707,45.,39.2224931716919));
#2307=CARTESIAN_POINT('',(53.326301574707,40.,37.6224931716919));
#2308=CARTESIAN_POINT('',(53.326301574707,42.5,37.6224931716919));
#2309=CARTESIAN_POINT('Origin',(53.326301574707,40.,39.2224931716919));
#2310=CARTESIAN_POINT('Origin',(51.6272735595703,42.5,-42.0236349105835));
#2311=CARTESIAN_POINT('',(51.6272735595703,45.,-43.6236349105835));
#2312=CARTESIAN_POINT('Origin',(51.6272735595703,45.,-42.0236349105835));
#2313=CARTESIAN_POINT('',(51.6272735595703,40.,-43.6236349105835));
#2314=CARTESIAN_POINT('',(51.6272735595703,42.5,-43.6236349105835));
#2315=CARTESIAN_POINT('Origin',(51.6272735595703,40.,-42.0236349105835));
#2316=CARTESIAN_POINT('Origin',(-52.2775707527537,42.5,-41.1568886423782));
#2317=CARTESIAN_POINT('',(-52.2775707527537,45.,-42.7568886423782));
#2318=CARTESIAN_POINT('Origin',(-52.2775707527537,45.,-41.1568886423782));
#2319=CARTESIAN_POINT('',(-52.2775707527537,40.,-42.7568886423782));
#2320=CARTESIAN_POINT('',(-52.2775707527537,42.5,-42.7568886423782));
#2321=CARTESIAN_POINT('Origin',(-52.2775707527537,40.,-41.1568886423782));
#2322=CARTESIAN_POINT('Origin',(2.97440648078918,42.5,14.4310140609741));
#2323=CARTESIAN_POINT('',(2.97440648078918,45.,13.6810140609741));
#2324=CARTESIAN_POINT('Origin',(2.97440648078918,45.,14.4310140609741));
#2325=CARTESIAN_POINT('',(2.97440648078918,40.,13.6810140609741));
#2326=CARTESIAN_POINT('',(2.97440648078918,42.5,13.6810140609741));
#2327=CARTESIAN_POINT('Origin',(2.97440648078918,40.,14.4310140609741));
#2328=CARTESIAN_POINT('Origin',(-3.40043097734451,42.5,14.3844819068909));
#2329=CARTESIAN_POINT('',(-3.40043097734451,45.,13.6344819068909));
#2330=CARTESIAN_POINT('Origin',(-3.40043097734451,45.,14.3844819068909));
#2331=CARTESIAN_POINT('',(-3.40043097734451,40.,13.6344819068909));
#2332=CARTESIAN_POINT('',(-3.40043097734451,42.5,13.6344819068909));
#2333=CARTESIAN_POINT('Origin',(-3.40043097734451,40.,14.3844819068909));
#2334=CARTESIAN_POINT('Origin',(-8.88947546482086,42.5,14.3486511707306));
#2335=CARTESIAN_POINT('',(-8.88947546482086,45.,13.5986511707306));
#2336=CARTESIAN_POINT('Origin',(-8.88947546482086,45.,14.3486511707306));
#2337=CARTESIAN_POINT('',(-8.88947546482086,40.,13.5986511707306));
#2338=CARTESIAN_POINT('',(-8.88947546482086,42.5,13.5986511707306));
#2339=CARTESIAN_POINT('Origin',(-8.88947546482086,40.,14.3486511707306));
#2340=CARTESIAN_POINT('Origin',(-49.6558773309486,40.,-37.0421849138639));
#2341=CARTESIAN_POINT('',(-59.6558773309486,45.,-37.0421849138639));
#2342=CARTESIAN_POINT('',(-49.6558773309486,45.,-47.0421849138639));
#2343=CARTESIAN_POINT('Origin',(-49.6558773309486,45.,-37.0421849138639));
#2344=CARTESIAN_POINT('',(-49.6558773309486,40.,-47.0421849138639));
#2345=CARTESIAN_POINT('',(-49.6558773309486,40.,-47.0421849138639));
#2346=CARTESIAN_POINT('',(-59.6558773309486,40.,-37.0421849138639));
#2347=CARTESIAN_POINT('Origin',(-49.6558773309486,40.,-37.0421849138639));
#2348=CARTESIAN_POINT('',(-59.6558773309486,40.,-37.0421849138639));
#2349=CARTESIAN_POINT('Origin',(59.6558773309486,40.,-47.0421849138639));
#2350=CARTESIAN_POINT('',(49.6558773309486,45.,-47.0421849138639));
#2351=CARTESIAN_POINT('',(-59.6558773309486,45.,-47.0421849138639));
#2352=CARTESIAN_POINT('',(49.6558773309486,40.,-47.0421849138639));
#2353=CARTESIAN_POINT('',(49.6558773309486,40.,-47.0421849138639));
#2354=CARTESIAN_POINT('',(-59.6558773309486,40.,-47.0421849138639));
#2355=CARTESIAN_POINT('Origin',(8.88178419700125E-15,45.,0.));
#2356=CARTESIAN_POINT('',(-59.6558773309486,45.,37.0421849138639));
#2357=CARTESIAN_POINT('',(-59.6558773309486,45.,47.0421849138639));
#2358=CARTESIAN_POINT('',(-49.6558773309486,45.,47.0421849138639));
#2359=CARTESIAN_POINT('Origin',(-49.6558773309486,45.,37.0421849138639));
#2360=CARTESIAN_POINT('',(49.6558773309486,45.,47.0421849138639));
#2361=CARTESIAN_POINT('',(59.6558773309486,45.,47.0421849138639));
#2362=CARTESIAN_POINT('',(59.6558773309486,45.,37.0421849138639));
#2363=CARTESIAN_POINT('Origin',(49.6558773309486,45.,37.0421849138639));
#2364=CARTESIAN_POINT('',(59.6558773309486,45.,-37.0421849138639));
#2365=CARTESIAN_POINT('',(59.6558773309486,45.,-47.0421849138639));
#2366=CARTESIAN_POINT('Origin',(49.6558773309486,45.,-37.0421849138639));
#2367=CARTESIAN_POINT('Origin',(49.6558773309486,40.,-37.0421849138639));
#2368=CARTESIAN_POINT('',(59.6558773309486,40.,-37.0421849138639));
#2369=CARTESIAN_POINT('',(59.6558773309486,40.,-37.0421849138639));
#2370=CARTESIAN_POINT('Origin',(49.6558773309486,40.,-37.0421849138639));
#2371=CARTESIAN_POINT('Origin',(59.6558773309486,40.,47.0421849138639));
#2372=CARTESIAN_POINT('',(59.6558773309486,40.,37.0421849138639));
#2373=CARTESIAN_POINT('',(59.6558773309486,40.,37.0421849138639));
#2374=CARTESIAN_POINT('',(59.6558773309486,40.,-47.0421849138639));
#2375=CARTESIAN_POINT('Origin',(49.6558773309486,40.,37.0421849138639));
#2376=CARTESIAN_POINT('',(49.6558773309486,40.,47.0421849138639));
#2377=CARTESIAN_POINT('',(49.6558773309486,40.,47.0421849138639));
#2378=CARTESIAN_POINT('Origin',(49.6558773309486,40.,37.0421849138639));
#2379=CARTESIAN_POINT('Origin',(-59.6558773309486,40.,47.0421849138639));
#2380=CARTESIAN_POINT('',(-49.6558773309486,40.,47.0421849138639));
#2381=CARTESIAN_POINT('',(-49.6558773309486,40.,47.0421849138639));
#2382=CARTESIAN_POINT('',(59.6558773309486,40.,47.0421849138639));
#2383=CARTESIAN_POINT('Origin',(-49.6558773309486,40.,37.0421849138639));
#2384=CARTESIAN_POINT('',(-59.6558773309486,40.,37.0421849138639));
#2385=CARTESIAN_POINT('',(-59.6558773309486,40.,37.0421849138639));
#2386=CARTESIAN_POINT('Origin',(-49.6558773309486,40.,37.0421849138639));
#2387=CARTESIAN_POINT('Origin',(-59.6558773309486,40.,-47.0421849138639));
#2388=CARTESIAN_POINT('',(-59.6558773309486,40.,47.0421849138639));
#2389=CARTESIAN_POINT('Origin',(8.88178419700125E-15,40.,0.));
#2390=UNCERTAINTY_MEASURE_WITH_UNIT(LENGTH_MEASURE(0.01),#2394,
'DISTANCE_ACCURACY_VALUE',
'Maximum model space distance between geometric entities at asserted c
onnectivities');
#2391=UNCERTAINTY_MEASURE_WITH_UNIT(LENGTH_MEASURE(0.01),#2394,
'DISTANCE_ACCURACY_VALUE',
'Maximum model space distance between geometric entities at asserted c
onnectivities');
#2392=(
GEOMETRIC_REPRESENTATION_CONTEXT(3)
GLOBAL_UNCERTAINTY_ASSIGNED_CONTEXT((#2390))
GLOBAL_UNIT_ASSIGNED_CONTEXT((#2394,#2396,#2397))
REPRESENTATION_CONTEXT('','3D')
);
#2393=(
GEOMETRIC_REPRESENTATION_CONTEXT(3)
GLOBAL_UNCERTAINTY_ASSIGNED_CONTEXT((#2391))
GLOBAL_UNIT_ASSIGNED_CONTEXT((#2394,#2396,#2397))
REPRESENTATION_CONTEXT('','3D')
);
#2394=(
LENGTH_UNIT()
NAMED_UNIT(*)
SI_UNIT(.MILLI.,.METRE.)
);
#2395=(
LENGTH_UNIT()
NAMED_UNIT(*)
SI_UNIT($,.METRE.)
);
#2396=(
NAMED_UNIT(*)
PLANE_ANGLE_UNIT()
SI_UNIT($,.RADIAN.)
);
#2397=(
NAMED_UNIT(*)
SI_UNIT($,.STERADIAN.)
SOLID_ANGLE_UNIT()
);
#2398=SHAPE_DEFINITION_REPRESENTATION(#2399,#2400);
#2399=PRODUCT_DEFINITION_SHAPE('',$,#2402);
#2400=SHAPE_REPRESENTATION('',(#1338),#2392);
#2401=PRODUCT_DEFINITION_CONTEXT('part definition',#2406,'design');
#2402=PRODUCT_DEFINITION('2026-06-21-01-36-33-200','GatewayCase_v1',#2403,
#2401);
#2403=PRODUCT_DEFINITION_FORMATION('',$,#2408);
#2404=PRODUCT_RELATED_PRODUCT_CATEGORY('GatewayCase_v1',
'GatewayCase_v1',(#2408));
#2405=APPLICATION_PROTOCOL_DEFINITION('international standard',
'automotive_design',2009,#2406);
#2406=APPLICATION_CONTEXT(
'Core Data for Automotive Mechanical Design Process');
#2407=PRODUCT_CONTEXT('part definition',#2406,'mechanical');
#2408=PRODUCT('2026-06-21-01-36-33-200','GatewayCase_v1',$,(#2407));
#2409=PRESENTATION_STYLE_ASSIGNMENT((#2443));
#2410=PRESENTATION_STYLE_ASSIGNMENT((#2444));
#2411=PRESENTATION_STYLE_ASSIGNMENT((#2445));
#2412=PRESENTATION_STYLE_ASSIGNMENT((#2446));
#2413=PRESENTATION_STYLE_ASSIGNMENT((#2447));
#2414=PRESENTATION_STYLE_ASSIGNMENT((#2448));
#2415=PRESENTATION_STYLE_ASSIGNMENT((#2449));
#2416=PRESENTATION_STYLE_ASSIGNMENT((#2450));
#2417=PRESENTATION_STYLE_ASSIGNMENT((#2451));
#2418=PRESENTATION_STYLE_ASSIGNMENT((#2452));
#2419=PRESENTATION_STYLE_ASSIGNMENT((#2453));
#2420=PRESENTATION_STYLE_ASSIGNMENT((#2454));
#2421=PRESENTATION_STYLE_ASSIGNMENT((#2455));
#2422=PRESENTATION_STYLE_ASSIGNMENT((#2456));
#2423=PRESENTATION_STYLE_ASSIGNMENT((#2457));
#2424=PRESENTATION_STYLE_ASSIGNMENT((#2458));
#2425=PRESENTATION_STYLE_ASSIGNMENT((#2459));
#2426=PRESENTATION_STYLE_ASSIGNMENT((#2460));
#2427=PRESENTATION_STYLE_ASSIGNMENT((#2461));
#2428=PRESENTATION_STYLE_ASSIGNMENT((#2462));
#2429=PRESENTATION_STYLE_ASSIGNMENT((#2463));
#2430=PRESENTATION_STYLE_ASSIGNMENT((#2464));
#2431=PRESENTATION_STYLE_ASSIGNMENT((#2465));
#2432=PRESENTATION_STYLE_ASSIGNMENT((#2466));
#2433=PRESENTATION_STYLE_ASSIGNMENT((#2467));
#2434=PRESENTATION_STYLE_ASSIGNMENT((#2468));
#2435=PRESENTATION_STYLE_ASSIGNMENT((#2469));
#2436=PRESENTATION_STYLE_ASSIGNMENT((#2470));
#2437=PRESENTATION_STYLE_ASSIGNMENT((#2471));
#2438=PRESENTATION_STYLE_ASSIGNMENT((#2472));
#2439=PRESENTATION_STYLE_ASSIGNMENT((#2473));
#2440=PRESENTATION_STYLE_ASSIGNMENT((#2474));
#2441=PRESENTATION_STYLE_ASSIGNMENT((#2475));
#2442=PRESENTATION_STYLE_ASSIGNMENT((#2476));
#2443=SURFACE_STYLE_USAGE(.BOTH.,#2477);
#2444=SURFACE_STYLE_USAGE(.BOTH.,#2478);
#2445=SURFACE_STYLE_USAGE(.BOTH.,#2479);
#2446=SURFACE_STYLE_USAGE(.BOTH.,#2480);
#2447=SURFACE_STYLE_USAGE(.BOTH.,#2481);
#2448=SURFACE_STYLE_USAGE(.BOTH.,#2482);
#2449=SURFACE_STYLE_USAGE(.BOTH.,#2483);
#2450=SURFACE_STYLE_USAGE(.BOTH.,#2484);
#2451=SURFACE_STYLE_USAGE(.BOTH.,#2485);
#2452=SURFACE_STYLE_USAGE(.BOTH.,#2486);
#2453=SURFACE_STYLE_USAGE(.BOTH.,#2487);
#2454=SURFACE_STYLE_USAGE(.BOTH.,#2488);
#2455=SURFACE_STYLE_USAGE(.BOTH.,#2489);
#2456=SURFACE_STYLE_USAGE(.BOTH.,#2490);
#2457=SURFACE_STYLE_USAGE(.BOTH.,#2491);
#2458=SURFACE_STYLE_USAGE(.BOTH.,#2492);
#2459=SURFACE_STYLE_USAGE(.BOTH.,#2493);
#2460=SURFACE_STYLE_USAGE(.BOTH.,#2494);
#2461=SURFACE_STYLE_USAGE(.BOTH.,#2495);
#2462=SURFACE_STYLE_USAGE(.BOTH.,#2496);
#2463=SURFACE_STYLE_USAGE(.BOTH.,#2497);
#2464=SURFACE_STYLE_USAGE(.BOTH.,#2498);
#2465=SURFACE_STYLE_USAGE(.BOTH.,#2499);
#2466=SURFACE_STYLE_USAGE(.BOTH.,#2500);
#2467=SURFACE_STYLE_USAGE(.BOTH.,#2501);
#2468=SURFACE_STYLE_USAGE(.BOTH.,#2502);
#2469=SURFACE_STYLE_USAGE(.BOTH.,#2503);
#2470=SURFACE_STYLE_USAGE(.BOTH.,#2504);
#2471=SURFACE_STYLE_USAGE(.BOTH.,#2505);
#2472=SURFACE_STYLE_USAGE(.BOTH.,#2506);
#2473=SURFACE_STYLE_USAGE(.BOTH.,#2507);
#2474=SURFACE_STYLE_USAGE(.BOTH.,#2508);
#2475=SURFACE_STYLE_USAGE(.BOTH.,#2509);
#2476=SURFACE_STYLE_USAGE(.BOTH.,#2510);
#2477=SURFACE_SIDE_STYLE('',(#2511));
#2478=SURFACE_SIDE_STYLE('',(#2512));
#2479=SURFACE_SIDE_STYLE('',(#2513));
#2480=SURFACE_SIDE_STYLE('',(#2514));
#2481=SURFACE_SIDE_STYLE('',(#2515));
#2482=SURFACE_SIDE_STYLE('',(#2516));
#2483=SURFACE_SIDE_STYLE('',(#2517));
#2484=SURFACE_SIDE_STYLE('',(#2518));
#2485=SURFACE_SIDE_STYLE('',(#2519));
#2486=SURFACE_SIDE_STYLE('',(#2520));
#2487=SURFACE_SIDE_STYLE('',(#2521));
#2488=SURFACE_SIDE_STYLE('',(#2522));
#2489=SURFACE_SIDE_STYLE('',(#2523));
#2490=SURFACE_SIDE_STYLE('',(#2524));
#2491=SURFACE_SIDE_STYLE('',(#2525));
#2492=SURFACE_SIDE_STYLE('',(#2526));
#2493=SURFACE_SIDE_STYLE('',(#2527));
#2494=SURFACE_SIDE_STYLE('',(#2528));
#2495=SURFACE_SIDE_STYLE('',(#2529));
#2496=SURFACE_SIDE_STYLE('',(#2530));
#2497=SURFACE_SIDE_STYLE('',(#2531));
#2498=SURFACE_SIDE_STYLE('',(#2532));
#2499=SURFACE_SIDE_STYLE('',(#2533));
#2500=SURFACE_SIDE_STYLE('',(#2534));
#2501=SURFACE_SIDE_STYLE('',(#2535));
#2502=SURFACE_SIDE_STYLE('',(#2536));
#2503=SURFACE_SIDE_STYLE('',(#2537));
#2504=SURFACE_SIDE_STYLE('',(#2538));
#2505=SURFACE_SIDE_STYLE('',(#2539));
#2506=SURFACE_SIDE_STYLE('',(#2540));
#2507=SURFACE_SIDE_STYLE('',(#2541));
#2508=SURFACE_SIDE_STYLE('',(#2542));
#2509=SURFACE_SIDE_STYLE('',(#2543));
#2510=SURFACE_SIDE_STYLE('',(#2544));
#2511=SURFACE_STYLE_FILL_AREA(#2545);
#2512=SURFACE_STYLE_FILL_AREA(#2546);
#2513=SURFACE_STYLE_FILL_AREA(#2547);
#2514=SURFACE_STYLE_FILL_AREA(#2548);
#2515=SURFACE_STYLE_FILL_AREA(#2549);
#2516=SURFACE_STYLE_FILL_AREA(#2550);
#2517=SURFACE_STYLE_FILL_AREA(#2551);
#2518=SURFACE_STYLE_FILL_AREA(#2552);
#2519=SURFACE_STYLE_FILL_AREA(#2553);
#2520=SURFACE_STYLE_FILL_AREA(#2554);
#2521=SURFACE_STYLE_FILL_AREA(#2555);
#2522=SURFACE_STYLE_FILL_AREA(#2556);
#2523=SURFACE_STYLE_FILL_AREA(#2557);
#2524=SURFACE_STYLE_FILL_AREA(#2558);
#2525=SURFACE_STYLE_FILL_AREA(#2559);
#2526=SURFACE_STYLE_FILL_AREA(#2560);
#2527=SURFACE_STYLE_FILL_AREA(#2561);
#2528=SURFACE_STYLE_FILL_AREA(#2562);
#2529=SURFACE_STYLE_FILL_AREA(#2563);
#2530=SURFACE_STYLE_FILL_AREA(#2564);
#2531=SURFACE_STYLE_FILL_AREA(#2565);
#2532=SURFACE_STYLE_FILL_AREA(#2566);
#2533=SURFACE_STYLE_FILL_AREA(#2567);
#2534=SURFACE_STYLE_FILL_AREA(#2568);
#2535=SURFACE_STYLE_FILL_AREA(#2569);
#2536=SURFACE_STYLE_FILL_AREA(#2570);
#2537=SURFACE_STYLE_FILL_AREA(#2571);
#2538=SURFACE_STYLE_FILL_AREA(#2572);
#2539=SURFACE_STYLE_FILL_AREA(#2573);
#2540=SURFACE_STYLE_FILL_AREA(#2574);
#2541=SURFACE_STYLE_FILL_AREA(#2575);
#2542=SURFACE_STYLE_FILL_AREA(#2576);
#2543=SURFACE_STYLE_FILL_AREA(#2577);
#2544=SURFACE_STYLE_FILL_AREA(#2578);
#2545=FILL_AREA_STYLE('Steel - Satin',(#2579));
#2546=FILL_AREA_STYLE('',(#2580));
#2547=FILL_AREA_STYLE('',(#2581));
#2548=FILL_AREA_STYLE('',(#2582));
#2549=FILL_AREA_STYLE('',(#2583));
#2550=FILL_AREA_STYLE('',(#2584));
#2551=FILL_AREA_STYLE('',(#2585));
#2552=FILL_AREA_STYLE('',(#2586));
#2553=FILL_AREA_STYLE('',(#2587));
#2554=FILL_AREA_STYLE('',(#2588));
#2555=FILL_AREA_STYLE('',(#2589));
#2556=FILL_AREA_STYLE('',(#2590));
#2557=FILL_AREA_STYLE('',(#2591));
#2558=FILL_AREA_STYLE('',(#2592));
#2559=FILL_AREA_STYLE('',(#2593));
#2560=FILL_AREA_STYLE('',(#2594));
#2561=FILL_AREA_STYLE('',(#2595));
#2562=FILL_AREA_STYLE('',(#2596));
#2563=FILL_AREA_STYLE('',(#2597));
#2564=FILL_AREA_STYLE('',(#2598));
#2565=FILL_AREA_STYLE('',(#2599));
#2566=FILL_AREA_STYLE('',(#2600));
#2567=FILL_AREA_STYLE('',(#2601));
#2568=FILL_AREA_STYLE('',(#2602));
#2569=FILL_AREA_STYLE('',(#2603));
#2570=FILL_AREA_STYLE('',(#2604));
#2571=FILL_AREA_STYLE('',(#2605));
#2572=FILL_AREA_STYLE('',(#2606));
#2573=FILL_AREA_STYLE('',(#2607));
#2574=FILL_AREA_STYLE('',(#2608));
#2575=FILL_AREA_STYLE('',(#2609));
#2576=FILL_AREA_STYLE('',(#2610));
#2577=FILL_AREA_STYLE('',(#2611));
#2578=FILL_AREA_STYLE('',(#2612));
#2579=FILL_AREA_STYLE_COLOUR('Steel - Satin',#2613);
#2580=FILL_AREA_STYLE_COLOUR('',#2614);
#2581=FILL_AREA_STYLE_COLOUR('',#2615);
#2582=FILL_AREA_STYLE_COLOUR('',#2616);
#2583=FILL_AREA_STYLE_COLOUR('',#2617);
#2584=FILL_AREA_STYLE_COLOUR('',#2618);
#2585=FILL_AREA_STYLE_COLOUR('',#2619);
#2586=FILL_AREA_STYLE_COLOUR('',#2620);
#2587=FILL_AREA_STYLE_COLOUR('',#2621);
#2588=FILL_AREA_STYLE_COLOUR('',#2622);
#2589=FILL_AREA_STYLE_COLOUR('',#2623);
#2590=FILL_AREA_STYLE_COLOUR('',#2624);
#2591=FILL_AREA_STYLE_COLOUR('',#2625);
#2592=FILL_AREA_STYLE_COLOUR('',#2626);
#2593=FILL_AREA_STYLE_COLOUR('',#2627);
#2594=FILL_AREA_STYLE_COLOUR('',#2628);
#2595=FILL_AREA_STYLE_COLOUR('',#2629);
#2596=FILL_AREA_STYLE_COLOUR('',#2630);
#2597=FILL_AREA_STYLE_COLOUR('',#2631);
#2598=FILL_AREA_STYLE_COLOUR('',#2632);
#2599=FILL_AREA_STYLE_COLOUR('',#2633);
#2600=FILL_AREA_STYLE_COLOUR('',#2634);
#2601=FILL_AREA_STYLE_COLOUR('',#2635);
#2602=FILL_AREA_STYLE_COLOUR('',#2636);
#2603=FILL_AREA_STYLE_COLOUR('',#2637);
#2604=FILL_AREA_STYLE_COLOUR('',#2638);
#2605=FILL_AREA_STYLE_COLOUR('',#2639);
#2606=FILL_AREA_STYLE_COLOUR('',#2640);
#2607=FILL_AREA_STYLE_COLOUR('',#2641);
#2608=FILL_AREA_STYLE_COLOUR('',#2642);
#2609=FILL_AREA_STYLE_COLOUR('',#2643);
#2610=FILL_AREA_STYLE_COLOUR('',#2644);
#2611=FILL_AREA_STYLE_COLOUR('',#2645);
#2612=FILL_AREA_STYLE_COLOUR('',#2646);
#2613=COLOUR_RGB('Steel - Satin',0.627450980392157,0.627450980392157,0.627450980392157);
#2614=COLOUR_RGB('',0.588235294117647,0.458823529411765,0.);
#2615=COLOUR_RGB('',0.850980392156863,0.850980392156863,0.850980392156863);
#2616=COLOUR_RGB('',1.,1.,1.);
#2617=COLOUR_RGB('',1.,0.650980392156863,0.);
#2618=COLOUR_RGB('',0.,0.,0.);
#2619=COLOUR_RGB('',0.250980392156863,0.250980392156863,0.250980392156863);
#2620=COLOUR_RGB('',0.501960784313725,0.501960784313725,0.501960784313725);
#2621=COLOUR_RGB('',0.698039215686274,0.698039215686274,0.698039215686274);
#2622=COLOUR_RGB('',0.831372549019608,0.670588235294118,0.129411764705882);
#2623=COLOUR_RGB('',0.749019607843137,0.749019607843137,0.749019607843137);
#2624=COLOUR_RGB('',1.,1.,0.);
#2625=COLOUR_RGB('',0.749019607843137,0.749019607843137,0.);
#2626=COLOUR_RGB('',0.450980392156863,0.431372549019608,0.419607843137255);
#2627=COLOUR_RGB('',0.768627450980392,0.768627450980392,0.768627450980392);
#2628=COLOUR_RGB('',0.501960784313725,0.250980392156863,0.);
#2629=COLOUR_RGB('',0.929411764705882,0.929411764705882,0.650980392156863);
#2630=COLOUR_RGB('',0.76078431372549,0.76078431372549,0.76078431372549);
#2631=COLOUR_RGB('',0.670588235294118,0.670588235294118,0.670588235294118);
#2632=COLOUR_RGB('',0.301960784313725,0.301960784313725,0.301960784313725);
#2633=COLOUR_RGB('',1.,1.,0.501960784313725);
#2634=COLOUR_RGB('',0.501960784313725,0.501960784313725,1.);
#2635=COLOUR_RGB('',1.,0.0901960784313725,0.0901960784313725);
#2636=COLOUR_RGB('',0.63921568627451,0.619607843137255,0.6);
#2637=COLOUR_RGB('',0.219607843137255,0.219607843137255,0.219607843137255);
#2638=COLOUR_RGB('',0.96078431372549,0.87843137254902,0.6);
#2639=COLOUR_RGB('',0.,0.329411764705882,1.);
#2640=COLOUR_RGB('',0.290196078431373,0.658823529411765,0.329411764705882);
#2641=COLOUR_RGB('',0.650980392156863,0.650980392156863,0.650980392156863);
#2642=COLOUR_RGB('',0.63921568627451,0.670588235294118,0.690196078431373);
#2643=COLOUR_RGB('',0.63921568627451,0.67843137254902,0.698039215686274);
#2644=COLOUR_RGB('',0.211764705882353,0.43921568627451,0.698039215686274);
#2645=COLOUR_RGB('',0.619607843137255,0.619607843137255,0.36078431372549);
#2646=COLOUR_RGB('',0.,0.149019607843137,0.36078431372549);
ENDSEC;
END-ISO-10303-21;
