ISO-10303-21;
HEADER;
/* Generated by software containing ST-Developer
 * from STEP Tools, Inc. (www.steptools.com) 
 */

FILE_DESCRIPTION(
/* description */ (''),
/* implementation_level */ '2;1');

FILE_NAME(
/* name */ 'VehicleCase_v1.step',
/* time_stamp */ '2026-06-20T21:34:46+05:30',
/* author */ (''),
/* organization */ (''),
/* preprocessor_version */ 'ST-DEVELOPER v20.1',
/* originating_system */ 'Autodesk Translation Framework v15.8.0.0',
/* authorisation */ '');

FILE_SCHEMA (('AUTOMOTIVE_DESIGN { 1 0 10303 214 3 1 1 }'));
ENDSEC;

DATA;
#10=MECHANICAL_DESIGN_GEOMETRIC_PRESENTATION_REPRESENTATION('',(#23,#24,
#25,#26),#2596);
#11=ITEM_DEFINED_TRANSFORMATION($,$,#1435,#1584);
#12=(
REPRESENTATION_RELATIONSHIP($,$,#2607,#2606)
REPRESENTATION_RELATIONSHIP_WITH_TRANSFORMATION(#11)
SHAPE_REPRESENTATION_RELATIONSHIP()
);
#13=CONTEXT_DEPENDENT_SHAPE_REPRESENTATION(#12,#2605);
#14=NEXT_ASSEMBLY_USAGE_OCCURRENCE('Component2:1','Component2:1',
'Component2:1',#2609,#2610,'Component2:1');
#15=(
BOUNDED_SURFACE()
B_SPLINE_SURFACE(2,2,((#2502,#2503,#2504,#2505,#2506,#2507,#2508,#2509,
#2510),(#2511,#2512,#2513,#2514,#2515,#2516,#2517,#2518,#2519),(#2520,#2521,
#2522,#2523,#2524,#2525,#2526,#2527,#2528)),.UNSPECIFIED.,.F.,.T.,.F.)
B_SPLINE_SURFACE_WITH_KNOTS((3,3),(3,2,2,2,3),(0.,1.5707963267949),(-3.14159265358979,
-1.5707963267949,0.,1.5707963267949,3.14159265358979),.UNSPECIFIED.)
GEOMETRIC_REPRESENTATION_ITEM()
RATIONAL_B_SPLINE_SURFACE(((1.,0.707106781186548,1.,0.707106781186548,1.,
0.707106781186548,1.,0.707106781186548,1.),(0.707106781186542,0.499999999999996,
0.707106781186542,0.499999999999996,0.707106781186542,0.499999999999996,
0.707106781186542,0.499999999999996,0.707106781186542),(1.,0.707106781186548,
1.,0.707106781186548,1.,0.707106781186548,1.,0.707106781186548,1.)))
REPRESENTATION_ITEM('')
SURFACE()
);
#16=(
BOUNDED_SURFACE()
B_SPLINE_SURFACE(2,2,((#2554,#2555,#2556,#2557,#2558,#2559,#2560,#2561,
#2562),(#2563,#2564,#2565,#2566,#2567,#2568,#2569,#2570,#2571),(#2572,#2573,
#2574,#2575,#2576,#2577,#2578,#2579,#2580)),.UNSPECIFIED.,.F.,.T.,.F.)
B_SPLINE_SURFACE_WITH_KNOTS((3,3),(3,2,2,2,3),(0.,1.5707963267949),(-3.14159265358979,
-1.5707963267949,0.,1.5707963267949,3.14159265358979),.UNSPECIFIED.)
GEOMETRIC_REPRESENTATION_ITEM()
RATIONAL_B_SPLINE_SURFACE(((1.,0.707106781186548,1.,0.707106781186548,1.,
0.707106781186548,1.,0.707106781186548,1.),(0.707106781186542,0.499999999999996,
0.707106781186542,0.499999999999996,0.707106781186542,0.499999999999996,
0.707106781186542,0.499999999999996,0.707106781186542),(1.,0.707106781186548,
1.,0.707106781186548,1.,0.707106781186548,1.,0.707106781186548,1.)))
REPRESENTATION_ITEM('')
SURFACE()
);
#17=TOROIDAL_SURFACE('',#1554,4.75000000000001,2.);
#18=TOROIDAL_SURFACE('',#1569,4.75,2.);
#19=SHAPE_REPRESENTATION_RELATIONSHIP('SRR','None',#2607,#21);
#20=SHAPE_REPRESENTATION_RELATIONSHIP('SRR','None',#2606,#22);
#21=ADVANCED_BREP_SHAPE_REPRESENTATION('',(#27,#28),#2595);
#22=ADVANCED_BREP_SHAPE_REPRESENTATION('',(#29,#30),#2594);
#23=STYLED_ITEM('',(#2620),#27);
#24=STYLED_ITEM('',(#2620),#28);
#25=STYLED_ITEM('',(#2620),#29);
#26=STYLED_ITEM('',(#2620),#30);
#27=MANIFOLD_SOLID_BREP('Body1',#1418);
#28=MANIFOLD_SOLID_BREP('Body2',#1419);
#29=MANIFOLD_SOLID_BREP('Body2',#1420);
#30=MANIFOLD_SOLID_BREP('Body3',#1421);
#31=FACE_BOUND('',#245,.T.);
#32=FACE_BOUND('',#250,.T.);
#33=FACE_BOUND('',#251,.T.);
#34=FACE_BOUND('',#252,.T.);
#35=FACE_BOUND('',#253,.T.);
#36=FACE_BOUND('',#254,.T.);
#37=FACE_BOUND('',#256,.T.);
#38=FACE_BOUND('',#261,.T.);
#39=FACE_BOUND('',#267,.T.);
#40=FACE_BOUND('',#272,.T.);
#41=FACE_BOUND('',#277,.T.);
#42=FACE_BOUND('',#282,.T.);
#43=FACE_BOUND('',#284,.T.);
#44=FACE_BOUND('',#286,.T.);
#45=FACE_BOUND('',#289,.T.);
#46=FACE_BOUND('',#291,.T.);
#47=FACE_BOUND('',#293,.T.);
#48=FACE_BOUND('',#294,.T.);
#49=FACE_BOUND('',#295,.T.);
#50=FACE_BOUND('',#296,.T.);
#51=FACE_BOUND('',#297,.T.);
#52=FACE_BOUND('',#299,.T.);
#53=FACE_BOUND('',#314,.T.);
#54=FACE_BOUND('',#315,.T.);
#55=FACE_BOUND('',#316,.T.);
#56=FACE_BOUND('',#317,.T.);
#57=FACE_BOUND('',#318,.T.);
#58=FACE_BOUND('',#319,.T.);
#59=FACE_BOUND('',#320,.T.);
#60=FACE_BOUND('',#321,.T.);
#61=FACE_BOUND('',#322,.T.);
#62=FACE_BOUND('',#324,.T.);
#63=FACE_BOUND('',#325,.T.);
#64=FACE_BOUND('',#326,.T.);
#65=FACE_BOUND('',#327,.T.);
#66=FACE_BOUND('',#328,.T.);
#67=FACE_BOUND('',#329,.T.);
#68=FACE_BOUND('',#330,.T.);
#69=FACE_BOUND('',#331,.T.);
#70=FACE_BOUND('',#332,.T.);
#71=PLANE('',#1459);
#72=PLANE('',#1460);
#73=PLANE('',#1461);
#74=PLANE('',#1462);
#75=PLANE('',#1463);
#76=PLANE('',#1464);
#77=PLANE('',#1465);
#78=PLANE('',#1466);
#79=PLANE('',#1467);
#80=PLANE('',#1474);
#81=PLANE('',#1475);
#82=PLANE('',#1480);
#83=PLANE('',#1481);
#84=PLANE('',#1482);
#85=PLANE('',#1483);
#86=PLANE('',#1484);
#87=PLANE('',#1485);
#88=PLANE('',#1489);
#89=PLANE('',#1492);
#90=PLANE('',#1496);
#91=PLANE('',#1499);
#92=PLANE('',#1503);
#93=PLANE('',#1506);
#94=PLANE('',#1510);
#95=PLANE('',#1513);
#96=PLANE('',#1514);
#97=PLANE('',#1515);
#98=PLANE('',#1516);
#99=PLANE('',#1517);
#100=PLANE('',#1518);
#101=PLANE('',#1519);
#102=PLANE('',#1520);
#103=PLANE('',#1548);
#104=PLANE('',#1549);
#105=PLANE('',#1550);
#106=PLANE('',#1551);
#107=PLANE('',#1552);
#108=PLANE('',#1553);
#109=PLANE('',#1565);
#110=PLANE('',#1568);
#111=PLANE('',#1580);
#112=PLANE('',#1583);
#113=CYLINDRICAL_SURFACE('',#1446,1.4);
#114=CYLINDRICAL_SURFACE('',#1449,1.4);
#115=CYLINDRICAL_SURFACE('',#1452,1.4);
#116=CYLINDRICAL_SURFACE('',#1455,1.4);
#117=CYLINDRICAL_SURFACE('',#1456,3.25);
#118=CYLINDRICAL_SURFACE('',#1468,3.25);
#119=CYLINDRICAL_SURFACE('',#1471,3.25);
#120=CYLINDRICAL_SURFACE('',#1486,2.8);
#121=CYLINDRICAL_SURFACE('',#1490,4.);
#122=CYLINDRICAL_SURFACE('',#1493,2.8);
#123=CYLINDRICAL_SURFACE('',#1497,4.);
#124=CYLINDRICAL_SURFACE('',#1500,2.8);
#125=CYLINDRICAL_SURFACE('',#1504,4.);
#126=CYLINDRICAL_SURFACE('',#1507,2.8);
#127=CYLINDRICAL_SURFACE('',#1511,4.);
#128=CYLINDRICAL_SURFACE('',#1521,1.6);
#129=CYLINDRICAL_SURFACE('',#1524,1.6);
#130=CYLINDRICAL_SURFACE('',#1527,1.6);
#131=CYLINDRICAL_SURFACE('',#1530,1.6);
#132=CYLINDRICAL_SURFACE('',#1533,1.);
#133=CYLINDRICAL_SURFACE('',#1536,1.);
#134=CYLINDRICAL_SURFACE('',#1539,1.);
#135=CYLINDRICAL_SURFACE('',#1542,3.25);
#136=CYLINDRICAL_SURFACE('',#1545,3.25);
#137=CYLINDRICAL_SURFACE('',#1560,2.75);
#138=CYLINDRICAL_SURFACE('',#1566,3.5);
#139=CYLINDRICAL_SURFACE('',#1575,2.75);
#140=CYLINDRICAL_SURFACE('',#1581,3.5);
#141=FACE_OUTER_BOUND('',#223,.T.);
#142=FACE_OUTER_BOUND('',#224,.T.);
#143=FACE_OUTER_BOUND('',#225,.T.);
#144=FACE_OUTER_BOUND('',#226,.T.);
#145=FACE_OUTER_BOUND('',#227,.T.);
#146=FACE_OUTER_BOUND('',#228,.T.);
#147=FACE_OUTER_BOUND('',#229,.T.);
#148=FACE_OUTER_BOUND('',#230,.T.);
#149=FACE_OUTER_BOUND('',#231,.T.);
#150=FACE_OUTER_BOUND('',#232,.T.);
#151=FACE_OUTER_BOUND('',#233,.T.);
#152=FACE_OUTER_BOUND('',#234,.T.);
#153=FACE_OUTER_BOUND('',#235,.T.);
#154=FACE_OUTER_BOUND('',#236,.T.);
#155=FACE_OUTER_BOUND('',#237,.T.);
#156=FACE_OUTER_BOUND('',#238,.T.);
#157=FACE_OUTER_BOUND('',#239,.T.);
#158=FACE_OUTER_BOUND('',#240,.T.);
#159=FACE_OUTER_BOUND('',#241,.T.);
#160=FACE_OUTER_BOUND('',#242,.T.);
#161=FACE_OUTER_BOUND('',#243,.T.);
#162=FACE_OUTER_BOUND('',#244,.T.);
#163=FACE_OUTER_BOUND('',#246,.T.);
#164=FACE_OUTER_BOUND('',#247,.T.);
#165=FACE_OUTER_BOUND('',#248,.T.);
#166=FACE_OUTER_BOUND('',#249,.T.);
#167=FACE_OUTER_BOUND('',#255,.T.);
#168=FACE_OUTER_BOUND('',#257,.T.);
#169=FACE_OUTER_BOUND('',#258,.T.);
#170=FACE_OUTER_BOUND('',#259,.T.);
#171=FACE_OUTER_BOUND('',#260,.T.);
#172=FACE_OUTER_BOUND('',#262,.T.);
#173=FACE_OUTER_BOUND('',#263,.T.);
#174=FACE_OUTER_BOUND('',#264,.T.);
#175=FACE_OUTER_BOUND('',#265,.T.);
#176=FACE_OUTER_BOUND('',#266,.T.);
#177=FACE_OUTER_BOUND('',#268,.T.);
#178=FACE_OUTER_BOUND('',#269,.T.);
#179=FACE_OUTER_BOUND('',#270,.T.);
#180=FACE_OUTER_BOUND('',#271,.T.);
#181=FACE_OUTER_BOUND('',#273,.T.);
#182=FACE_OUTER_BOUND('',#274,.T.);
#183=FACE_OUTER_BOUND('',#275,.T.);
#184=FACE_OUTER_BOUND('',#276,.T.);
#185=FACE_OUTER_BOUND('',#278,.T.);
#186=FACE_OUTER_BOUND('',#279,.T.);
#187=FACE_OUTER_BOUND('',#280,.T.);
#188=FACE_OUTER_BOUND('',#281,.T.);
#189=FACE_OUTER_BOUND('',#283,.T.);
#190=FACE_OUTER_BOUND('',#285,.T.);
#191=FACE_OUTER_BOUND('',#287,.T.);
#192=FACE_OUTER_BOUND('',#288,.T.);
#193=FACE_OUTER_BOUND('',#290,.T.);
#194=FACE_OUTER_BOUND('',#292,.T.);
#195=FACE_OUTER_BOUND('',#298,.T.);
#196=FACE_OUTER_BOUND('',#300,.T.);
#197=FACE_OUTER_BOUND('',#301,.T.);
#198=FACE_OUTER_BOUND('',#302,.T.);
#199=FACE_OUTER_BOUND('',#303,.T.);
#200=FACE_OUTER_BOUND('',#304,.T.);
#201=FACE_OUTER_BOUND('',#305,.T.);
#202=FACE_OUTER_BOUND('',#306,.T.);
#203=FACE_OUTER_BOUND('',#307,.T.);
#204=FACE_OUTER_BOUND('',#308,.T.);
#205=FACE_OUTER_BOUND('',#309,.T.);
#206=FACE_OUTER_BOUND('',#310,.T.);
#207=FACE_OUTER_BOUND('',#311,.T.);
#208=FACE_OUTER_BOUND('',#312,.T.);
#209=FACE_OUTER_BOUND('',#313,.T.);
#210=FACE_OUTER_BOUND('',#323,.T.);
#211=FACE_OUTER_BOUND('',#333,.T.);
#212=FACE_OUTER_BOUND('',#334,.T.);
#213=FACE_OUTER_BOUND('',#335,.T.);
#214=FACE_OUTER_BOUND('',#336,.T.);
#215=FACE_OUTER_BOUND('',#337,.T.);
#216=FACE_OUTER_BOUND('',#338,.T.);
#217=FACE_OUTER_BOUND('',#339,.T.);
#218=FACE_OUTER_BOUND('',#340,.T.);
#219=FACE_OUTER_BOUND('',#341,.T.);
#220=FACE_OUTER_BOUND('',#342,.T.);
#221=FACE_OUTER_BOUND('',#343,.T.);
#222=FACE_OUTER_BOUND('',#344,.T.);
#223=EDGE_LOOP('',(#954,#955,#956,#957,#958));
#224=EDGE_LOOP('',(#959,#960,#961,#962,#963,#964));
#225=EDGE_LOOP('',(#965,#966,#967,#968,#969,#970));
#226=EDGE_LOOP('',(#971,#972,#973,#974,#975,#976));
#227=EDGE_LOOP('',(#977,#978,#979));
#228=EDGE_LOOP('',(#980,#981,#982,#983,#984));
#229=EDGE_LOOP('',(#985,#986,#987));
#230=EDGE_LOOP('',(#988,#989,#990,#991,#992,#993));
#231=EDGE_LOOP('',(#994,#995,#996));
#232=EDGE_LOOP('',(#997,#998,#999,#1000,#1001,#1002));
#233=EDGE_LOOP('',(#1003,#1004,#1005));
#234=EDGE_LOOP('',(#1006,#1007,#1008,#1009,#1010,#1011));
#235=EDGE_LOOP('',(#1012,#1013,#1014,#1015));
#236=EDGE_LOOP('',(#1016,#1017,#1018,#1019));
#237=EDGE_LOOP('',(#1020,#1021,#1022,#1023));
#238=EDGE_LOOP('',(#1024,#1025,#1026,#1027));
#239=EDGE_LOOP('',(#1028,#1029,#1030,#1031));
#240=EDGE_LOOP('',(#1032,#1033,#1034,#1035));
#241=EDGE_LOOP('',(#1036,#1037,#1038,#1039));
#242=EDGE_LOOP('',(#1040,#1041,#1042,#1043));
#243=EDGE_LOOP('',(#1044,#1045,#1046,#1047));
#244=EDGE_LOOP('',(#1048,#1049,#1050,#1051));
#245=EDGE_LOOP('',(#1052,#1053,#1054,#1055));
#246=EDGE_LOOP('',(#1056,#1057,#1058,#1059));
#247=EDGE_LOOP('',(#1060,#1061,#1062,#1063));
#248=EDGE_LOOP('',(#1064,#1065,#1066,#1067));
#249=EDGE_LOOP('',(#1068,#1069,#1070,#1071,#1072,#1073,#1074,#1075));
#250=EDGE_LOOP('',(#1076,#1077,#1078,#1079));
#251=EDGE_LOOP('',(#1080));
#252=EDGE_LOOP('',(#1081));
#253=EDGE_LOOP('',(#1082));
#254=EDGE_LOOP('',(#1083));
#255=EDGE_LOOP('',(#1084,#1085,#1086,#1087));
#256=EDGE_LOOP('',(#1088));
#257=EDGE_LOOP('',(#1089,#1090,#1091,#1092));
#258=EDGE_LOOP('',(#1093,#1094,#1095,#1096));
#259=EDGE_LOOP('',(#1097,#1098,#1099,#1100));
#260=EDGE_LOOP('',(#1101,#1102,#1103,#1104));
#261=EDGE_LOOP('',(#1105));
#262=EDGE_LOOP('',(#1106,#1107,#1108,#1109));
#263=EDGE_LOOP('',(#1110,#1111,#1112,#1113));
#264=EDGE_LOOP('',(#1114));
#265=EDGE_LOOP('',(#1115,#1116,#1117,#1118));
#266=EDGE_LOOP('',(#1119));
#267=EDGE_LOOP('',(#1120));
#268=EDGE_LOOP('',(#1121,#1122,#1123,#1124));
#269=EDGE_LOOP('',(#1125));
#270=EDGE_LOOP('',(#1126,#1127,#1128,#1129));
#271=EDGE_LOOP('',(#1130));
#272=EDGE_LOOP('',(#1131));
#273=EDGE_LOOP('',(#1132,#1133,#1134,#1135));
#274=EDGE_LOOP('',(#1136));
#275=EDGE_LOOP('',(#1137,#1138,#1139,#1140));
#276=EDGE_LOOP('',(#1141));
#277=EDGE_LOOP('',(#1142));
#278=EDGE_LOOP('',(#1143,#1144,#1145,#1146));
#279=EDGE_LOOP('',(#1147));
#280=EDGE_LOOP('',(#1148,#1149,#1150,#1151));
#281=EDGE_LOOP('',(#1152));
#282=EDGE_LOOP('',(#1153));
#283=EDGE_LOOP('',(#1154,#1155,#1156,#1157));
#284=EDGE_LOOP('',(#1158));
#285=EDGE_LOOP('',(#1159,#1160,#1161,#1162));
#286=EDGE_LOOP('',(#1163));
#287=EDGE_LOOP('',(#1164,#1165,#1166,#1167));
#288=EDGE_LOOP('',(#1168,#1169,#1170,#1171));
#289=EDGE_LOOP('',(#1172));
#290=EDGE_LOOP('',(#1173,#1174,#1175,#1176));
#291=EDGE_LOOP('',(#1177));
#292=EDGE_LOOP('',(#1178,#1179,#1180,#1181));
#293=EDGE_LOOP('',(#1182));
#294=EDGE_LOOP('',(#1183));
#295=EDGE_LOOP('',(#1184));
#296=EDGE_LOOP('',(#1185));
#297=EDGE_LOOP('',(#1186,#1187,#1188,#1189,#1190,#1191,#1192,#1193));
#298=EDGE_LOOP('',(#1194,#1195,#1196,#1197));
#299=EDGE_LOOP('',(#1198,#1199,#1200,#1201));
#300=EDGE_LOOP('',(#1202,#1203,#1204,#1205));
#301=EDGE_LOOP('',(#1206,#1207,#1208,#1209));
#302=EDGE_LOOP('',(#1210,#1211,#1212,#1213));
#303=EDGE_LOOP('',(#1214,#1215,#1216,#1217));
#304=EDGE_LOOP('',(#1218,#1219,#1220,#1221));
#305=EDGE_LOOP('',(#1222,#1223,#1224,#1225));
#306=EDGE_LOOP('',(#1226,#1227,#1228,#1229));
#307=EDGE_LOOP('',(#1230,#1231,#1232,#1233));
#308=EDGE_LOOP('',(#1234,#1235,#1236,#1237));
#309=EDGE_LOOP('',(#1238,#1239,#1240,#1241));
#310=EDGE_LOOP('',(#1242,#1243,#1244,#1245));
#311=EDGE_LOOP('',(#1246,#1247,#1248,#1249));
#312=EDGE_LOOP('',(#1250,#1251,#1252,#1253));
#313=EDGE_LOOP('',(#1254,#1255,#1256,#1257));
#314=EDGE_LOOP('',(#1258));
#315=EDGE_LOOP('',(#1259));
#316=EDGE_LOOP('',(#1260));
#317=EDGE_LOOP('',(#1261));
#318=EDGE_LOOP('',(#1262));
#319=EDGE_LOOP('',(#1263));
#320=EDGE_LOOP('',(#1264));
#321=EDGE_LOOP('',(#1265));
#322=EDGE_LOOP('',(#1266));
#323=EDGE_LOOP('',(#1267,#1268,#1269,#1270));
#324=EDGE_LOOP('',(#1271));
#325=EDGE_LOOP('',(#1272));
#326=EDGE_LOOP('',(#1273));
#327=EDGE_LOOP('',(#1274));
#328=EDGE_LOOP('',(#1275));
#329=EDGE_LOOP('',(#1276));
#330=EDGE_LOOP('',(#1277));
#331=EDGE_LOOP('',(#1278));
#332=EDGE_LOOP('',(#1279));
#333=EDGE_LOOP('',(#1280,#1281,#1282,#1283,#1284,#1285));
#334=EDGE_LOOP('',(#1286,#1287,#1288,#1289,#1290,#1291));
#335=EDGE_LOOP('',(#1292,#1293,#1294,#1295,#1296));
#336=EDGE_LOOP('',(#1297));
#337=EDGE_LOOP('',(#1298,#1299,#1300,#1301,#1302));
#338=EDGE_LOOP('',(#1303));
#339=EDGE_LOOP('',(#1304,#1305,#1306,#1307,#1308,#1309));
#340=EDGE_LOOP('',(#1310,#1311,#1312,#1313,#1314,#1315));
#341=EDGE_LOOP('',(#1316,#1317,#1318,#1319,#1320));
#342=EDGE_LOOP('',(#1321));
#343=EDGE_LOOP('',(#1322,#1323,#1324,#1325,#1326));
#344=EDGE_LOOP('',(#1327));
#345=CIRCLE('',#1437,1.6);
#346=CIRCLE('',#1439,1.6);
#347=CIRCLE('',#1441,1.6);
#348=CIRCLE('',#1443,1.6);
#349=CIRCLE('',#1445,1.4);
#350=CIRCLE('',#1448,1.4);
#351=CIRCLE('',#1451,1.4);
#352=CIRCLE('',#1454,1.4);
#353=CIRCLE('',#1457,3.25);
#354=CIRCLE('',#1458,3.25);
#355=CIRCLE('',#1469,3.25);
#356=CIRCLE('',#1470,3.25);
#357=CIRCLE('',#1472,3.25);
#358=CIRCLE('',#1473,3.25);
#359=CIRCLE('',#1476,4.);
#360=CIRCLE('',#1477,4.);
#361=CIRCLE('',#1478,4.);
#362=CIRCLE('',#1479,4.);
#363=CIRCLE('',#1487,2.8);
#364=CIRCLE('',#1488,2.8);
#365=CIRCLE('',#1491,4.);
#366=CIRCLE('',#1494,2.8);
#367=CIRCLE('',#1495,2.8);
#368=CIRCLE('',#1498,4.);
#369=CIRCLE('',#1501,2.8);
#370=CIRCLE('',#1502,2.8);
#371=CIRCLE('',#1505,4.);
#372=CIRCLE('',#1508,2.8);
#373=CIRCLE('',#1509,2.8);
#374=CIRCLE('',#1512,4.);
#375=CIRCLE('',#1522,1.6);
#376=CIRCLE('',#1523,1.6);
#377=CIRCLE('',#1525,1.6);
#378=CIRCLE('',#1526,1.6);
#379=CIRCLE('',#1528,1.6);
#380=CIRCLE('',#1529,1.6);
#381=CIRCLE('',#1531,1.6);
#382=CIRCLE('',#1532,1.6);
#383=CIRCLE('',#1534,1.);
#384=CIRCLE('',#1535,1.);
#385=CIRCLE('',#1537,1.);
#386=CIRCLE('',#1538,1.);
#387=CIRCLE('',#1540,1.);
#388=CIRCLE('',#1541,1.);
#389=CIRCLE('',#1543,3.25);
#390=CIRCLE('',#1544,3.25);
#391=CIRCLE('',#1546,3.25);
#392=CIRCLE('',#1547,3.25);
#393=CIRCLE('',#1555,2.75);
#394=CIRCLE('',#1556,2.75);
#395=CIRCLE('',#1557,2.);
#396=CIRCLE('',#1558,3.5);
#397=CIRCLE('',#1559,3.5);
#398=CIRCLE('',#1561,2.75);
#399=CIRCLE('',#1562,2.75);
#400=CIRCLE('',#1563,0.750000000000003);
#401=CIRCLE('',#1564,2.);
#402=CIRCLE('',#1567,3.5);
#403=CIRCLE('',#1570,2.75);
#404=CIRCLE('',#1571,2.75);
#405=CIRCLE('',#1572,2.);
#406=CIRCLE('',#1573,3.5);
#407=CIRCLE('',#1574,3.5);
#408=CIRCLE('',#1576,2.75);
#409=CIRCLE('',#1577,2.75);
#410=CIRCLE('',#1578,0.750000000000003);
#411=CIRCLE('',#1579,2.);
#412=CIRCLE('',#1582,3.5);
#413=LINE('',#2037,#521);
#414=LINE('',#2043,#522);
#415=LINE('',#2090,#523);
#416=LINE('',#2137,#524);
#417=LINE('',#2184,#525);
#418=LINE('',#2186,#526);
#419=LINE('',#2191,#527);
#420=LINE('',#2193,#528);
#421=LINE('',#2198,#529);
#422=LINE('',#2200,#530);
#423=LINE('',#2205,#531);
#424=LINE('',#2207,#532);
#425=LINE('',#2212,#533);
#426=LINE('',#2217,#534);
#427=LINE('',#2219,#535);
#428=LINE('',#2221,#536);
#429=LINE('',#2222,#537);
#430=LINE('',#2225,#538);
#431=LINE('',#2227,#539);
#432=LINE('',#2228,#540);
#433=LINE('',#2231,#541);
#434=LINE('',#2233,#542);
#435=LINE('',#2234,#543);
#436=LINE('',#2236,#544);
#437=LINE('',#2237,#545);
#438=LINE('',#2241,#546);
#439=LINE('',#2243,#547);
#440=LINE('',#2245,#548);
#441=LINE('',#2246,#549);
#442=LINE('',#2249,#550);
#443=LINE('',#2251,#551);
#444=LINE('',#2252,#552);
#445=LINE('',#2255,#553);
#446=LINE('',#2257,#554);
#447=LINE('',#2258,#555);
#448=LINE('',#2260,#556);
#449=LINE('',#2261,#557);
#450=LINE('',#2267,#558);
#451=LINE('',#2273,#559);
#452=LINE('',#2278,#560);
#453=LINE('',#2280,#561);
#454=LINE('',#2282,#562);
#455=LINE('',#2283,#563);
#456=LINE('',#2286,#564);
#457=LINE('',#2288,#565);
#458=LINE('',#2290,#566);
#459=LINE('',#2292,#567);
#460=LINE('',#2294,#568);
#461=LINE('',#2296,#569);
#462=LINE('',#2297,#570);
#463=LINE('',#2308,#571);
#464=LINE('',#2309,#572);
#465=LINE('',#2312,#573);
#466=LINE('',#2314,#574);
#467=LINE('',#2315,#575);
#468=LINE('',#2318,#576);
#469=LINE('',#2319,#577);
#470=LINE('',#2322,#578);
#471=LINE('',#2323,#579);
#472=LINE('',#2326,#580);
#473=LINE('',#2327,#581);
#474=LINE('',#2329,#582);
#475=LINE('',#2334,#583);
#476=LINE('',#2340,#584);
#477=LINE('',#2346,#585);
#478=LINE('',#2352,#586);
#479=LINE('',#2358,#587);
#480=LINE('',#2364,#588);
#481=LINE('',#2370,#589);
#482=LINE('',#2376,#590);
#483=LINE('',#2379,#591);
#484=LINE('',#2383,#592);
#485=LINE('',#2385,#593);
#486=LINE('',#2387,#594);
#487=LINE('',#2388,#595);
#488=LINE('',#2391,#596);
#489=LINE('',#2393,#597);
#490=LINE('',#2394,#598);
#491=LINE('',#2397,#599);
#492=LINE('',#2399,#600);
#493=LINE('',#2400,#601);
#494=LINE('',#2402,#602);
#495=LINE('',#2403,#603);
#496=LINE('',#2410,#604);
#497=LINE('',#2416,#605);
#498=LINE('',#2422,#606);
#499=LINE('',#2428,#607);
#500=LINE('',#2434,#608);
#501=LINE('',#2440,#609);
#502=LINE('',#2446,#610);
#503=LINE('',#2452,#611);
#504=LINE('',#2458,#612);
#505=LINE('',#2463,#613);
#506=LINE('',#2465,#614);
#507=LINE('',#2467,#615);
#508=LINE('',#2468,#616);
#509=LINE('',#2471,#617);
#510=LINE('',#2473,#618);
#511=LINE('',#2474,#619);
#512=LINE('',#2477,#620);
#513=LINE('',#2479,#621);
#514=LINE('',#2480,#622);
#515=LINE('',#2482,#623);
#516=LINE('',#2483,#624);
#517=LINE('',#2500,#625);
#518=LINE('',#2535,#626);
#519=LINE('',#2552,#627);
#520=LINE('',#2587,#628);
#521=VECTOR('',#1591,0.8);
#522=VECTOR('',#1598,0.8);
#523=VECTOR('',#1603,0.8);
#524=VECTOR('',#1608,0.8);
#525=VECTOR('',#1613,0.7);
#526=VECTOR('',#1616,1.4);
#527=VECTOR('',#1621,0.7);
#528=VECTOR('',#1624,1.4);
#529=VECTOR('',#1629,0.7);
#530=VECTOR('',#1632,1.4);
#531=VECTOR('',#1637,0.7);
#532=VECTOR('',#1640,1.4);
#533=VECTOR('',#1645,3.25);
#534=VECTOR('',#1650,10.);
#535=VECTOR('',#1651,10.);
#536=VECTOR('',#1652,10.);
#537=VECTOR('',#1653,10.);
#538=VECTOR('',#1656,10.);
#539=VECTOR('',#1657,10.);
#540=VECTOR('',#1658,10.);
#541=VECTOR('',#1661,10.);
#542=VECTOR('',#1662,10.);
#543=VECTOR('',#1663,10.);
#544=VECTOR('',#1666,10.);
#545=VECTOR('',#1667,10.);
#546=VECTOR('',#1670,10.);
#547=VECTOR('',#1671,10.);
#548=VECTOR('',#1672,10.);
#549=VECTOR('',#1673,10.);
#550=VECTOR('',#1676,10.);
#551=VECTOR('',#1677,10.);
#552=VECTOR('',#1678,10.);
#553=VECTOR('',#1681,10.);
#554=VECTOR('',#1682,10.);
#555=VECTOR('',#1683,10.);
#556=VECTOR('',#1686,10.);
#557=VECTOR('',#1687,10.);
#558=VECTOR('',#1694,3.25);
#559=VECTOR('',#1701,3.25);
#560=VECTOR('',#1706,10.);
#561=VECTOR('',#1707,10.);
#562=VECTOR('',#1708,10.);
#563=VECTOR('',#1709,10.);
#564=VECTOR('',#1712,10.);
#565=VECTOR('',#1713,10.);
#566=VECTOR('',#1714,10.);
#567=VECTOR('',#1715,10.);
#568=VECTOR('',#1716,10.);
#569=VECTOR('',#1717,10.);
#570=VECTOR('',#1718,10.);
#571=VECTOR('',#1729,10.);
#572=VECTOR('',#1730,10.);
#573=VECTOR('',#1733,10.);
#574=VECTOR('',#1734,10.);
#575=VECTOR('',#1735,10.);
#576=VECTOR('',#1738,10.);
#577=VECTOR('',#1739,10.);
#578=VECTOR('',#1742,10.);
#579=VECTOR('',#1743,10.);
#580=VECTOR('',#1746,10.);
#581=VECTOR('',#1747,10.);
#582=VECTOR('',#1750,10.);
#583=VECTOR('',#1755,2.8);
#584=VECTOR('',#1764,4.);
#585=VECTOR('',#1771,2.8);
#586=VECTOR('',#1780,4.);
#587=VECTOR('',#1787,2.8);
#588=VECTOR('',#1796,4.);
#589=VECTOR('',#1803,2.8);
#590=VECTOR('',#1812,4.);
#591=VECTOR('',#1817,10.);
#592=VECTOR('',#1820,10.);
#593=VECTOR('',#1821,10.);
#594=VECTOR('',#1822,10.);
#595=VECTOR('',#1823,10.);
#596=VECTOR('',#1826,10.);
#597=VECTOR('',#1827,10.);
#598=VECTOR('',#1828,10.);
#599=VECTOR('',#1831,10.);
#600=VECTOR('',#1832,10.);
#601=VECTOR('',#1833,10.);
#602=VECTOR('',#1836,10.);
#603=VECTOR('',#1837,10.);
#604=VECTOR('',#1846,1.6);
#605=VECTOR('',#1853,1.6);
#606=VECTOR('',#1860,1.6);
#607=VECTOR('',#1867,1.6);
#608=VECTOR('',#1874,1.);
#609=VECTOR('',#1881,1.);
#610=VECTOR('',#1888,1.);
#611=VECTOR('',#1895,3.25);
#612=VECTOR('',#1902,3.25);
#613=VECTOR('',#1907,10.);
#614=VECTOR('',#1908,10.);
#615=VECTOR('',#1909,10.);
#616=VECTOR('',#1910,10.);
#617=VECTOR('',#1913,10.);
#618=VECTOR('',#1914,10.);
#619=VECTOR('',#1915,10.);
#620=VECTOR('',#1918,10.);
#621=VECTOR('',#1919,10.);
#622=VECTOR('',#1920,10.);
#623=VECTOR('',#1923,10.);
#624=VECTOR('',#1924,10.);
#625=VECTOR('',#1945,2.75);
#626=VECTOR('',#1956,3.5);
#627=VECTOR('',#1977,2.75);
#628=VECTOR('',#1988,3.5);
#629=B_SPLINE_CURVE_WITH_KNOTS('',3,(#2000,#2001,#2002,#2003,#2004,#2005,
#2006,#2007,#2008,#2009,#2010,#2011,#2012,#2013,#2014,#2015,#2016,#2017),
 .UNSPECIFIED.,.F.,.F.,(4,2,2,2,2,2,2,2,4),(0.,0.0528279419529764,0.105655883905953,
0.158439331123665,0.211222778341377,0.26393401415457,0.316645249967763,
0.369298855029547,0.421920988837808),.UNSPECIFIED.);
#630=B_SPLINE_CURVE_WITH_KNOTS('',3,(#2018,#2019,#2020,#2021,#2022,#2023,
#2024,#2025,#2026,#2027,#2028,#2029,#2030,#2031,#2032,#2033,#2034,#2035),
 .UNSPECIFIED.,.F.,.F.,(4,2,2,2,2,2,2,2,4),(0.421952460091331,0.474596808277761,
0.527241156464191,0.579930047431291,0.632618938398391,0.685380045432327,
0.738141152466263,0.790959842206227,0.843778531946191),.UNSPECIFIED.);
#631=B_SPLINE_CURVE_WITH_KNOTS('',3,(#2045,#2046,#2047,#2048,#2049,#2050,
#2051,#2052,#2053,#2054,#2055,#2056,#2057,#2058,#2059,#2060,#2061,#2062),
 .UNSPECIFIED.,.F.,.F.,(4,2,2,2,2,2,2,2,4),(0.,0.0527381505417926,0.105476301083585,
0.15814512744459,0.210813953805595,0.263452906115614,0.316091858425634,
0.368757896481746,0.421423934537859),.UNSPECIFIED.);
#632=B_SPLINE_CURVE_WITH_KNOTS('',3,(#2064,#2065,#2066,#2067,#2068,#2069,
#2070,#2071,#2072,#2073,#2074,#2075,#2076,#2077,#2078,#2079,#2080,#2081),
 .UNSPECIFIED.,.F.,.F.,(4,2,2,2,2,2,2,2,4),(0.421655609873453,0.474158126992452,
0.526892319447045,0.579695800937003,0.632499282426961,0.685332623768555,
0.738165965110148,0.790972255851125,0.843778546592101),.UNSPECIFIED.);
#633=B_SPLINE_CURVE_WITH_KNOTS('',3,(#2082,#2083,#2084,#2085),
 .UNSPECIFIED.,.F.,.F.,(4,4),(0.421423934537859,0.421655609873453),
 .UNSPECIFIED.);
#634=B_SPLINE_CURVE_WITH_KNOTS('',3,(#2092,#2093,#2094,#2095,#2096,#2097,
#2098,#2099,#2100,#2101,#2102,#2103,#2104,#2105,#2106,#2107,#2108,#2109),
 .UNSPECIFIED.,.F.,.F.,(4,2,2,2,2,2,2,2,4),(0.,0.052332271169951,0.104664542339902,
0.157097653625916,0.209530764911931,0.262242345704243,0.314953926496555,
0.367958293514576,0.420962660532598),.UNSPECIFIED.);
#635=B_SPLINE_CURVE_WITH_KNOTS('',3,(#2111,#2112,#2113,#2114,#2115,#2116,
#2117,#2118,#2119,#2120,#2121,#2122,#2123,#2124,#2125,#2126,#2127,#2128),
 .UNSPECIFIED.,.F.,.F.,(4,2,2,2,2,2,2,2,4),(0.421425256571879,0.474103002310795,
0.527243344088992,0.580283397890335,0.633323451691677,0.686085300267975,
0.738847148844272,0.791315659070999,0.843784169297726),.UNSPECIFIED.);
#636=B_SPLINE_CURVE_WITH_KNOTS('',3,(#2129,#2130,#2131,#2132),
 .UNSPECIFIED.,.F.,.F.,(4,4),(0.420962660532598,0.421425256571879),
 .UNSPECIFIED.);
#637=B_SPLINE_CURVE_WITH_KNOTS('',3,(#2139,#2140,#2141,#2142),
 .UNSPECIFIED.,.F.,.F.,(4,4),(0.422517254685849,0.423131268157325),
 .UNSPECIFIED.);
#638=B_SPLINE_CURVE_WITH_KNOTS('',3,(#2144,#2145,#2146,#2147,#2148,#2149,
#2150,#2151,#2152,#2153,#2154,#2155,#2156,#2157,#2158,#2159,#2160,#2161),
 .UNSPECIFIED.,.F.,.F.,(4,2,2,2,2,2,2,2,4),(0.,0.0534095751939641,0.106819150387928,
0.160016133603067,0.213213116818205,0.265927681549735,0.318642246281264,
0.370886757219295,0.422517254685849),.UNSPECIFIED.);
#639=B_SPLINE_CURVE_WITH_KNOTS('',3,(#2162,#2163,#2164,#2165,#2166,#2167,
#2168,#2169,#2170,#2171,#2172,#2173,#2174,#2175,#2176,#2177,#2178,#2179),
 .UNSPECIFIED.,.F.,.F.,(4,2,2,2,2,2,2,2,4),(0.423131268157325,0.47519478968268,
0.527258311208035,0.579536301440242,0.631814291672449,0.68457530880764,
0.737336325942832,0.790565520263631,0.843794714584431),.UNSPECIFIED.);
#640=VERTEX_POINT('',#1998);
#641=VERTEX_POINT('',#1999);
#642=VERTEX_POINT('',#2036);
#643=VERTEX_POINT('',#2040);
#644=VERTEX_POINT('',#2042);
#645=VERTEX_POINT('',#2044);
#646=VERTEX_POINT('',#2063);
#647=VERTEX_POINT('',#2087);
#648=VERTEX_POINT('',#2089);
#649=VERTEX_POINT('',#2091);
#650=VERTEX_POINT('',#2110);
#651=VERTEX_POINT('',#2134);
#652=VERTEX_POINT('',#2136);
#653=VERTEX_POINT('',#2138);
#654=VERTEX_POINT('',#2143);
#655=VERTEX_POINT('',#2181);
#656=VERTEX_POINT('',#2183);
#657=VERTEX_POINT('',#2188);
#658=VERTEX_POINT('',#2190);
#659=VERTEX_POINT('',#2195);
#660=VERTEX_POINT('',#2197);
#661=VERTEX_POINT('',#2202);
#662=VERTEX_POINT('',#2204);
#663=VERTEX_POINT('',#2209);
#664=VERTEX_POINT('',#2211);
#665=VERTEX_POINT('',#2215);
#666=VERTEX_POINT('',#2216);
#667=VERTEX_POINT('',#2218);
#668=VERTEX_POINT('',#2220);
#669=VERTEX_POINT('',#2224);
#670=VERTEX_POINT('',#2226);
#671=VERTEX_POINT('',#2230);
#672=VERTEX_POINT('',#2232);
#673=VERTEX_POINT('',#2239);
#674=VERTEX_POINT('',#2240);
#675=VERTEX_POINT('',#2242);
#676=VERTEX_POINT('',#2244);
#677=VERTEX_POINT('',#2248);
#678=VERTEX_POINT('',#2250);
#679=VERTEX_POINT('',#2254);
#680=VERTEX_POINT('',#2256);
#681=VERTEX_POINT('',#2264);
#682=VERTEX_POINT('',#2266);
#683=VERTEX_POINT('',#2270);
#684=VERTEX_POINT('',#2272);
#685=VERTEX_POINT('',#2276);
#686=VERTEX_POINT('',#2277);
#687=VERTEX_POINT('',#2279);
#688=VERTEX_POINT('',#2281);
#689=VERTEX_POINT('',#2285);
#690=VERTEX_POINT('',#2287);
#691=VERTEX_POINT('',#2289);
#692=VERTEX_POINT('',#2291);
#693=VERTEX_POINT('',#2293);
#694=VERTEX_POINT('',#2295);
#695=VERTEX_POINT('',#2298);
#696=VERTEX_POINT('',#2300);
#697=VERTEX_POINT('',#2302);
#698=VERTEX_POINT('',#2304);
#699=VERTEX_POINT('',#2307);
#700=VERTEX_POINT('',#2311);
#701=VERTEX_POINT('',#2313);
#702=VERTEX_POINT('',#2317);
#703=VERTEX_POINT('',#2321);
#704=VERTEX_POINT('',#2325);
#705=VERTEX_POINT('',#2331);
#706=VERTEX_POINT('',#2333);
#707=VERTEX_POINT('',#2338);
#708=VERTEX_POINT('',#2343);
#709=VERTEX_POINT('',#2345);
#710=VERTEX_POINT('',#2350);
#711=VERTEX_POINT('',#2355);
#712=VERTEX_POINT('',#2357);
#713=VERTEX_POINT('',#2362);
#714=VERTEX_POINT('',#2367);
#715=VERTEX_POINT('',#2369);
#716=VERTEX_POINT('',#2374);
#717=VERTEX_POINT('',#2381);
#718=VERTEX_POINT('',#2382);
#719=VERTEX_POINT('',#2384);
#720=VERTEX_POINT('',#2386);
#721=VERTEX_POINT('',#2390);
#722=VERTEX_POINT('',#2392);
#723=VERTEX_POINT('',#2396);
#724=VERTEX_POINT('',#2398);
#725=VERTEX_POINT('',#2407);
#726=VERTEX_POINT('',#2409);
#727=VERTEX_POINT('',#2413);
#728=VERTEX_POINT('',#2415);
#729=VERTEX_POINT('',#2419);
#730=VERTEX_POINT('',#2421);
#731=VERTEX_POINT('',#2425);
#732=VERTEX_POINT('',#2427);
#733=VERTEX_POINT('',#2431);
#734=VERTEX_POINT('',#2433);
#735=VERTEX_POINT('',#2437);
#736=VERTEX_POINT('',#2439);
#737=VERTEX_POINT('',#2443);
#738=VERTEX_POINT('',#2445);
#739=VERTEX_POINT('',#2449);
#740=VERTEX_POINT('',#2451);
#741=VERTEX_POINT('',#2455);
#742=VERTEX_POINT('',#2457);
#743=VERTEX_POINT('',#2461);
#744=VERTEX_POINT('',#2462);
#745=VERTEX_POINT('',#2464);
#746=VERTEX_POINT('',#2466);
#747=VERTEX_POINT('',#2470);
#748=VERTEX_POINT('',#2472);
#749=VERTEX_POINT('',#2476);
#750=VERTEX_POINT('',#2478);
#751=VERTEX_POINT('',#2487);
#752=VERTEX_POINT('',#2488);
#753=VERTEX_POINT('',#2491);
#754=VERTEX_POINT('',#2493);
#755=VERTEX_POINT('',#2497);
#756=VERTEX_POINT('',#2498);
#757=VERTEX_POINT('',#2529);
#758=VERTEX_POINT('',#2534);
#759=VERTEX_POINT('',#2539);
#760=VERTEX_POINT('',#2540);
#761=VERTEX_POINT('',#2543);
#762=VERTEX_POINT('',#2545);
#763=VERTEX_POINT('',#2549);
#764=VERTEX_POINT('',#2550);
#765=VERTEX_POINT('',#2581);
#766=VERTEX_POINT('',#2586);
#767=EDGE_CURVE('',#640,#641,#629,.T.);
#768=EDGE_CURVE('',#641,#640,#630,.T.);
#769=EDGE_CURVE('',#642,#641,#413,.T.);
#770=EDGE_CURVE('',#642,#642,#345,.T.);
#771=EDGE_CURVE('',#643,#643,#346,.T.);
#772=EDGE_CURVE('',#643,#644,#414,.T.);
#773=EDGE_CURVE('',#645,#644,#631,.T.);
#774=EDGE_CURVE('',#646,#645,#632,.T.);
#775=EDGE_CURVE('',#644,#646,#633,.T.);
#776=EDGE_CURVE('',#647,#647,#347,.T.);
#777=EDGE_CURVE('',#647,#648,#415,.T.);
#778=EDGE_CURVE('',#649,#648,#634,.T.);
#779=EDGE_CURVE('',#650,#649,#635,.T.);
#780=EDGE_CURVE('',#648,#650,#636,.T.);
#781=EDGE_CURVE('',#651,#651,#348,.T.);
#782=EDGE_CURVE('',#651,#652,#416,.T.);
#783=EDGE_CURVE('',#653,#652,#637,.T.);
#784=EDGE_CURVE('',#654,#653,#638,.T.);
#785=EDGE_CURVE('',#652,#654,#639,.T.);
#786=EDGE_CURVE('',#655,#655,#349,.T.);
#787=EDGE_CURVE('',#655,#656,#417,.T.);
#788=EDGE_CURVE('',#641,#655,#418,.T.);
#789=EDGE_CURVE('',#657,#657,#350,.T.);
#790=EDGE_CURVE('',#657,#658,#419,.T.);
#791=EDGE_CURVE('',#646,#657,#420,.T.);
#792=EDGE_CURVE('',#659,#659,#351,.T.);
#793=EDGE_CURVE('',#659,#660,#421,.T.);
#794=EDGE_CURVE('',#650,#659,#422,.T.);
#795=EDGE_CURVE('',#661,#661,#352,.T.);
#796=EDGE_CURVE('',#661,#662,#423,.T.);
#797=EDGE_CURVE('',#653,#661,#424,.T.);
#798=EDGE_CURVE('',#663,#663,#353,.T.);
#799=EDGE_CURVE('',#663,#664,#425,.T.);
#800=EDGE_CURVE('',#664,#664,#354,.T.);
#801=EDGE_CURVE('',#665,#666,#426,.T.);
#802=EDGE_CURVE('',#667,#665,#427,.T.);
#803=EDGE_CURVE('',#668,#667,#428,.T.);
#804=EDGE_CURVE('',#668,#666,#429,.T.);
#805=EDGE_CURVE('',#666,#669,#430,.T.);
#806=EDGE_CURVE('',#670,#668,#431,.T.);
#807=EDGE_CURVE('',#670,#669,#432,.T.);
#808=EDGE_CURVE('',#669,#671,#433,.T.);
#809=EDGE_CURVE('',#672,#670,#434,.T.);
#810=EDGE_CURVE('',#672,#671,#435,.T.);
#811=EDGE_CURVE('',#671,#665,#436,.T.);
#812=EDGE_CURVE('',#667,#672,#437,.T.);
#813=EDGE_CURVE('',#673,#674,#438,.T.);
#814=EDGE_CURVE('',#673,#675,#439,.T.);
#815=EDGE_CURVE('',#676,#675,#440,.T.);
#816=EDGE_CURVE('',#674,#676,#441,.T.);
#817=EDGE_CURVE('',#677,#673,#442,.T.);
#818=EDGE_CURVE('',#677,#678,#443,.T.);
#819=EDGE_CURVE('',#675,#678,#444,.T.);
#820=EDGE_CURVE('',#674,#679,#445,.T.);
#821=EDGE_CURVE('',#680,#676,#446,.T.);
#822=EDGE_CURVE('',#679,#680,#447,.T.);
#823=EDGE_CURVE('',#679,#677,#448,.T.);
#824=EDGE_CURVE('',#678,#680,#449,.T.);
#825=EDGE_CURVE('',#681,#681,#355,.T.);
#826=EDGE_CURVE('',#681,#682,#450,.T.);
#827=EDGE_CURVE('',#682,#682,#356,.T.);
#828=EDGE_CURVE('',#683,#683,#357,.T.);
#829=EDGE_CURVE('',#683,#684,#451,.T.);
#830=EDGE_CURVE('',#684,#684,#358,.T.);
#831=EDGE_CURVE('',#685,#686,#452,.T.);
#832=EDGE_CURVE('',#685,#687,#453,.T.);
#833=EDGE_CURVE('',#687,#688,#454,.T.);
#834=EDGE_CURVE('',#688,#686,#455,.T.);
#835=EDGE_CURVE('',#689,#686,#456,.T.);
#836=EDGE_CURVE('',#689,#690,#457,.T.);
#837=EDGE_CURVE('',#691,#690,#458,.T.);
#838=EDGE_CURVE('',#691,#692,#459,.T.);
#839=EDGE_CURVE('',#693,#692,#460,.T.);
#840=EDGE_CURVE('',#693,#694,#461,.T.);
#841=EDGE_CURVE('',#685,#694,#462,.T.);
#842=EDGE_CURVE('',#695,#695,#359,.T.);
#843=EDGE_CURVE('',#696,#696,#360,.T.);
#844=EDGE_CURVE('',#697,#697,#361,.T.);
#845=EDGE_CURVE('',#698,#698,#362,.T.);
#846=EDGE_CURVE('',#699,#688,#463,.T.);
#847=EDGE_CURVE('',#689,#699,#464,.T.);
#848=EDGE_CURVE('',#693,#700,#465,.T.);
#849=EDGE_CURVE('',#700,#701,#466,.T.);
#850=EDGE_CURVE('',#701,#694,#467,.T.);
#851=EDGE_CURVE('',#702,#692,#468,.T.);
#852=EDGE_CURVE('',#700,#702,#469,.T.);
#853=EDGE_CURVE('',#691,#703,#470,.T.);
#854=EDGE_CURVE('',#703,#702,#471,.T.);
#855=EDGE_CURVE('',#704,#690,#472,.T.);
#856=EDGE_CURVE('',#703,#704,#473,.T.);
#857=EDGE_CURVE('',#699,#704,#474,.T.);
#858=EDGE_CURVE('',#705,#705,#363,.T.);
#859=EDGE_CURVE('',#705,#706,#475,.T.);
#860=EDGE_CURVE('',#706,#706,#364,.T.);
#861=EDGE_CURVE('',#707,#707,#365,.T.);
#862=EDGE_CURVE('',#707,#695,#476,.T.);
#863=EDGE_CURVE('',#708,#708,#366,.T.);
#864=EDGE_CURVE('',#708,#709,#477,.T.);
#865=EDGE_CURVE('',#709,#709,#367,.T.);
#866=EDGE_CURVE('',#710,#710,#368,.T.);
#867=EDGE_CURVE('',#710,#698,#478,.T.);
#868=EDGE_CURVE('',#711,#711,#369,.T.);
#869=EDGE_CURVE('',#711,#712,#479,.T.);
#870=EDGE_CURVE('',#712,#712,#370,.T.);
#871=EDGE_CURVE('',#713,#713,#371,.T.);
#872=EDGE_CURVE('',#713,#696,#480,.T.);
#873=EDGE_CURVE('',#714,#714,#372,.T.);
#874=EDGE_CURVE('',#714,#715,#481,.T.);
#875=EDGE_CURVE('',#715,#715,#373,.T.);
#876=EDGE_CURVE('',#716,#716,#374,.T.);
#877=EDGE_CURVE('',#716,#697,#482,.T.);
#878=EDGE_CURVE('',#687,#701,#483,.T.);
#879=EDGE_CURVE('',#717,#718,#484,.T.);
#880=EDGE_CURVE('',#717,#719,#485,.T.);
#881=EDGE_CURVE('',#720,#719,#486,.T.);
#882=EDGE_CURVE('',#718,#720,#487,.T.);
#883=EDGE_CURVE('',#718,#721,#488,.T.);
#884=EDGE_CURVE('',#722,#720,#489,.T.);
#885=EDGE_CURVE('',#721,#722,#490,.T.);
#886=EDGE_CURVE('',#721,#723,#491,.T.);
#887=EDGE_CURVE('',#724,#722,#492,.T.);
#888=EDGE_CURVE('',#723,#724,#493,.T.);
#889=EDGE_CURVE('',#723,#717,#494,.T.);
#890=EDGE_CURVE('',#719,#724,#495,.T.);
#891=EDGE_CURVE('',#725,#725,#375,.T.);
#892=EDGE_CURVE('',#725,#726,#496,.T.);
#893=EDGE_CURVE('',#726,#726,#376,.T.);
#894=EDGE_CURVE('',#727,#727,#377,.T.);
#895=EDGE_CURVE('',#727,#728,#497,.T.);
#896=EDGE_CURVE('',#728,#728,#378,.T.);
#897=EDGE_CURVE('',#729,#729,#379,.T.);
#898=EDGE_CURVE('',#729,#730,#498,.T.);
#899=EDGE_CURVE('',#730,#730,#380,.T.);
#900=EDGE_CURVE('',#731,#731,#381,.T.);
#901=EDGE_CURVE('',#731,#732,#499,.T.);
#902=EDGE_CURVE('',#732,#732,#382,.T.);
#903=EDGE_CURVE('',#733,#733,#383,.T.);
#904=EDGE_CURVE('',#733,#734,#500,.T.);
#905=EDGE_CURVE('',#734,#734,#384,.T.);
#906=EDGE_CURVE('',#735,#735,#385,.T.);
#907=EDGE_CURVE('',#735,#736,#501,.T.);
#908=EDGE_CURVE('',#736,#736,#386,.T.);
#909=EDGE_CURVE('',#737,#737,#387,.T.);
#910=EDGE_CURVE('',#737,#738,#502,.T.);
#911=EDGE_CURVE('',#738,#738,#388,.T.);
#912=EDGE_CURVE('',#739,#739,#389,.T.);
#913=EDGE_CURVE('',#739,#740,#503,.T.);
#914=EDGE_CURVE('',#740,#740,#390,.T.);
#915=EDGE_CURVE('',#741,#741,#391,.T.);
#916=EDGE_CURVE('',#741,#742,#504,.T.);
#917=EDGE_CURVE('',#742,#742,#392,.T.);
#918=EDGE_CURVE('',#743,#744,#505,.T.);
#919=EDGE_CURVE('',#743,#745,#506,.T.);
#920=EDGE_CURVE('',#746,#745,#507,.T.);
#921=EDGE_CURVE('',#744,#746,#508,.T.);
#922=EDGE_CURVE('',#744,#747,#509,.T.);
#923=EDGE_CURVE('',#748,#746,#510,.T.);
#924=EDGE_CURVE('',#747,#748,#511,.T.);
#925=EDGE_CURVE('',#747,#749,#512,.T.);
#926=EDGE_CURVE('',#750,#748,#513,.T.);
#927=EDGE_CURVE('',#749,#750,#514,.T.);
#928=EDGE_CURVE('',#749,#743,#515,.T.);
#929=EDGE_CURVE('',#745,#750,#516,.T.);
#930=EDGE_CURVE('',#751,#752,#393,.T.);
#931=EDGE_CURVE('',#752,#751,#394,.T.);
#932=EDGE_CURVE('',#751,#753,#395,.T.);
#933=EDGE_CURVE('',#753,#754,#396,.T.);
#934=EDGE_CURVE('',#754,#753,#397,.T.);
#935=EDGE_CURVE('',#755,#756,#398,.T.);
#936=EDGE_CURVE('',#755,#752,#517,.T.);
#937=EDGE_CURVE('',#756,#755,#399,.T.);
#938=EDGE_CURVE('',#757,#757,#400,.T.);
#939=EDGE_CURVE('',#757,#756,#401,.T.);
#940=EDGE_CURVE('',#754,#758,#518,.T.);
#941=EDGE_CURVE('',#758,#758,#402,.T.);
#942=EDGE_CURVE('',#759,#760,#403,.T.);
#943=EDGE_CURVE('',#760,#759,#404,.T.);
#944=EDGE_CURVE('',#759,#761,#405,.T.);
#945=EDGE_CURVE('',#761,#762,#406,.T.);
#946=EDGE_CURVE('',#762,#761,#407,.T.);
#947=EDGE_CURVE('',#763,#764,#408,.T.);
#948=EDGE_CURVE('',#763,#760,#519,.T.);
#949=EDGE_CURVE('',#764,#763,#409,.T.);
#950=EDGE_CURVE('',#765,#765,#410,.T.);
#951=EDGE_CURVE('',#765,#764,#411,.T.);
#952=EDGE_CURVE('',#762,#766,#520,.T.);
#953=EDGE_CURVE('',#766,#766,#412,.T.);
#954=ORIENTED_EDGE('',*,*,#767,.F.);
#955=ORIENTED_EDGE('',*,*,#768,.F.);
#956=ORIENTED_EDGE('',*,*,#769,.F.);
#957=ORIENTED_EDGE('',*,*,#770,.F.);
#958=ORIENTED_EDGE('',*,*,#769,.T.);
#959=ORIENTED_EDGE('',*,*,#771,.F.);
#960=ORIENTED_EDGE('',*,*,#772,.T.);
#961=ORIENTED_EDGE('',*,*,#773,.F.);
#962=ORIENTED_EDGE('',*,*,#774,.F.);
#963=ORIENTED_EDGE('',*,*,#775,.F.);
#964=ORIENTED_EDGE('',*,*,#772,.F.);
#965=ORIENTED_EDGE('',*,*,#776,.F.);
#966=ORIENTED_EDGE('',*,*,#777,.T.);
#967=ORIENTED_EDGE('',*,*,#778,.F.);
#968=ORIENTED_EDGE('',*,*,#779,.F.);
#969=ORIENTED_EDGE('',*,*,#780,.F.);
#970=ORIENTED_EDGE('',*,*,#777,.F.);
#971=ORIENTED_EDGE('',*,*,#781,.F.);
#972=ORIENTED_EDGE('',*,*,#782,.T.);
#973=ORIENTED_EDGE('',*,*,#783,.F.);
#974=ORIENTED_EDGE('',*,*,#784,.F.);
#975=ORIENTED_EDGE('',*,*,#785,.F.);
#976=ORIENTED_EDGE('',*,*,#782,.F.);
#977=ORIENTED_EDGE('',*,*,#786,.F.);
#978=ORIENTED_EDGE('',*,*,#787,.T.);
#979=ORIENTED_EDGE('',*,*,#787,.F.);
#980=ORIENTED_EDGE('',*,*,#768,.T.);
#981=ORIENTED_EDGE('',*,*,#767,.T.);
#982=ORIENTED_EDGE('',*,*,#788,.T.);
#983=ORIENTED_EDGE('',*,*,#786,.T.);
#984=ORIENTED_EDGE('',*,*,#788,.F.);
#985=ORIENTED_EDGE('',*,*,#789,.F.);
#986=ORIENTED_EDGE('',*,*,#790,.T.);
#987=ORIENTED_EDGE('',*,*,#790,.F.);
#988=ORIENTED_EDGE('',*,*,#773,.T.);
#989=ORIENTED_EDGE('',*,*,#775,.T.);
#990=ORIENTED_EDGE('',*,*,#791,.T.);
#991=ORIENTED_EDGE('',*,*,#789,.T.);
#992=ORIENTED_EDGE('',*,*,#791,.F.);
#993=ORIENTED_EDGE('',*,*,#774,.T.);
#994=ORIENTED_EDGE('',*,*,#792,.F.);
#995=ORIENTED_EDGE('',*,*,#793,.T.);
#996=ORIENTED_EDGE('',*,*,#793,.F.);
#997=ORIENTED_EDGE('',*,*,#778,.T.);
#998=ORIENTED_EDGE('',*,*,#780,.T.);
#999=ORIENTED_EDGE('',*,*,#794,.T.);
#1000=ORIENTED_EDGE('',*,*,#792,.T.);
#1001=ORIENTED_EDGE('',*,*,#794,.F.);
#1002=ORIENTED_EDGE('',*,*,#779,.T.);
#1003=ORIENTED_EDGE('',*,*,#795,.F.);
#1004=ORIENTED_EDGE('',*,*,#796,.T.);
#1005=ORIENTED_EDGE('',*,*,#796,.F.);
#1006=ORIENTED_EDGE('',*,*,#784,.T.);
#1007=ORIENTED_EDGE('',*,*,#797,.T.);
#1008=ORIENTED_EDGE('',*,*,#795,.T.);
#1009=ORIENTED_EDGE('',*,*,#797,.F.);
#1010=ORIENTED_EDGE('',*,*,#783,.T.);
#1011=ORIENTED_EDGE('',*,*,#785,.T.);
#1012=ORIENTED_EDGE('',*,*,#798,.F.);
#1013=ORIENTED_EDGE('',*,*,#799,.T.);
#1014=ORIENTED_EDGE('',*,*,#800,.F.);
#1015=ORIENTED_EDGE('',*,*,#799,.F.);
#1016=ORIENTED_EDGE('',*,*,#801,.F.);
#1017=ORIENTED_EDGE('',*,*,#802,.F.);
#1018=ORIENTED_EDGE('',*,*,#803,.F.);
#1019=ORIENTED_EDGE('',*,*,#804,.T.);
#1020=ORIENTED_EDGE('',*,*,#805,.F.);
#1021=ORIENTED_EDGE('',*,*,#804,.F.);
#1022=ORIENTED_EDGE('',*,*,#806,.F.);
#1023=ORIENTED_EDGE('',*,*,#807,.T.);
#1024=ORIENTED_EDGE('',*,*,#808,.F.);
#1025=ORIENTED_EDGE('',*,*,#807,.F.);
#1026=ORIENTED_EDGE('',*,*,#809,.F.);
#1027=ORIENTED_EDGE('',*,*,#810,.T.);
#1028=ORIENTED_EDGE('',*,*,#811,.F.);
#1029=ORIENTED_EDGE('',*,*,#810,.F.);
#1030=ORIENTED_EDGE('',*,*,#812,.F.);
#1031=ORIENTED_EDGE('',*,*,#802,.T.);
#1032=ORIENTED_EDGE('',*,*,#813,.F.);
#1033=ORIENTED_EDGE('',*,*,#814,.T.);
#1034=ORIENTED_EDGE('',*,*,#815,.F.);
#1035=ORIENTED_EDGE('',*,*,#816,.F.);
#1036=ORIENTED_EDGE('',*,*,#817,.F.);
#1037=ORIENTED_EDGE('',*,*,#818,.T.);
#1038=ORIENTED_EDGE('',*,*,#819,.F.);
#1039=ORIENTED_EDGE('',*,*,#814,.F.);
#1040=ORIENTED_EDGE('',*,*,#820,.F.);
#1041=ORIENTED_EDGE('',*,*,#816,.T.);
#1042=ORIENTED_EDGE('',*,*,#821,.F.);
#1043=ORIENTED_EDGE('',*,*,#822,.F.);
#1044=ORIENTED_EDGE('',*,*,#823,.F.);
#1045=ORIENTED_EDGE('',*,*,#822,.T.);
#1046=ORIENTED_EDGE('',*,*,#824,.F.);
#1047=ORIENTED_EDGE('',*,*,#818,.F.);
#1048=ORIENTED_EDGE('',*,*,#824,.T.);
#1049=ORIENTED_EDGE('',*,*,#821,.T.);
#1050=ORIENTED_EDGE('',*,*,#815,.T.);
#1051=ORIENTED_EDGE('',*,*,#819,.T.);
#1052=ORIENTED_EDGE('',*,*,#808,.T.);
#1053=ORIENTED_EDGE('',*,*,#811,.T.);
#1054=ORIENTED_EDGE('',*,*,#801,.T.);
#1055=ORIENTED_EDGE('',*,*,#805,.T.);
#1056=ORIENTED_EDGE('',*,*,#825,.F.);
#1057=ORIENTED_EDGE('',*,*,#826,.T.);
#1058=ORIENTED_EDGE('',*,*,#827,.F.);
#1059=ORIENTED_EDGE('',*,*,#826,.F.);
#1060=ORIENTED_EDGE('',*,*,#828,.F.);
#1061=ORIENTED_EDGE('',*,*,#829,.T.);
#1062=ORIENTED_EDGE('',*,*,#830,.F.);
#1063=ORIENTED_EDGE('',*,*,#829,.F.);
#1064=ORIENTED_EDGE('',*,*,#831,.F.);
#1065=ORIENTED_EDGE('',*,*,#832,.T.);
#1066=ORIENTED_EDGE('',*,*,#833,.T.);
#1067=ORIENTED_EDGE('',*,*,#834,.T.);
#1068=ORIENTED_EDGE('',*,*,#831,.T.);
#1069=ORIENTED_EDGE('',*,*,#835,.F.);
#1070=ORIENTED_EDGE('',*,*,#836,.T.);
#1071=ORIENTED_EDGE('',*,*,#837,.F.);
#1072=ORIENTED_EDGE('',*,*,#838,.T.);
#1073=ORIENTED_EDGE('',*,*,#839,.F.);
#1074=ORIENTED_EDGE('',*,*,#840,.T.);
#1075=ORIENTED_EDGE('',*,*,#841,.F.);
#1076=ORIENTED_EDGE('',*,*,#817,.T.);
#1077=ORIENTED_EDGE('',*,*,#813,.T.);
#1078=ORIENTED_EDGE('',*,*,#820,.T.);
#1079=ORIENTED_EDGE('',*,*,#823,.T.);
#1080=ORIENTED_EDGE('',*,*,#842,.T.);
#1081=ORIENTED_EDGE('',*,*,#843,.T.);
#1082=ORIENTED_EDGE('',*,*,#844,.T.);
#1083=ORIENTED_EDGE('',*,*,#845,.T.);
#1084=ORIENTED_EDGE('',*,*,#834,.F.);
#1085=ORIENTED_EDGE('',*,*,#846,.F.);
#1086=ORIENTED_EDGE('',*,*,#847,.F.);
#1087=ORIENTED_EDGE('',*,*,#835,.T.);
#1088=ORIENTED_EDGE('',*,*,#800,.T.);
#1089=ORIENTED_EDGE('',*,*,#840,.F.);
#1090=ORIENTED_EDGE('',*,*,#848,.T.);
#1091=ORIENTED_EDGE('',*,*,#849,.T.);
#1092=ORIENTED_EDGE('',*,*,#850,.T.);
#1093=ORIENTED_EDGE('',*,*,#848,.F.);
#1094=ORIENTED_EDGE('',*,*,#839,.T.);
#1095=ORIENTED_EDGE('',*,*,#851,.F.);
#1096=ORIENTED_EDGE('',*,*,#852,.F.);
#1097=ORIENTED_EDGE('',*,*,#838,.F.);
#1098=ORIENTED_EDGE('',*,*,#853,.T.);
#1099=ORIENTED_EDGE('',*,*,#854,.T.);
#1100=ORIENTED_EDGE('',*,*,#851,.T.);
#1101=ORIENTED_EDGE('',*,*,#853,.F.);
#1102=ORIENTED_EDGE('',*,*,#837,.T.);
#1103=ORIENTED_EDGE('',*,*,#855,.F.);
#1104=ORIENTED_EDGE('',*,*,#856,.F.);
#1105=ORIENTED_EDGE('',*,*,#830,.T.);
#1106=ORIENTED_EDGE('',*,*,#836,.F.);
#1107=ORIENTED_EDGE('',*,*,#847,.T.);
#1108=ORIENTED_EDGE('',*,*,#857,.T.);
#1109=ORIENTED_EDGE('',*,*,#855,.T.);
#1110=ORIENTED_EDGE('',*,*,#858,.F.);
#1111=ORIENTED_EDGE('',*,*,#859,.T.);
#1112=ORIENTED_EDGE('',*,*,#860,.F.);
#1113=ORIENTED_EDGE('',*,*,#859,.F.);
#1114=ORIENTED_EDGE('',*,*,#858,.T.);
#1115=ORIENTED_EDGE('',*,*,#861,.F.);
#1116=ORIENTED_EDGE('',*,*,#862,.T.);
#1117=ORIENTED_EDGE('',*,*,#842,.F.);
#1118=ORIENTED_EDGE('',*,*,#862,.F.);
#1119=ORIENTED_EDGE('',*,*,#861,.T.);
#1120=ORIENTED_EDGE('',*,*,#860,.T.);
#1121=ORIENTED_EDGE('',*,*,#863,.F.);
#1122=ORIENTED_EDGE('',*,*,#864,.T.);
#1123=ORIENTED_EDGE('',*,*,#865,.F.);
#1124=ORIENTED_EDGE('',*,*,#864,.F.);
#1125=ORIENTED_EDGE('',*,*,#863,.T.);
#1126=ORIENTED_EDGE('',*,*,#866,.F.);
#1127=ORIENTED_EDGE('',*,*,#867,.T.);
#1128=ORIENTED_EDGE('',*,*,#845,.F.);
#1129=ORIENTED_EDGE('',*,*,#867,.F.);
#1130=ORIENTED_EDGE('',*,*,#866,.T.);
#1131=ORIENTED_EDGE('',*,*,#865,.T.);
#1132=ORIENTED_EDGE('',*,*,#868,.F.);
#1133=ORIENTED_EDGE('',*,*,#869,.T.);
#1134=ORIENTED_EDGE('',*,*,#870,.F.);
#1135=ORIENTED_EDGE('',*,*,#869,.F.);
#1136=ORIENTED_EDGE('',*,*,#868,.T.);
#1137=ORIENTED_EDGE('',*,*,#871,.F.);
#1138=ORIENTED_EDGE('',*,*,#872,.T.);
#1139=ORIENTED_EDGE('',*,*,#843,.F.);
#1140=ORIENTED_EDGE('',*,*,#872,.F.);
#1141=ORIENTED_EDGE('',*,*,#871,.T.);
#1142=ORIENTED_EDGE('',*,*,#870,.T.);
#1143=ORIENTED_EDGE('',*,*,#873,.F.);
#1144=ORIENTED_EDGE('',*,*,#874,.T.);
#1145=ORIENTED_EDGE('',*,*,#875,.F.);
#1146=ORIENTED_EDGE('',*,*,#874,.F.);
#1147=ORIENTED_EDGE('',*,*,#873,.T.);
#1148=ORIENTED_EDGE('',*,*,#876,.F.);
#1149=ORIENTED_EDGE('',*,*,#877,.T.);
#1150=ORIENTED_EDGE('',*,*,#844,.F.);
#1151=ORIENTED_EDGE('',*,*,#877,.F.);
#1152=ORIENTED_EDGE('',*,*,#876,.T.);
#1153=ORIENTED_EDGE('',*,*,#875,.T.);
#1154=ORIENTED_EDGE('',*,*,#832,.F.);
#1155=ORIENTED_EDGE('',*,*,#841,.T.);
#1156=ORIENTED_EDGE('',*,*,#850,.F.);
#1157=ORIENTED_EDGE('',*,*,#878,.F.);
#1158=ORIENTED_EDGE('',*,*,#827,.T.);
#1159=ORIENTED_EDGE('',*,*,#879,.F.);
#1160=ORIENTED_EDGE('',*,*,#880,.T.);
#1161=ORIENTED_EDGE('',*,*,#881,.F.);
#1162=ORIENTED_EDGE('',*,*,#882,.F.);
#1163=ORIENTED_EDGE('',*,*,#825,.T.);
#1164=ORIENTED_EDGE('',*,*,#883,.F.);
#1165=ORIENTED_EDGE('',*,*,#882,.T.);
#1166=ORIENTED_EDGE('',*,*,#884,.F.);
#1167=ORIENTED_EDGE('',*,*,#885,.F.);
#1168=ORIENTED_EDGE('',*,*,#886,.F.);
#1169=ORIENTED_EDGE('',*,*,#885,.T.);
#1170=ORIENTED_EDGE('',*,*,#887,.F.);
#1171=ORIENTED_EDGE('',*,*,#888,.F.);
#1172=ORIENTED_EDGE('',*,*,#828,.T.);
#1173=ORIENTED_EDGE('',*,*,#889,.F.);
#1174=ORIENTED_EDGE('',*,*,#888,.T.);
#1175=ORIENTED_EDGE('',*,*,#890,.F.);
#1176=ORIENTED_EDGE('',*,*,#880,.F.);
#1177=ORIENTED_EDGE('',*,*,#798,.T.);
#1178=ORIENTED_EDGE('',*,*,#890,.T.);
#1179=ORIENTED_EDGE('',*,*,#887,.T.);
#1180=ORIENTED_EDGE('',*,*,#884,.T.);
#1181=ORIENTED_EDGE('',*,*,#881,.T.);
#1182=ORIENTED_EDGE('',*,*,#770,.T.);
#1183=ORIENTED_EDGE('',*,*,#771,.T.);
#1184=ORIENTED_EDGE('',*,*,#776,.T.);
#1185=ORIENTED_EDGE('',*,*,#781,.T.);
#1186=ORIENTED_EDGE('',*,*,#878,.T.);
#1187=ORIENTED_EDGE('',*,*,#849,.F.);
#1188=ORIENTED_EDGE('',*,*,#852,.T.);
#1189=ORIENTED_EDGE('',*,*,#854,.F.);
#1190=ORIENTED_EDGE('',*,*,#856,.T.);
#1191=ORIENTED_EDGE('',*,*,#857,.F.);
#1192=ORIENTED_EDGE('',*,*,#846,.T.);
#1193=ORIENTED_EDGE('',*,*,#833,.F.);
#1194=ORIENTED_EDGE('',*,*,#889,.T.);
#1195=ORIENTED_EDGE('',*,*,#879,.T.);
#1196=ORIENTED_EDGE('',*,*,#883,.T.);
#1197=ORIENTED_EDGE('',*,*,#886,.T.);
#1198=ORIENTED_EDGE('',*,*,#809,.T.);
#1199=ORIENTED_EDGE('',*,*,#806,.T.);
#1200=ORIENTED_EDGE('',*,*,#803,.T.);
#1201=ORIENTED_EDGE('',*,*,#812,.T.);
#1202=ORIENTED_EDGE('',*,*,#891,.F.);
#1203=ORIENTED_EDGE('',*,*,#892,.T.);
#1204=ORIENTED_EDGE('',*,*,#893,.F.);
#1205=ORIENTED_EDGE('',*,*,#892,.F.);
#1206=ORIENTED_EDGE('',*,*,#894,.F.);
#1207=ORIENTED_EDGE('',*,*,#895,.T.);
#1208=ORIENTED_EDGE('',*,*,#896,.F.);
#1209=ORIENTED_EDGE('',*,*,#895,.F.);
#1210=ORIENTED_EDGE('',*,*,#897,.F.);
#1211=ORIENTED_EDGE('',*,*,#898,.T.);
#1212=ORIENTED_EDGE('',*,*,#899,.F.);
#1213=ORIENTED_EDGE('',*,*,#898,.F.);
#1214=ORIENTED_EDGE('',*,*,#900,.F.);
#1215=ORIENTED_EDGE('',*,*,#901,.T.);
#1216=ORIENTED_EDGE('',*,*,#902,.F.);
#1217=ORIENTED_EDGE('',*,*,#901,.F.);
#1218=ORIENTED_EDGE('',*,*,#903,.F.);
#1219=ORIENTED_EDGE('',*,*,#904,.T.);
#1220=ORIENTED_EDGE('',*,*,#905,.F.);
#1221=ORIENTED_EDGE('',*,*,#904,.F.);
#1222=ORIENTED_EDGE('',*,*,#906,.F.);
#1223=ORIENTED_EDGE('',*,*,#907,.T.);
#1224=ORIENTED_EDGE('',*,*,#908,.F.);
#1225=ORIENTED_EDGE('',*,*,#907,.F.);
#1226=ORIENTED_EDGE('',*,*,#909,.F.);
#1227=ORIENTED_EDGE('',*,*,#910,.T.);
#1228=ORIENTED_EDGE('',*,*,#911,.F.);
#1229=ORIENTED_EDGE('',*,*,#910,.F.);
#1230=ORIENTED_EDGE('',*,*,#912,.F.);
#1231=ORIENTED_EDGE('',*,*,#913,.T.);
#1232=ORIENTED_EDGE('',*,*,#914,.F.);
#1233=ORIENTED_EDGE('',*,*,#913,.F.);
#1234=ORIENTED_EDGE('',*,*,#915,.F.);
#1235=ORIENTED_EDGE('',*,*,#916,.T.);
#1236=ORIENTED_EDGE('',*,*,#917,.F.);
#1237=ORIENTED_EDGE('',*,*,#916,.F.);
#1238=ORIENTED_EDGE('',*,*,#918,.F.);
#1239=ORIENTED_EDGE('',*,*,#919,.T.);
#1240=ORIENTED_EDGE('',*,*,#920,.F.);
#1241=ORIENTED_EDGE('',*,*,#921,.F.);
#1242=ORIENTED_EDGE('',*,*,#922,.F.);
#1243=ORIENTED_EDGE('',*,*,#921,.T.);
#1244=ORIENTED_EDGE('',*,*,#923,.F.);
#1245=ORIENTED_EDGE('',*,*,#924,.F.);
#1246=ORIENTED_EDGE('',*,*,#925,.F.);
#1247=ORIENTED_EDGE('',*,*,#924,.T.);
#1248=ORIENTED_EDGE('',*,*,#926,.F.);
#1249=ORIENTED_EDGE('',*,*,#927,.F.);
#1250=ORIENTED_EDGE('',*,*,#928,.F.);
#1251=ORIENTED_EDGE('',*,*,#927,.T.);
#1252=ORIENTED_EDGE('',*,*,#929,.F.);
#1253=ORIENTED_EDGE('',*,*,#919,.F.);
#1254=ORIENTED_EDGE('',*,*,#929,.T.);
#1255=ORIENTED_EDGE('',*,*,#926,.T.);
#1256=ORIENTED_EDGE('',*,*,#923,.T.);
#1257=ORIENTED_EDGE('',*,*,#920,.T.);
#1258=ORIENTED_EDGE('',*,*,#894,.T.);
#1259=ORIENTED_EDGE('',*,*,#897,.T.);
#1260=ORIENTED_EDGE('',*,*,#900,.T.);
#1261=ORIENTED_EDGE('',*,*,#903,.T.);
#1262=ORIENTED_EDGE('',*,*,#906,.T.);
#1263=ORIENTED_EDGE('',*,*,#909,.T.);
#1264=ORIENTED_EDGE('',*,*,#912,.T.);
#1265=ORIENTED_EDGE('',*,*,#915,.T.);
#1266=ORIENTED_EDGE('',*,*,#891,.T.);
#1267=ORIENTED_EDGE('',*,*,#928,.T.);
#1268=ORIENTED_EDGE('',*,*,#918,.T.);
#1269=ORIENTED_EDGE('',*,*,#922,.T.);
#1270=ORIENTED_EDGE('',*,*,#925,.T.);
#1271=ORIENTED_EDGE('',*,*,#896,.T.);
#1272=ORIENTED_EDGE('',*,*,#899,.T.);
#1273=ORIENTED_EDGE('',*,*,#902,.T.);
#1274=ORIENTED_EDGE('',*,*,#905,.T.);
#1275=ORIENTED_EDGE('',*,*,#908,.T.);
#1276=ORIENTED_EDGE('',*,*,#911,.T.);
#1277=ORIENTED_EDGE('',*,*,#914,.T.);
#1278=ORIENTED_EDGE('',*,*,#917,.T.);
#1279=ORIENTED_EDGE('',*,*,#893,.T.);
#1280=ORIENTED_EDGE('',*,*,#930,.T.);
#1281=ORIENTED_EDGE('',*,*,#931,.T.);
#1282=ORIENTED_EDGE('',*,*,#932,.T.);
#1283=ORIENTED_EDGE('',*,*,#933,.T.);
#1284=ORIENTED_EDGE('',*,*,#934,.T.);
#1285=ORIENTED_EDGE('',*,*,#932,.F.);
#1286=ORIENTED_EDGE('',*,*,#935,.F.);
#1287=ORIENTED_EDGE('',*,*,#936,.T.);
#1288=ORIENTED_EDGE('',*,*,#930,.F.);
#1289=ORIENTED_EDGE('',*,*,#931,.F.);
#1290=ORIENTED_EDGE('',*,*,#936,.F.);
#1291=ORIENTED_EDGE('',*,*,#937,.F.);
#1292=ORIENTED_EDGE('',*,*,#938,.T.);
#1293=ORIENTED_EDGE('',*,*,#939,.T.);
#1294=ORIENTED_EDGE('',*,*,#937,.T.);
#1295=ORIENTED_EDGE('',*,*,#935,.T.);
#1296=ORIENTED_EDGE('',*,*,#939,.F.);
#1297=ORIENTED_EDGE('',*,*,#938,.F.);
#1298=ORIENTED_EDGE('',*,*,#933,.F.);
#1299=ORIENTED_EDGE('',*,*,#934,.F.);
#1300=ORIENTED_EDGE('',*,*,#940,.T.);
#1301=ORIENTED_EDGE('',*,*,#941,.T.);
#1302=ORIENTED_EDGE('',*,*,#940,.F.);
#1303=ORIENTED_EDGE('',*,*,#941,.F.);
#1304=ORIENTED_EDGE('',*,*,#942,.T.);
#1305=ORIENTED_EDGE('',*,*,#943,.T.);
#1306=ORIENTED_EDGE('',*,*,#944,.T.);
#1307=ORIENTED_EDGE('',*,*,#945,.T.);
#1308=ORIENTED_EDGE('',*,*,#946,.T.);
#1309=ORIENTED_EDGE('',*,*,#944,.F.);
#1310=ORIENTED_EDGE('',*,*,#947,.F.);
#1311=ORIENTED_EDGE('',*,*,#948,.T.);
#1312=ORIENTED_EDGE('',*,*,#942,.F.);
#1313=ORIENTED_EDGE('',*,*,#943,.F.);
#1314=ORIENTED_EDGE('',*,*,#948,.F.);
#1315=ORIENTED_EDGE('',*,*,#949,.F.);
#1316=ORIENTED_EDGE('',*,*,#950,.T.);
#1317=ORIENTED_EDGE('',*,*,#951,.T.);
#1318=ORIENTED_EDGE('',*,*,#949,.T.);
#1319=ORIENTED_EDGE('',*,*,#947,.T.);
#1320=ORIENTED_EDGE('',*,*,#951,.F.);
#1321=ORIENTED_EDGE('',*,*,#950,.F.);
#1322=ORIENTED_EDGE('',*,*,#945,.F.);
#1323=ORIENTED_EDGE('',*,*,#946,.F.);
#1324=ORIENTED_EDGE('',*,*,#952,.T.);
#1325=ORIENTED_EDGE('',*,*,#953,.T.);
#1326=ORIENTED_EDGE('',*,*,#952,.F.);
#1327=ORIENTED_EDGE('',*,*,#953,.F.);
#1328=CONICAL_SURFACE('',#1436,0.8,1.02974425867665);
#1329=CONICAL_SURFACE('',#1438,0.8,1.02974425867665);
#1330=CONICAL_SURFACE('',#1440,0.8,1.02974425867665);
#1331=CONICAL_SURFACE('',#1442,0.8,1.02974425867665);
#1332=CONICAL_SURFACE('',#1444,0.7,1.02974425867665);
#1333=CONICAL_SURFACE('',#1447,0.7,1.02974425867665);
#1334=CONICAL_SURFACE('',#1450,0.7,1.02974425867665);
#1335=CONICAL_SURFACE('',#1453,0.7,1.02974425867665);
#1336=ADVANCED_FACE('',(#141),#1328,.F.);
#1337=ADVANCED_FACE('',(#142),#1329,.F.);
#1338=ADVANCED_FACE('',(#143),#1330,.F.);
#1339=ADVANCED_FACE('',(#144),#1331,.F.);
#1340=ADVANCED_FACE('',(#145),#1332,.F.);
#1341=ADVANCED_FACE('',(#146),#113,.F.);
#1342=ADVANCED_FACE('',(#147),#1333,.F.);
#1343=ADVANCED_FACE('',(#148),#114,.F.);
#1344=ADVANCED_FACE('',(#149),#1334,.F.);
#1345=ADVANCED_FACE('',(#150),#115,.F.);
#1346=ADVANCED_FACE('',(#151),#1335,.F.);
#1347=ADVANCED_FACE('',(#152),#116,.F.);
#1348=ADVANCED_FACE('',(#153),#117,.F.);
#1349=ADVANCED_FACE('',(#154),#71,.F.);
#1350=ADVANCED_FACE('',(#155),#72,.F.);
#1351=ADVANCED_FACE('',(#156),#73,.F.);
#1352=ADVANCED_FACE('',(#157),#74,.F.);
#1353=ADVANCED_FACE('',(#158),#75,.T.);
#1354=ADVANCED_FACE('',(#159),#76,.T.);
#1355=ADVANCED_FACE('',(#160),#77,.T.);
#1356=ADVANCED_FACE('',(#161),#78,.T.);
#1357=ADVANCED_FACE('',(#162,#31),#79,.T.);
#1358=ADVANCED_FACE('',(#163),#118,.F.);
#1359=ADVANCED_FACE('',(#164),#119,.F.);
#1360=ADVANCED_FACE('',(#165),#80,.T.);
#1361=ADVANCED_FACE('',(#166,#32,#33,#34,#35,#36),#81,.T.);
#1362=ADVANCED_FACE('',(#167,#37),#82,.T.);
#1363=ADVANCED_FACE('',(#168),#83,.T.);
#1364=ADVANCED_FACE('',(#169),#84,.T.);
#1365=ADVANCED_FACE('',(#170),#85,.T.);
#1366=ADVANCED_FACE('',(#171,#38),#86,.T.);
#1367=ADVANCED_FACE('',(#172),#87,.T.);
#1368=ADVANCED_FACE('',(#173),#120,.T.);
#1369=ADVANCED_FACE('',(#174),#88,.T.);
#1370=ADVANCED_FACE('',(#175),#121,.T.);
#1371=ADVANCED_FACE('',(#176,#39),#89,.T.);
#1372=ADVANCED_FACE('',(#177),#122,.T.);
#1373=ADVANCED_FACE('',(#178),#90,.T.);
#1374=ADVANCED_FACE('',(#179),#123,.T.);
#1375=ADVANCED_FACE('',(#180,#40),#91,.T.);
#1376=ADVANCED_FACE('',(#181),#124,.T.);
#1377=ADVANCED_FACE('',(#182),#92,.T.);
#1378=ADVANCED_FACE('',(#183),#125,.T.);
#1379=ADVANCED_FACE('',(#184,#41),#93,.T.);
#1380=ADVANCED_FACE('',(#185),#126,.T.);
#1381=ADVANCED_FACE('',(#186),#94,.T.);
#1382=ADVANCED_FACE('',(#187),#127,.T.);
#1383=ADVANCED_FACE('',(#188,#42),#95,.T.);
#1384=ADVANCED_FACE('',(#189,#43),#96,.T.);
#1385=ADVANCED_FACE('',(#190,#44),#97,.T.);
#1386=ADVANCED_FACE('',(#191),#98,.T.);
#1387=ADVANCED_FACE('',(#192,#45),#99,.T.);
#1388=ADVANCED_FACE('',(#193,#46),#100,.T.);
#1389=ADVANCED_FACE('',(#194,#47,#48,#49,#50,#51),#101,.T.);
#1390=ADVANCED_FACE('',(#195,#52),#102,.F.);
#1391=ADVANCED_FACE('',(#196),#128,.F.);
#1392=ADVANCED_FACE('',(#197),#129,.F.);
#1393=ADVANCED_FACE('',(#198),#130,.F.);
#1394=ADVANCED_FACE('',(#199),#131,.F.);
#1395=ADVANCED_FACE('',(#200),#132,.F.);
#1396=ADVANCED_FACE('',(#201),#133,.F.);
#1397=ADVANCED_FACE('',(#202),#134,.F.);
#1398=ADVANCED_FACE('',(#203),#135,.F.);
#1399=ADVANCED_FACE('',(#204),#136,.F.);
#1400=ADVANCED_FACE('',(#205),#103,.T.);
#1401=ADVANCED_FACE('',(#206),#104,.T.);
#1402=ADVANCED_FACE('',(#207),#105,.T.);
#1403=ADVANCED_FACE('',(#208),#106,.T.);
#1404=ADVANCED_FACE('',(#209,#53,#54,#55,#56,#57,#58,#59,#60,#61),#107,
 .T.);
#1405=ADVANCED_FACE('',(#210,#62,#63,#64,#65,#66,#67,#68,#69,#70),#108,
 .F.);
#1406=ADVANCED_FACE('',(#211),#17,.F.);
#1407=ADVANCED_FACE('',(#212),#137,.T.);
#1408=ADVANCED_FACE('',(#213),#15,.F.);
#1409=ADVANCED_FACE('',(#214),#109,.T.);
#1410=ADVANCED_FACE('',(#215),#138,.T.);
#1411=ADVANCED_FACE('',(#216),#110,.F.);
#1412=ADVANCED_FACE('',(#217),#18,.F.);
#1413=ADVANCED_FACE('',(#218),#139,.T.);
#1414=ADVANCED_FACE('',(#219),#16,.F.);
#1415=ADVANCED_FACE('',(#220),#111,.T.);
#1416=ADVANCED_FACE('',(#221),#140,.T.);
#1417=ADVANCED_FACE('',(#222),#112,.F.);
#1418=CLOSED_SHELL('',(#1336,#1337,#1338,#1339,#1340,#1341,#1342,#1343,
#1344,#1345,#1346,#1347,#1348,#1349,#1350,#1351,#1352,#1353,#1354,#1355,
#1356,#1357,#1358,#1359,#1360,#1361,#1362,#1363,#1364,#1365,#1366,#1367,
#1368,#1369,#1370,#1371,#1372,#1373,#1374,#1375,#1376,#1377,#1378,#1379,
#1380,#1381,#1382,#1383,#1384,#1385,#1386,#1387,#1388,#1389,#1390));
#1419=CLOSED_SHELL('',(#1391,#1392,#1393,#1394,#1395,#1396,#1397,#1398,
#1399,#1400,#1401,#1402,#1403,#1404,#1405));
#1420=CLOSED_SHELL('',(#1406,#1407,#1408,#1409,#1410,#1411));
#1421=CLOSED_SHELL('',(#1412,#1413,#1414,#1415,#1416,#1417));
#1422=DERIVED_UNIT_ELEMENT(#1424,1.);
#1423=DERIVED_UNIT_ELEMENT(#2598,-3.);
#1424=(
MASS_UNIT()
NAMED_UNIT(*)
SI_UNIT(.KILO.,.GRAM.)
);
#1425=DERIVED_UNIT((#1422,#1423));
#1426=MEASURE_REPRESENTATION_ITEM('density measure',
POSITIVE_RATIO_MEASURE(7850.),#1425);
#1427=PROPERTY_DEFINITION_REPRESENTATION(#1432,#1429);
#1428=PROPERTY_DEFINITION_REPRESENTATION(#1433,#1430);
#1429=REPRESENTATION('material name',(#1431),#2595);
#1430=REPRESENTATION('density',(#1426),#2595);
#1431=DESCRIPTIVE_REPRESENTATION_ITEM('Steel','Steel');
#1432=PROPERTY_DEFINITION('material property','material name',#2610);
#1433=PROPERTY_DEFINITION('material property','density of part',#2610);
#1434=AXIS2_PLACEMENT_3D('',#1995,#1585,#1586);
#1435=AXIS2_PLACEMENT_3D('',#1996,#1587,#1588);
#1436=AXIS2_PLACEMENT_3D('',#1997,#1589,#1590);
#1437=AXIS2_PLACEMENT_3D('',#2038,#1592,#1593);
#1438=AXIS2_PLACEMENT_3D('',#2039,#1594,#1595);
#1439=AXIS2_PLACEMENT_3D('',#2041,#1596,#1597);
#1440=AXIS2_PLACEMENT_3D('',#2086,#1599,#1600);
#1441=AXIS2_PLACEMENT_3D('',#2088,#1601,#1602);
#1442=AXIS2_PLACEMENT_3D('',#2133,#1604,#1605);
#1443=AXIS2_PLACEMENT_3D('',#2135,#1606,#1607);
#1444=AXIS2_PLACEMENT_3D('',#2180,#1609,#1610);
#1445=AXIS2_PLACEMENT_3D('',#2182,#1611,#1612);
#1446=AXIS2_PLACEMENT_3D('',#2185,#1614,#1615);
#1447=AXIS2_PLACEMENT_3D('',#2187,#1617,#1618);
#1448=AXIS2_PLACEMENT_3D('',#2189,#1619,#1620);
#1449=AXIS2_PLACEMENT_3D('',#2192,#1622,#1623);
#1450=AXIS2_PLACEMENT_3D('',#2194,#1625,#1626);
#1451=AXIS2_PLACEMENT_3D('',#2196,#1627,#1628);
#1452=AXIS2_PLACEMENT_3D('',#2199,#1630,#1631);
#1453=AXIS2_PLACEMENT_3D('',#2201,#1633,#1634);
#1454=AXIS2_PLACEMENT_3D('',#2203,#1635,#1636);
#1455=AXIS2_PLACEMENT_3D('',#2206,#1638,#1639);
#1456=AXIS2_PLACEMENT_3D('',#2208,#1641,#1642);
#1457=AXIS2_PLACEMENT_3D('',#2210,#1643,#1644);
#1458=AXIS2_PLACEMENT_3D('',#2213,#1646,#1647);
#1459=AXIS2_PLACEMENT_3D('',#2214,#1648,#1649);
#1460=AXIS2_PLACEMENT_3D('',#2223,#1654,#1655);
#1461=AXIS2_PLACEMENT_3D('',#2229,#1659,#1660);
#1462=AXIS2_PLACEMENT_3D('',#2235,#1664,#1665);
#1463=AXIS2_PLACEMENT_3D('',#2238,#1668,#1669);
#1464=AXIS2_PLACEMENT_3D('',#2247,#1674,#1675);
#1465=AXIS2_PLACEMENT_3D('',#2253,#1679,#1680);
#1466=AXIS2_PLACEMENT_3D('',#2259,#1684,#1685);
#1467=AXIS2_PLACEMENT_3D('',#2262,#1688,#1689);
#1468=AXIS2_PLACEMENT_3D('',#2263,#1690,#1691);
#1469=AXIS2_PLACEMENT_3D('',#2265,#1692,#1693);
#1470=AXIS2_PLACEMENT_3D('',#2268,#1695,#1696);
#1471=AXIS2_PLACEMENT_3D('',#2269,#1697,#1698);
#1472=AXIS2_PLACEMENT_3D('',#2271,#1699,#1700);
#1473=AXIS2_PLACEMENT_3D('',#2274,#1702,#1703);
#1474=AXIS2_PLACEMENT_3D('',#2275,#1704,#1705);
#1475=AXIS2_PLACEMENT_3D('',#2284,#1710,#1711);
#1476=AXIS2_PLACEMENT_3D('',#2299,#1719,#1720);
#1477=AXIS2_PLACEMENT_3D('',#2301,#1721,#1722);
#1478=AXIS2_PLACEMENT_3D('',#2303,#1723,#1724);
#1479=AXIS2_PLACEMENT_3D('',#2305,#1725,#1726);
#1480=AXIS2_PLACEMENT_3D('',#2306,#1727,#1728);
#1481=AXIS2_PLACEMENT_3D('',#2310,#1731,#1732);
#1482=AXIS2_PLACEMENT_3D('',#2316,#1736,#1737);
#1483=AXIS2_PLACEMENT_3D('',#2320,#1740,#1741);
#1484=AXIS2_PLACEMENT_3D('',#2324,#1744,#1745);
#1485=AXIS2_PLACEMENT_3D('',#2328,#1748,#1749);
#1486=AXIS2_PLACEMENT_3D('',#2330,#1751,#1752);
#1487=AXIS2_PLACEMENT_3D('',#2332,#1753,#1754);
#1488=AXIS2_PLACEMENT_3D('',#2335,#1756,#1757);
#1489=AXIS2_PLACEMENT_3D('',#2336,#1758,#1759);
#1490=AXIS2_PLACEMENT_3D('',#2337,#1760,#1761);
#1491=AXIS2_PLACEMENT_3D('',#2339,#1762,#1763);
#1492=AXIS2_PLACEMENT_3D('',#2341,#1765,#1766);
#1493=AXIS2_PLACEMENT_3D('',#2342,#1767,#1768);
#1494=AXIS2_PLACEMENT_3D('',#2344,#1769,#1770);
#1495=AXIS2_PLACEMENT_3D('',#2347,#1772,#1773);
#1496=AXIS2_PLACEMENT_3D('',#2348,#1774,#1775);
#1497=AXIS2_PLACEMENT_3D('',#2349,#1776,#1777);
#1498=AXIS2_PLACEMENT_3D('',#2351,#1778,#1779);
#1499=AXIS2_PLACEMENT_3D('',#2353,#1781,#1782);
#1500=AXIS2_PLACEMENT_3D('',#2354,#1783,#1784);
#1501=AXIS2_PLACEMENT_3D('',#2356,#1785,#1786);
#1502=AXIS2_PLACEMENT_3D('',#2359,#1788,#1789);
#1503=AXIS2_PLACEMENT_3D('',#2360,#1790,#1791);
#1504=AXIS2_PLACEMENT_3D('',#2361,#1792,#1793);
#1505=AXIS2_PLACEMENT_3D('',#2363,#1794,#1795);
#1506=AXIS2_PLACEMENT_3D('',#2365,#1797,#1798);
#1507=AXIS2_PLACEMENT_3D('',#2366,#1799,#1800);
#1508=AXIS2_PLACEMENT_3D('',#2368,#1801,#1802);
#1509=AXIS2_PLACEMENT_3D('',#2371,#1804,#1805);
#1510=AXIS2_PLACEMENT_3D('',#2372,#1806,#1807);
#1511=AXIS2_PLACEMENT_3D('',#2373,#1808,#1809);
#1512=AXIS2_PLACEMENT_3D('',#2375,#1810,#1811);
#1513=AXIS2_PLACEMENT_3D('',#2377,#1813,#1814);
#1514=AXIS2_PLACEMENT_3D('',#2378,#1815,#1816);
#1515=AXIS2_PLACEMENT_3D('',#2380,#1818,#1819);
#1516=AXIS2_PLACEMENT_3D('',#2389,#1824,#1825);
#1517=AXIS2_PLACEMENT_3D('',#2395,#1829,#1830);
#1518=AXIS2_PLACEMENT_3D('',#2401,#1834,#1835);
#1519=AXIS2_PLACEMENT_3D('',#2404,#1838,#1839);
#1520=AXIS2_PLACEMENT_3D('',#2405,#1840,#1841);
#1521=AXIS2_PLACEMENT_3D('',#2406,#1842,#1843);
#1522=AXIS2_PLACEMENT_3D('',#2408,#1844,#1845);
#1523=AXIS2_PLACEMENT_3D('',#2411,#1847,#1848);
#1524=AXIS2_PLACEMENT_3D('',#2412,#1849,#1850);
#1525=AXIS2_PLACEMENT_3D('',#2414,#1851,#1852);
#1526=AXIS2_PLACEMENT_3D('',#2417,#1854,#1855);
#1527=AXIS2_PLACEMENT_3D('',#2418,#1856,#1857);
#1528=AXIS2_PLACEMENT_3D('',#2420,#1858,#1859);
#1529=AXIS2_PLACEMENT_3D('',#2423,#1861,#1862);
#1530=AXIS2_PLACEMENT_3D('',#2424,#1863,#1864);
#1531=AXIS2_PLACEMENT_3D('',#2426,#1865,#1866);
#1532=AXIS2_PLACEMENT_3D('',#2429,#1868,#1869);
#1533=AXIS2_PLACEMENT_3D('',#2430,#1870,#1871);
#1534=AXIS2_PLACEMENT_3D('',#2432,#1872,#1873);
#1535=AXIS2_PLACEMENT_3D('',#2435,#1875,#1876);
#1536=AXIS2_PLACEMENT_3D('',#2436,#1877,#1878);
#1537=AXIS2_PLACEMENT_3D('',#2438,#1879,#1880);
#1538=AXIS2_PLACEMENT_3D('',#2441,#1882,#1883);
#1539=AXIS2_PLACEMENT_3D('',#2442,#1884,#1885);
#1540=AXIS2_PLACEMENT_3D('',#2444,#1886,#1887);
#1541=AXIS2_PLACEMENT_3D('',#2447,#1889,#1890);
#1542=AXIS2_PLACEMENT_3D('',#2448,#1891,#1892);
#1543=AXIS2_PLACEMENT_3D('',#2450,#1893,#1894);
#1544=AXIS2_PLACEMENT_3D('',#2453,#1896,#1897);
#1545=AXIS2_PLACEMENT_3D('',#2454,#1898,#1899);
#1546=AXIS2_PLACEMENT_3D('',#2456,#1900,#1901);
#1547=AXIS2_PLACEMENT_3D('',#2459,#1903,#1904);
#1548=AXIS2_PLACEMENT_3D('',#2460,#1905,#1906);
#1549=AXIS2_PLACEMENT_3D('',#2469,#1911,#1912);
#1550=AXIS2_PLACEMENT_3D('',#2475,#1916,#1917);
#1551=AXIS2_PLACEMENT_3D('',#2481,#1921,#1922);
#1552=AXIS2_PLACEMENT_3D('',#2484,#1925,#1926);
#1553=AXIS2_PLACEMENT_3D('',#2485,#1927,#1928);
#1554=AXIS2_PLACEMENT_3D('',#2486,#1929,#1930);
#1555=AXIS2_PLACEMENT_3D('',#2489,#1931,#1932);
#1556=AXIS2_PLACEMENT_3D('',#2490,#1933,#1934);
#1557=AXIS2_PLACEMENT_3D('',#2492,#1935,#1936);
#1558=AXIS2_PLACEMENT_3D('',#2494,#1937,#1938);
#1559=AXIS2_PLACEMENT_3D('',#2495,#1939,#1940);
#1560=AXIS2_PLACEMENT_3D('',#2496,#1941,#1942);
#1561=AXIS2_PLACEMENT_3D('',#2499,#1943,#1944);
#1562=AXIS2_PLACEMENT_3D('',#2501,#1946,#1947);
#1563=AXIS2_PLACEMENT_3D('',#2530,#1948,#1949);
#1564=AXIS2_PLACEMENT_3D('',#2531,#1950,#1951);
#1565=AXIS2_PLACEMENT_3D('',#2532,#1952,#1953);
#1566=AXIS2_PLACEMENT_3D('',#2533,#1954,#1955);
#1567=AXIS2_PLACEMENT_3D('',#2536,#1957,#1958);
#1568=AXIS2_PLACEMENT_3D('',#2537,#1959,#1960);
#1569=AXIS2_PLACEMENT_3D('',#2538,#1961,#1962);
#1570=AXIS2_PLACEMENT_3D('',#2541,#1963,#1964);
#1571=AXIS2_PLACEMENT_3D('',#2542,#1965,#1966);
#1572=AXIS2_PLACEMENT_3D('',#2544,#1967,#1968);
#1573=AXIS2_PLACEMENT_3D('',#2546,#1969,#1970);
#1574=AXIS2_PLACEMENT_3D('',#2547,#1971,#1972);
#1575=AXIS2_PLACEMENT_3D('',#2548,#1973,#1974);
#1576=AXIS2_PLACEMENT_3D('',#2551,#1975,#1976);
#1577=AXIS2_PLACEMENT_3D('',#2553,#1978,#1979);
#1578=AXIS2_PLACEMENT_3D('',#2582,#1980,#1981);
#1579=AXIS2_PLACEMENT_3D('',#2583,#1982,#1983);
#1580=AXIS2_PLACEMENT_3D('',#2584,#1984,#1985);
#1581=AXIS2_PLACEMENT_3D('',#2585,#1986,#1987);
#1582=AXIS2_PLACEMENT_3D('',#2588,#1989,#1990);
#1583=AXIS2_PLACEMENT_3D('',#2589,#1991,#1992);
#1584=AXIS2_PLACEMENT_3D('',#2590,#1993,#1994);
#1585=DIRECTION('axis',(0.,0.,1.));
#1586=DIRECTION('refdir',(1.,0.,0.));
#1587=DIRECTION('axis',(0.,0.,1.));
#1588=DIRECTION('refdir',(1.,0.,0.));
#1589=DIRECTION('center_axis',(0.,1.,0.));
#1590=DIRECTION('ref_axis',(0.,0.,1.));
#1591=DIRECTION('',(-1.04972719113862E-16,-0.515038074910054,0.857167300702112));
#1592=DIRECTION('center_axis',(0.,-1.,0.));
#1593=DIRECTION('ref_axis',(0.,0.,1.));
#1594=DIRECTION('center_axis',(0.,1.,0.));
#1595=DIRECTION('ref_axis',(0.,0.,1.));
#1596=DIRECTION('center_axis',(0.,-1.,0.));
#1597=DIRECTION('ref_axis',(0.,0.,1.));
#1598=DIRECTION('',(-1.04972719113862E-16,-0.515038074910054,0.857167300702112));
#1599=DIRECTION('center_axis',(0.,1.,0.));
#1600=DIRECTION('ref_axis',(0.,0.,1.));
#1601=DIRECTION('center_axis',(0.,-1.,0.));
#1602=DIRECTION('ref_axis',(0.,0.,1.));
#1603=DIRECTION('',(-1.04972719113862E-16,-0.515038074910054,0.857167300702112));
#1604=DIRECTION('center_axis',(0.,1.,0.));
#1605=DIRECTION('ref_axis',(0.,0.,1.));
#1606=DIRECTION('center_axis',(0.,-1.,0.));
#1607=DIRECTION('ref_axis',(0.,0.,1.));
#1608=DIRECTION('',(-1.04972719113862E-16,-0.515038074910054,0.857167300702112));
#1609=DIRECTION('center_axis',(0.,1.,0.));
#1610=DIRECTION('ref_axis',(0.,0.,1.));
#1611=DIRECTION('center_axis',(0.,-1.,0.));
#1612=DIRECTION('ref_axis',(0.,0.,1.));
#1613=DIRECTION('',(-1.04972719113862E-16,-0.515038074910054,0.857167300702112));
#1614=DIRECTION('center_axis',(0.,-1.,0.));
#1615=DIRECTION('ref_axis',(0.,0.,1.));
#1616=DIRECTION('',(0.,-1.,0.));
#1617=DIRECTION('center_axis',(0.,1.,0.));
#1618=DIRECTION('ref_axis',(0.,0.,1.));
#1619=DIRECTION('center_axis',(0.,-1.,0.));
#1620=DIRECTION('ref_axis',(0.,0.,1.));
#1621=DIRECTION('',(-1.04972719113862E-16,-0.515038074910054,0.857167300702112));
#1622=DIRECTION('center_axis',(0.,-1.,0.));
#1623=DIRECTION('ref_axis',(0.,0.,1.));
#1624=DIRECTION('',(0.,-1.,0.));
#1625=DIRECTION('center_axis',(0.,1.,0.));
#1626=DIRECTION('ref_axis',(0.,0.,1.));
#1627=DIRECTION('center_axis',(0.,-1.,0.));
#1628=DIRECTION('ref_axis',(0.,0.,1.));
#1629=DIRECTION('',(-1.04972719113862E-16,-0.515038074910054,0.857167300702112));
#1630=DIRECTION('center_axis',(0.,-1.,0.));
#1631=DIRECTION('ref_axis',(0.,0.,1.));
#1632=DIRECTION('',(0.,-1.,0.));
#1633=DIRECTION('center_axis',(0.,1.,0.));
#1634=DIRECTION('ref_axis',(0.,0.,1.));
#1635=DIRECTION('center_axis',(0.,-1.,0.));
#1636=DIRECTION('ref_axis',(0.,0.,1.));
#1637=DIRECTION('',(-1.04972719113862E-16,-0.515038074910054,0.857167300702112));
#1638=DIRECTION('center_axis',(0.,-1.,0.));
#1639=DIRECTION('ref_axis',(0.,0.,1.));
#1640=DIRECTION('',(0.,-1.,0.));
#1641=DIRECTION('center_axis',(0.,0.,1.));
#1642=DIRECTION('ref_axis',(-1.,0.,0.));
#1643=DIRECTION('center_axis',(0.,0.,1.));
#1644=DIRECTION('ref_axis',(-1.,0.,0.));
#1645=DIRECTION('',(0.,0.,1.));
#1646=DIRECTION('center_axis',(0.,0.,-1.));
#1647=DIRECTION('ref_axis',(-1.,0.,0.));
#1648=DIRECTION('center_axis',(1.,0.,0.));
#1649=DIRECTION('ref_axis',(0.,0.,-1.));
#1650=DIRECTION('',(0.,0.,1.));
#1651=DIRECTION('',(0.,1.,0.));
#1652=DIRECTION('',(0.,0.,-1.));
#1653=DIRECTION('',(0.,1.,0.));
#1654=DIRECTION('center_axis',(0.,0.,1.));
#1655=DIRECTION('ref_axis',(1.,0.,0.));
#1656=DIRECTION('',(-1.,0.,0.));
#1657=DIRECTION('',(1.,0.,0.));
#1658=DIRECTION('',(0.,1.,0.));
#1659=DIRECTION('center_axis',(-1.,0.,0.));
#1660=DIRECTION('ref_axis',(0.,0.,1.));
#1661=DIRECTION('',(0.,0.,-1.));
#1662=DIRECTION('',(0.,0.,1.));
#1663=DIRECTION('',(0.,1.,0.));
#1664=DIRECTION('center_axis',(0.,0.,-1.));
#1665=DIRECTION('ref_axis',(-1.,0.,0.));
#1666=DIRECTION('',(1.,0.,0.));
#1667=DIRECTION('',(-1.,0.,0.));
#1668=DIRECTION('center_axis',(0.,0.,-1.));
#1669=DIRECTION('ref_axis',(-1.,0.,0.));
#1670=DIRECTION('',(1.,0.,0.));
#1671=DIRECTION('',(0.,1.,0.));
#1672=DIRECTION('',(-1.,0.,0.));
#1673=DIRECTION('',(0.,1.,0.));
#1674=DIRECTION('center_axis',(-1.,0.,0.));
#1675=DIRECTION('ref_axis',(0.,0.,1.));
#1676=DIRECTION('',(0.,0.,-1.));
#1677=DIRECTION('',(0.,1.,0.));
#1678=DIRECTION('',(0.,0.,1.));
#1679=DIRECTION('center_axis',(1.,0.,0.));
#1680=DIRECTION('ref_axis',(0.,0.,-1.));
#1681=DIRECTION('',(0.,0.,1.));
#1682=DIRECTION('',(0.,0.,-1.));
#1683=DIRECTION('',(0.,1.,0.));
#1684=DIRECTION('center_axis',(0.,0.,1.));
#1685=DIRECTION('ref_axis',(1.,0.,0.));
#1686=DIRECTION('',(-1.,0.,0.));
#1687=DIRECTION('',(1.,0.,0.));
#1688=DIRECTION('center_axis',(0.,1.,0.));
#1689=DIRECTION('ref_axis',(0.,0.,1.));
#1690=DIRECTION('center_axis',(-1.,0.,0.));
#1691=DIRECTION('ref_axis',(0.,1.,0.));
#1692=DIRECTION('center_axis',(-1.,0.,0.));
#1693=DIRECTION('ref_axis',(0.,1.,0.));
#1694=DIRECTION('',(-1.,0.,0.));
#1695=DIRECTION('center_axis',(1.,0.,-9.55577985084688E-17));
#1696=DIRECTION('ref_axis',(0.,1.,0.));
#1697=DIRECTION('center_axis',(1.,0.,0.));
#1698=DIRECTION('ref_axis',(0.,-1.,0.));
#1699=DIRECTION('center_axis',(1.,0.,0.));
#1700=DIRECTION('ref_axis',(0.,-1.,0.));
#1701=DIRECTION('',(1.,0.,0.));
#1702=DIRECTION('center_axis',(-1.,0.,0.));
#1703=DIRECTION('ref_axis',(0.,-1.,0.));
#1704=DIRECTION('center_axis',(-0.707106781186548,0.,0.707106781186548));
#1705=DIRECTION('ref_axis',(0.707106781186548,0.,0.707106781186548));
#1706=DIRECTION('',(-0.707106781186548,0.,-0.707106781186548));
#1707=DIRECTION('',(0.,1.,0.));
#1708=DIRECTION('',(-0.707106781186548,0.,-0.707106781186548));
#1709=DIRECTION('',(0.,-1.,0.));
#1710=DIRECTION('center_axis',(0.,1.,0.));
#1711=DIRECTION('ref_axis',(0.,0.,1.));
#1712=DIRECTION('',(1.,0.,0.));
#1713=DIRECTION('',(-0.707106781186548,0.,0.707106781186548));
#1714=DIRECTION('',(0.,0.,-1.));
#1715=DIRECTION('',(0.707106781186548,0.,0.707106781186547));
#1716=DIRECTION('',(-1.,0.,0.));
#1717=DIRECTION('',(0.707106781186548,0.,-0.707106781186547));
#1718=DIRECTION('',(9.55577985084688E-17,0.,1.));
#1719=DIRECTION('center_axis',(0.,-1.,0.));
#1720=DIRECTION('ref_axis',(-1.,0.,0.));
#1721=DIRECTION('center_axis',(0.,-1.,0.));
#1722=DIRECTION('ref_axis',(-1.,0.,0.));
#1723=DIRECTION('center_axis',(0.,-1.,0.));
#1724=DIRECTION('ref_axis',(-1.,0.,0.));
#1725=DIRECTION('center_axis',(0.,-1.,0.));
#1726=DIRECTION('ref_axis',(-1.,0.,0.));
#1727=DIRECTION('center_axis',(0.,0.,1.));
#1728=DIRECTION('ref_axis',(1.,0.,0.));
#1729=DIRECTION('',(1.,0.,0.));
#1730=DIRECTION('',(0.,1.,0.));
#1731=DIRECTION('center_axis',(-0.707106781186547,0.,-0.707106781186548));
#1732=DIRECTION('ref_axis',(-0.707106781186548,0.,0.707106781186547));
#1733=DIRECTION('',(0.,1.,0.));
#1734=DIRECTION('',(0.707106781186548,0.,-0.707106781186547));
#1735=DIRECTION('',(0.,-1.,0.));
#1736=DIRECTION('center_axis',(0.,0.,-1.));
#1737=DIRECTION('ref_axis',(-1.,0.,0.));
#1738=DIRECTION('',(0.,-1.,0.));
#1739=DIRECTION('',(-1.,0.,0.));
#1740=DIRECTION('center_axis',(0.707106781186547,0.,-0.707106781186548));
#1741=DIRECTION('ref_axis',(-0.707106781186548,0.,-0.707106781186547));
#1742=DIRECTION('',(0.,1.,0.));
#1743=DIRECTION('',(0.707106781186548,0.,0.707106781186547));
#1744=DIRECTION('center_axis',(1.,0.,0.));
#1745=DIRECTION('ref_axis',(0.,0.,-1.));
#1746=DIRECTION('',(0.,-1.,0.));
#1747=DIRECTION('',(0.,0.,-1.));
#1748=DIRECTION('center_axis',(0.707106781186548,0.,0.707106781186548));
#1749=DIRECTION('ref_axis',(0.707106781186548,0.,-0.707106781186548));
#1750=DIRECTION('',(-0.707106781186548,0.,0.707106781186548));
#1751=DIRECTION('center_axis',(0.,1.,0.));
#1752=DIRECTION('ref_axis',(-1.,0.,0.));
#1753=DIRECTION('center_axis',(0.,1.,0.));
#1754=DIRECTION('ref_axis',(-1.,0.,0.));
#1755=DIRECTION('',(0.,-1.,0.));
#1756=DIRECTION('center_axis',(0.,-1.,0.));
#1757=DIRECTION('ref_axis',(-1.,0.,0.));
#1758=DIRECTION('center_axis',(0.,1.,0.));
#1759=DIRECTION('ref_axis',(-1.,0.,0.));
#1760=DIRECTION('center_axis',(0.,1.,0.));
#1761=DIRECTION('ref_axis',(-1.,0.,0.));
#1762=DIRECTION('center_axis',(0.,1.,0.));
#1763=DIRECTION('ref_axis',(-1.,0.,0.));
#1764=DIRECTION('',(0.,-1.,0.));
#1765=DIRECTION('center_axis',(0.,1.,0.));
#1766=DIRECTION('ref_axis',(-1.,0.,0.));
#1767=DIRECTION('center_axis',(0.,1.,0.));
#1768=DIRECTION('ref_axis',(-1.,0.,0.));
#1769=DIRECTION('center_axis',(0.,1.,0.));
#1770=DIRECTION('ref_axis',(-1.,0.,0.));
#1771=DIRECTION('',(0.,-1.,0.));
#1772=DIRECTION('center_axis',(0.,-1.,0.));
#1773=DIRECTION('ref_axis',(-1.,0.,0.));
#1774=DIRECTION('center_axis',(0.,1.,0.));
#1775=DIRECTION('ref_axis',(-1.,0.,0.));
#1776=DIRECTION('center_axis',(0.,1.,0.));
#1777=DIRECTION('ref_axis',(-1.,0.,0.));
#1778=DIRECTION('center_axis',(0.,1.,0.));
#1779=DIRECTION('ref_axis',(-1.,0.,0.));
#1780=DIRECTION('',(0.,-1.,0.));
#1781=DIRECTION('center_axis',(0.,1.,0.));
#1782=DIRECTION('ref_axis',(-1.,0.,0.));
#1783=DIRECTION('center_axis',(0.,1.,0.));
#1784=DIRECTION('ref_axis',(-1.,0.,0.));
#1785=DIRECTION('center_axis',(0.,1.,0.));
#1786=DIRECTION('ref_axis',(-1.,0.,0.));
#1787=DIRECTION('',(0.,-1.,0.));
#1788=DIRECTION('center_axis',(0.,-1.,0.));
#1789=DIRECTION('ref_axis',(-1.,0.,0.));
#1790=DIRECTION('center_axis',(0.,1.,0.));
#1791=DIRECTION('ref_axis',(-1.,0.,0.));
#1792=DIRECTION('center_axis',(0.,1.,0.));
#1793=DIRECTION('ref_axis',(-1.,0.,0.));
#1794=DIRECTION('center_axis',(0.,1.,0.));
#1795=DIRECTION('ref_axis',(-1.,0.,0.));
#1796=DIRECTION('',(0.,-1.,0.));
#1797=DIRECTION('center_axis',(0.,1.,0.));
#1798=DIRECTION('ref_axis',(-1.,0.,0.));
#1799=DIRECTION('center_axis',(0.,1.,0.));
#1800=DIRECTION('ref_axis',(-1.,0.,0.));
#1801=DIRECTION('center_axis',(0.,1.,0.));
#1802=DIRECTION('ref_axis',(-1.,0.,0.));
#1803=DIRECTION('',(0.,-1.,0.));
#1804=DIRECTION('center_axis',(0.,-1.,0.));
#1805=DIRECTION('ref_axis',(-1.,0.,0.));
#1806=DIRECTION('center_axis',(0.,1.,0.));
#1807=DIRECTION('ref_axis',(0.,0.,1.));
#1808=DIRECTION('center_axis',(0.,1.,0.));
#1809=DIRECTION('ref_axis',(-1.,0.,0.));
#1810=DIRECTION('center_axis',(0.,1.,0.));
#1811=DIRECTION('ref_axis',(-1.,0.,0.));
#1812=DIRECTION('',(0.,-1.,0.));
#1813=DIRECTION('center_axis',(0.,1.,0.));
#1814=DIRECTION('ref_axis',(-1.,0.,0.));
#1815=DIRECTION('center_axis',(-1.,0.,9.55577985084688E-17));
#1816=DIRECTION('ref_axis',(9.55577985084688E-17,0.,1.));
#1817=DIRECTION('',(9.55577985084688E-17,0.,1.));
#1818=DIRECTION('center_axis',(1.,0.,0.));
#1819=DIRECTION('ref_axis',(0.,0.,-1.));
#1820=DIRECTION('',(0.,0.,1.));
#1821=DIRECTION('',(0.,1.,0.));
#1822=DIRECTION('',(0.,0.,-1.));
#1823=DIRECTION('',(0.,1.,0.));
#1824=DIRECTION('center_axis',(0.,0.,1.));
#1825=DIRECTION('ref_axis',(1.,0.,0.));
#1826=DIRECTION('',(-1.,0.,0.));
#1827=DIRECTION('',(1.,0.,0.));
#1828=DIRECTION('',(0.,1.,0.));
#1829=DIRECTION('center_axis',(-1.,0.,0.));
#1830=DIRECTION('ref_axis',(0.,0.,1.));
#1831=DIRECTION('',(0.,0.,-1.));
#1832=DIRECTION('',(0.,0.,1.));
#1833=DIRECTION('',(0.,1.,0.));
#1834=DIRECTION('center_axis',(0.,0.,-1.));
#1835=DIRECTION('ref_axis',(-1.,0.,0.));
#1836=DIRECTION('',(1.,0.,0.));
#1837=DIRECTION('',(-1.,0.,0.));
#1838=DIRECTION('center_axis',(0.,1.,0.));
#1839=DIRECTION('ref_axis',(0.,0.,1.));
#1840=DIRECTION('center_axis',(0.,1.,0.));
#1841=DIRECTION('ref_axis',(1.,0.,0.));
#1842=DIRECTION('center_axis',(0.,-1.,0.));
#1843=DIRECTION('ref_axis',(0.,0.,1.));
#1844=DIRECTION('center_axis',(0.,-1.,0.));
#1845=DIRECTION('ref_axis',(0.,0.,1.));
#1846=DIRECTION('',(0.,-1.,0.));
#1847=DIRECTION('center_axis',(0.,1.,0.));
#1848=DIRECTION('ref_axis',(0.,0.,1.));
#1849=DIRECTION('center_axis',(0.,-1.,0.));
#1850=DIRECTION('ref_axis',(0.,0.,1.));
#1851=DIRECTION('center_axis',(0.,-1.,0.));
#1852=DIRECTION('ref_axis',(0.,0.,1.));
#1853=DIRECTION('',(0.,-1.,0.));
#1854=DIRECTION('center_axis',(0.,1.,0.));
#1855=DIRECTION('ref_axis',(0.,0.,1.));
#1856=DIRECTION('center_axis',(0.,-1.,0.));
#1857=DIRECTION('ref_axis',(0.,0.,1.));
#1858=DIRECTION('center_axis',(0.,-1.,0.));
#1859=DIRECTION('ref_axis',(0.,0.,1.));
#1860=DIRECTION('',(0.,-1.,0.));
#1861=DIRECTION('center_axis',(0.,1.,0.));
#1862=DIRECTION('ref_axis',(0.,0.,1.));
#1863=DIRECTION('center_axis',(0.,-1.,0.));
#1864=DIRECTION('ref_axis',(0.,0.,1.));
#1865=DIRECTION('center_axis',(0.,-1.,0.));
#1866=DIRECTION('ref_axis',(0.,0.,1.));
#1867=DIRECTION('',(0.,-1.,0.));
#1868=DIRECTION('center_axis',(0.,1.,0.));
#1869=DIRECTION('ref_axis',(0.,0.,1.));
#1870=DIRECTION('center_axis',(0.,-1.,0.));
#1871=DIRECTION('ref_axis',(0.,0.,1.));
#1872=DIRECTION('center_axis',(0.,-1.,0.));
#1873=DIRECTION('ref_axis',(0.,0.,1.));
#1874=DIRECTION('',(0.,-1.,0.));
#1875=DIRECTION('center_axis',(0.,1.,0.));
#1876=DIRECTION('ref_axis',(0.,0.,1.));
#1877=DIRECTION('center_axis',(0.,-1.,0.));
#1878=DIRECTION('ref_axis',(0.,0.,1.));
#1879=DIRECTION('center_axis',(0.,-1.,0.));
#1880=DIRECTION('ref_axis',(0.,0.,1.));
#1881=DIRECTION('',(0.,-1.,0.));
#1882=DIRECTION('center_axis',(0.,1.,0.));
#1883=DIRECTION('ref_axis',(0.,0.,1.));
#1884=DIRECTION('center_axis',(0.,-1.,0.));
#1885=DIRECTION('ref_axis',(0.,0.,1.));
#1886=DIRECTION('center_axis',(0.,-1.,0.));
#1887=DIRECTION('ref_axis',(0.,0.,1.));
#1888=DIRECTION('',(0.,-1.,0.));
#1889=DIRECTION('center_axis',(0.,1.,0.));
#1890=DIRECTION('ref_axis',(0.,0.,1.));
#1891=DIRECTION('center_axis',(0.,-1.,0.));
#1892=DIRECTION('ref_axis',(0.,0.,1.));
#1893=DIRECTION('center_axis',(0.,-1.,0.));
#1894=DIRECTION('ref_axis',(0.,0.,1.));
#1895=DIRECTION('',(0.,-1.,0.));
#1896=DIRECTION('center_axis',(0.,1.,0.));
#1897=DIRECTION('ref_axis',(0.,0.,1.));
#1898=DIRECTION('center_axis',(0.,-1.,0.));
#1899=DIRECTION('ref_axis',(0.,0.,1.));
#1900=DIRECTION('center_axis',(0.,-1.,0.));
#1901=DIRECTION('ref_axis',(0.,0.,1.));
#1902=DIRECTION('',(0.,-1.,0.));
#1903=DIRECTION('center_axis',(0.,1.,0.));
#1904=DIRECTION('ref_axis',(0.,0.,1.));
#1905=DIRECTION('center_axis',(-1.,0.,0.));
#1906=DIRECTION('ref_axis',(0.,0.,1.));
#1907=DIRECTION('',(0.,0.,-1.));
#1908=DIRECTION('',(0.,1.,0.));
#1909=DIRECTION('',(0.,0.,1.));
#1910=DIRECTION('',(0.,1.,0.));
#1911=DIRECTION('center_axis',(0.,0.,-1.));
#1912=DIRECTION('ref_axis',(-1.,0.,0.));
#1913=DIRECTION('',(1.,0.,0.));
#1914=DIRECTION('',(-1.,0.,0.));
#1915=DIRECTION('',(0.,1.,0.));
#1916=DIRECTION('center_axis',(1.,0.,0.));
#1917=DIRECTION('ref_axis',(0.,0.,-1.));
#1918=DIRECTION('',(0.,0.,1.));
#1919=DIRECTION('',(0.,0.,-1.));
#1920=DIRECTION('',(0.,1.,0.));
#1921=DIRECTION('center_axis',(0.,0.,1.));
#1922=DIRECTION('ref_axis',(1.,0.,0.));
#1923=DIRECTION('',(-1.,0.,0.));
#1924=DIRECTION('',(1.,0.,0.));
#1925=DIRECTION('center_axis',(0.,1.,0.));
#1926=DIRECTION('ref_axis',(0.,0.,1.));
#1927=DIRECTION('center_axis',(0.,1.,0.));
#1928=DIRECTION('ref_axis',(-1.,0.,0.));
#1929=DIRECTION('center_axis',(0.,-1.,0.));
#1930=DIRECTION('ref_axis',(-1.,0.,0.));
#1931=DIRECTION('center_axis',(0.,-1.,0.));
#1932=DIRECTION('ref_axis',(-1.,0.,0.));
#1933=DIRECTION('center_axis',(0.,-1.,0.));
#1934=DIRECTION('ref_axis',(-1.,0.,0.));
#1935=DIRECTION('center_axis',(0.,0.,1.));
#1936=DIRECTION('ref_axis',(1.,0.,0.));
#1937=DIRECTION('center_axis',(0.,1.,0.));
#1938=DIRECTION('ref_axis',(1.,0.,0.));
#1939=DIRECTION('center_axis',(0.,1.,0.));
#1940=DIRECTION('ref_axis',(1.,0.,0.));
#1941=DIRECTION('center_axis',(0.,1.,0.));
#1942=DIRECTION('ref_axis',(1.,0.,0.));
#1943=DIRECTION('center_axis',(0.,1.,0.));
#1944=DIRECTION('ref_axis',(1.,0.,0.));
#1945=DIRECTION('',(0.,-1.,0.));
#1946=DIRECTION('center_axis',(0.,1.,0.));
#1947=DIRECTION('ref_axis',(1.,0.,0.));
#1948=DIRECTION('center_axis',(0.,-1.,0.));
#1949=DIRECTION('ref_axis',(1.,0.,0.));
#1950=DIRECTION('center_axis',(-1.,0.,0.));
#1951=DIRECTION('ref_axis',(0.,0.,-1.));
#1952=DIRECTION('center_axis',(0.,1.,0.));
#1953=DIRECTION('ref_axis',(1.,0.,0.));
#1954=DIRECTION('center_axis',(0.,1.,0.));
#1955=DIRECTION('ref_axis',(1.,0.,0.));
#1956=DIRECTION('',(0.,-1.,0.));
#1957=DIRECTION('center_axis',(0.,1.,0.));
#1958=DIRECTION('ref_axis',(1.,0.,0.));
#1959=DIRECTION('center_axis',(0.,1.,0.));
#1960=DIRECTION('ref_axis',(1.,0.,0.));
#1961=DIRECTION('center_axis',(0.,-1.,0.));
#1962=DIRECTION('ref_axis',(-1.,0.,0.));
#1963=DIRECTION('center_axis',(0.,-1.,0.));
#1964=DIRECTION('ref_axis',(-1.,0.,0.));
#1965=DIRECTION('center_axis',(0.,-1.,0.));
#1966=DIRECTION('ref_axis',(-1.,0.,0.));
#1967=DIRECTION('center_axis',(0.,0.,1.));
#1968=DIRECTION('ref_axis',(1.,0.,0.));
#1969=DIRECTION('center_axis',(0.,1.,0.));
#1970=DIRECTION('ref_axis',(1.,0.,0.));
#1971=DIRECTION('center_axis',(0.,1.,0.));
#1972=DIRECTION('ref_axis',(1.,0.,0.));
#1973=DIRECTION('center_axis',(0.,1.,0.));
#1974=DIRECTION('ref_axis',(1.,0.,0.));
#1975=DIRECTION('center_axis',(0.,1.,0.));
#1976=DIRECTION('ref_axis',(1.,0.,0.));
#1977=DIRECTION('',(0.,-1.,0.));
#1978=DIRECTION('center_axis',(0.,1.,0.));
#1979=DIRECTION('ref_axis',(1.,0.,0.));
#1980=DIRECTION('center_axis',(0.,-1.,0.));
#1981=DIRECTION('ref_axis',(1.,0.,0.));
#1982=DIRECTION('center_axis',(-1.,0.,0.));
#1983=DIRECTION('ref_axis',(0.,0.,-1.));
#1984=DIRECTION('center_axis',(0.,1.,0.));
#1985=DIRECTION('ref_axis',(1.,0.,0.));
#1986=DIRECTION('center_axis',(0.,1.,0.));
#1987=DIRECTION('ref_axis',(1.,0.,0.));
#1988=DIRECTION('',(0.,-1.,0.));
#1989=DIRECTION('center_axis',(0.,1.,0.));
#1990=DIRECTION('ref_axis',(1.,0.,0.));
#1991=DIRECTION('center_axis',(0.,1.,0.));
#1992=DIRECTION('ref_axis',(1.,0.,0.));
#1993=DIRECTION('',(0.,0.,1.));
#1994=DIRECTION('',(1.,0.,0.));
#1995=CARTESIAN_POINT('',(0.,0.,0.));
#1996=CARTESIAN_POINT('',(0.,0.,0.));
#1997=CARTESIAN_POINT('Origin',(69.1625261306763,39.519311504778,41.8306446075439));
#1998=CARTESIAN_POINT('',(69.1625261306763,39.8813033951911,43.2331002835358));
#1999=CARTESIAN_POINT('',(69.1626835491239,39.8783523359687,40.4331003365905));
#2000=CARTESIAN_POINT('Ctrl Pts',(69.1625261306763,39.8813033951911,43.2331002835358));
#2001=CARTESIAN_POINT('Ctrl Pts',(69.338619264464,39.8813271801369,43.233139868333));
#2002=CARTESIAN_POINT('Ctrl Pts',(69.5264367718655,39.881315460623,43.1979295667311));
#2003=CARTESIAN_POINT('Ctrl Pts',(69.8718662556227,39.8812113110319,43.0546746472215));
#2004=CARTESIAN_POINT('Ctrl Pts',(70.0294782321504,39.8811188784112,42.9466300297306));
#2005=CARTESIAN_POINT('Ctrl Pts',(70.2781373091745,39.8808901413758,42.6974326398538));
#2006=CARTESIAN_POINT('Ctrl Pts',(70.3857779323425,39.8807386600724,42.5397337795987));
#2007=CARTESIAN_POINT('Ctrl Pts',(70.5282829326425,39.8803941508957,42.1943119911263));
#2008=CARTESIAN_POINT('Ctrl Pts',(70.5631473104882,39.8802011186808,42.0065890632079));
#2009=CARTESIAN_POINT('Ctrl Pts',(70.5625304906117,39.879830495908,41.6549408560578));
#2010=CARTESIAN_POINT('Ctrl Pts',(70.5271036392526,39.8796282197369,41.4675815185196));
#2011=CARTESIAN_POINT('Ctrl Pts',(70.3837480539384,39.8792455341894,41.1230281022308));
#2012=CARTESIAN_POINT('Ctrl Pts',(70.2758193195663,39.8790651273512,40.965834023651));
#2013=CARTESIAN_POINT('Ctrl Pts',(70.0271248061008,39.878769835677,40.7178345757941));
#2014=CARTESIAN_POINT('Ctrl Pts',(69.8698187982218,39.8786351988097,40.6104277540049));
#2015=CARTESIAN_POINT('Ctrl Pts',(69.5253784334864,39.8784383482202,40.4680834683764));
#2016=CARTESIAN_POINT('Ctrl Pts',(69.3382619610597,39.8783760930465,40.4331003204826));
#2017=CARTESIAN_POINT('Ctrl Pts',(69.1628408557616,39.8783523572369,40.4331003189087));
#2018=CARTESIAN_POINT('Ctrl Pts',(69.1625261306763,39.8783523146896,40.4331003542815));
#2019=CARTESIAN_POINT('Ctrl Pts',(68.9870449760893,39.878328612404,40.4331398015091));
#2020=CARTESIAN_POINT('Ctrl Pts',(68.7998541985604,39.8783402937861,40.4681917730903));
#2021=CARTESIAN_POINT('Ctrl Pts',(68.4554219844264,39.8784441328284,40.6106874586664));
#2022=CARTESIAN_POINT('Ctrl Pts',(68.2981805476462,39.8785362879435,40.7181311722395));
#2023=CARTESIAN_POINT('Ctrl Pts',(68.0496394188022,39.8787644225513,40.966135299469));
#2024=CARTESIAN_POINT('Ctrl Pts',(67.9417924525373,39.878915677743,41.1232902858807));
#2025=CARTESIAN_POINT('Ctrl Pts',(67.7985482760646,39.8792596574769,41.467730305654));
#2026=CARTESIAN_POINT('Ctrl Pts',(67.763151065141,39.8794523776852,41.6550153387221));
#2027=CARTESIAN_POINT('Ctrl Pts',(67.7625345065346,39.8798228434711,42.0065145960845));
#2028=CARTESIAN_POINT('Ctrl Pts',(67.7973694710346,39.8800253004109,42.194163132653));
#2029=CARTESIAN_POINT('Ctrl Pts',(67.9397633454496,39.8804082965073,42.5394712258472));
#2030=CARTESIAN_POINT('Ctrl Pts',(68.047322255786,39.8805888382143,42.6971307822963));
#2031=CARTESIAN_POINT('Ctrl Pts',(68.2958277033359,39.8808847323162,42.9463326066931));
#2032=CARTESIAN_POINT('Ctrl Pts',(68.4533748971268,39.8810197379318,43.0544141712435));
#2033=CARTESIAN_POINT('Ctrl Pts',(68.7986929641112,39.8812171768107,43.1977782210886));
#2034=CARTESIAN_POINT('Ctrl Pts',(68.9864638375975,39.881279614411,43.2330607056715));
#2035=CARTESIAN_POINT('Ctrl Pts',(69.1625261306763,39.8813033951911,43.2331002835358));
#2036=CARTESIAN_POINT('',(69.1625261306763,40.,40.2306446075439));
#2037=CARTESIAN_POINT('',(69.1625261306763,39.519311504778,41.0306446075439));
#2038=CARTESIAN_POINT('Origin',(69.1625261306763,40.,41.8306446075439));
#2039=CARTESIAN_POINT('Origin',(-71.5431785583496,39.519311504778,40.3174257278442));
#2040=CARTESIAN_POINT('',(-71.5431785583496,40.,38.7174257278442));
#2041=CARTESIAN_POINT('Origin',(-71.5431785583496,40.,40.3174257278442));
#2042=CARTESIAN_POINT('',(-71.5431785583496,39.8792164517397,38.9184433090194));
#2043=CARTESIAN_POINT('',(-71.5431785583496,39.519311504778,39.5174257278442));
#2044=CARTESIAN_POINT('',(-71.5431785583496,39.8804369957141,41.718439472963));
#2045=CARTESIAN_POINT('Ctrl Pts',(-71.5431785583496,39.8804369957141,41.718439472963));
#2046=CARTESIAN_POINT('Ctrl Pts',(-71.3673850510028,39.8802621497985,41.7181484804932));
#2047=CARTESIAN_POINT('Ctrl Pts',(-71.1799327089275,39.8800603440026,41.6827044215044));
#2048=CARTESIAN_POINT('Ctrl Pts',(-70.8352285699036,39.8796549791624,41.5392486333328));
#2049=CARTESIAN_POINT('Ctrl Pts',(-70.6779767729389,39.8794514198966,41.4312369041896));
#2050=CARTESIAN_POINT('Ctrl Pts',(-70.4299488955801,39.8790960130075,41.1823724855847));
#2051=CARTESIAN_POINT('Ctrl Pts',(-70.3225652533196,39.8789204250464,41.024985924531));
#2052=CARTESIAN_POINT('Ctrl Pts',(-70.1802752997025,39.8786282821946,40.68029389167));
#2053=CARTESIAN_POINT('Ctrl Pts',(-70.1453689892121,39.8785117325505,40.4929884195006));
#2054=CARTESIAN_POINT('Ctrl Pts',(-70.1456236492591,39.8783587173571,40.1419626163221));
#2055=CARTESIAN_POINT('Ctrl Pts',(-70.1807622016697,39.878311997518,39.9548073720257));
#2056=CARTESIAN_POINT('Ctrl Pts',(-70.3234034611866,39.8783037569277,39.6104739744356));
#2057=CARTESIAN_POINT('Ctrl Pts',(-70.4309061683282,39.8783422363904,39.4532958211567));
#2058=CARTESIAN_POINT('Ctrl Pts',(-70.6789491250932,39.8784809091066,39.2049264387791));
#2059=CARTESIAN_POINT('Ctrl Pts',(-70.8360747417518,39.8785903963553,39.097178592594));
#2060=CARTESIAN_POINT('Ctrl Pts',(-71.180412892137,39.8788708668769,38.9540823254365));
#2061=CARTESIAN_POINT('Ctrl Pts',(-71.3676254255069,39.8790418449029,38.9187339035953));
#2062=CARTESIAN_POINT('Ctrl Pts',(-71.5431785583496,39.8792164517397,38.9184433090194));
#2063=CARTESIAN_POINT('',(-71.5454959869385,39.87921875751,38.9184413909912));
#2064=CARTESIAN_POINT('Ctrl Pts',(-71.5454959869385,39.87921875751,38.9184413909912));
#2065=CARTESIAN_POINT('Ctrl Pts',(-71.7206065461211,39.8793930501259,38.9184413909912));
#2066=CARTESIAN_POINT('Ctrl Pts',(-71.9072725318439,39.8795939834166,38.9532829809445));
#2067=CARTESIAN_POINT('Ctrl Pts',(-72.251671376554,39.87999843178,39.0952645565045));
#2068=CARTESIAN_POINT('Ctrl Pts',(-72.4092729281715,39.8802019618144,39.2027406255033));
#2069=CARTESIAN_POINT('Ctrl Pts',(-72.6584458817185,39.8805578093824,39.4510760786265));
#2070=CARTESIAN_POINT('Ctrl Pts',(-72.7665505801071,39.8807337949735,39.6085425491509));
#2071=CARTESIAN_POINT('Ctrl Pts',(-72.9100116030524,39.8810265783798,39.9537116026198));
#2072=CARTESIAN_POINT('Ctrl Pts',(-72.945367926746,39.8811433814444,40.1414141859188));
#2073=CARTESIAN_POINT('Ctrl Pts',(-72.9456233825024,39.8812968747484,40.4935368025728));
#2074=CARTESIAN_POINT('Ctrl Pts',(-72.9104999923408,39.8813437408575,40.6813898783412));
#2075=CARTESIAN_POINT('Ctrl Pts',(-72.7673911370513,39.8813520075441,41.0269184769755));
#2076=CARTESIAN_POINT('Ctrl Pts',(-72.6594056718884,39.8813134083351,41.184593999827));
#2077=CARTESIAN_POINT('Ctrl Pts',(-72.4102470520387,39.88117429494,41.4334252348868));
#2078=CARTESIAN_POINT('Ctrl Pts',(-72.2525186755625,39.881064559039,41.5411650184994));
#2079=CARTESIAN_POINT('Ctrl Pts',(-71.9069947489984,39.8807834479629,41.6838178213302));
#2080=CARTESIAN_POINT('Ctrl Pts',(-71.7191991992701,39.8806120675389,41.718730841409));
#2081=CARTESIAN_POINT('Ctrl Pts',(-71.5431785583496,39.8804369957141,41.718439472963));
#2082=CARTESIAN_POINT('Ctrl Pts',(-71.5431785583496,39.8792164517397,38.9184433090194));
#2083=CARTESIAN_POINT('Ctrl Pts',(-71.5439508080283,39.8792172198266,38.918442030708));
#2084=CARTESIAN_POINT('Ctrl Pts',(-71.5447232849846,39.8792179884173,38.9184413909912));
#2085=CARTESIAN_POINT('Ctrl Pts',(-71.5454959869385,39.87921875751,38.9184413909912));
#2086=CARTESIAN_POINT('Origin',(70.4417753219604,39.519311504778,-43.0281019210815));
#2087=CARTESIAN_POINT('',(70.4417753219604,40.,-44.6281019210815));
#2088=CARTESIAN_POINT('Origin',(70.4417753219604,40.,-43.0281019210815));
#2089=CARTESIAN_POINT('',(70.4417753219604,39.8855104654035,-44.4375593377088));
#2090=CARTESIAN_POINT('',(70.4417753219604,39.519311504778,-43.8281019210815));
#2091=CARTESIAN_POINT('',(70.4417753219604,39.8741360921105,-41.6375746405505));
#2092=CARTESIAN_POINT('Ctrl Pts',(70.4417753219604,39.8741360921105,-41.6375746405505));
#2093=CARTESIAN_POINT('Ctrl Pts',(70.6162149282929,39.8737895606701,-41.6381513657167));
#2094=CARTESIAN_POINT('Ctrl Pts',(70.8022585293561,39.8735612911095,-41.6733658516628));
#2095=CARTESIAN_POINT('Ctrl Pts',(71.1446633113342,39.8734571613164,-41.8153674749468));
#2096=CARTESIAN_POINT('Ctrl Pts',(71.3010244914591,39.8735813123899,-41.9221546141981));
#2097=CARTESIAN_POINT('Ctrl Pts',(71.5485613750611,39.8740938830117,-42.1684844727361));
#2098=CARTESIAN_POINT('Ctrl Pts',(71.6562560313167,39.8745172653985,-42.3246523599975));
#2099=CARTESIAN_POINT('Ctrl Pts',(71.7999418920148,39.875629130102,-42.6670752866193));
#2100=CARTESIAN_POINT('Ctrl Pts',(71.8359331116538,39.8763175220932,-42.8533303198963));
#2101=CARTESIAN_POINT('Ctrl Pts',(71.8383026198778,39.8777412662714,-43.2038017250818));
#2102=CARTESIAN_POINT('Ctrl Pts',(71.8044724787341,39.8785725423879,-43.3914555123509));
#2103=CARTESIAN_POINT('Ctrl Pts',(71.6640564781702,39.8802568863979,-43.7372163738717));
#2104=CARTESIAN_POINT('Ctrl Pts',(71.5574706202931,39.8811099435547,-43.8953234488024));
#2105=CARTESIAN_POINT('Ctrl Pts',(71.3100777292312,39.8826171397281,-44.1462631348824));
#2106=CARTESIAN_POINT('Ctrl Pts',(71.1525436568964,39.883370941167,-44.2555102051993));
#2107=CARTESIAN_POINT('Ctrl Pts',(70.8067324107896,39.884642067806,-44.4008662480388));
#2108=CARTESIAN_POINT('Ctrl Pts',(70.618455231122,39.8851594835096,-44.436975205744));
#2109=CARTESIAN_POINT('Ctrl Pts',(70.4417753219604,39.8855104654035,-44.4375593377088));
#2110=CARTESIAN_POINT('',(70.4371467239224,39.8855196293802,-44.4375669891296));
#2111=CARTESIAN_POINT('Ctrl Pts',(70.4371467239242,39.8855196293802,-44.4375669891296));
#2112=CARTESIAN_POINT('Ctrl Pts',(70.2613533735704,39.8858665011791,-44.4375669891301));
#2113=CARTESIAN_POINT('Ctrl Pts',(70.0741649707977,39.8860940759838,-44.4024767404871));
#2114=CARTESIAN_POINT('Ctrl Pts',(69.728221135079,39.8861991242174,-44.2593573226004));
#2115=CARTESIAN_POINT('Ctrl Pts',(69.5697298291014,39.8860733738855,-44.150654804339));
#2116=CARTESIAN_POINT('Ctrl Pts',(69.3200722990269,39.8855538801936,-43.899775180532));
#2117=CARTESIAN_POINT('Ctrl Pts',(69.2122858205906,39.8851263095009,-43.7410856015577));
#2118=CARTESIAN_POINT('Ctrl Pts',(69.0702413911639,39.8840034139278,-43.3936463086933));
#2119=CARTESIAN_POINT('Ctrl Pts',(69.0359834255973,39.8833079986286,-43.2048966010548));
#2120=CARTESIAN_POINT('Ctrl Pts',(69.0383677445091,39.8818753552913,-42.8522345630133));
#2121=CARTESIAN_POINT('Ctrl Pts',(69.0747996617133,39.8810436629336,-42.6648885344136));
#2122=CARTESIAN_POINT('Ctrl Pts',(69.2201299913628,39.8793579412151,-42.3208041125867));
#2123=CARTESIAN_POINT('Ctrl Pts',(69.3290284016311,39.8785039000181,-42.1640657184979));
#2124=CARTESIAN_POINT('Ctrl Pts',(69.5788160441855,39.8770036269096,-41.9178098022349));
#2125=CARTESIAN_POINT('Ctrl Pts',(69.7361224607559,39.8762565970816,-41.8115640815182));
#2126=CARTESIAN_POINT('Ctrl Pts',(70.0801552298535,39.874996501354,-41.6711573799049));
#2127=CARTESIAN_POINT('Ctrl Pts',(70.2668815888167,39.8744835256924,-41.6369964139686));
#2128=CARTESIAN_POINT('Ctrl Pts',(70.4417753219604,39.8741360921105,-41.6375746405505));
#2129=CARTESIAN_POINT('Ctrl Pts',(70.4417753219604,39.8855104654035,-44.4375593377088));
#2130=CARTESIAN_POINT('Ctrl Pts',(70.4402333466328,39.8855135286008,-44.4375644357252));
#2131=CARTESIAN_POINT('Ctrl Pts',(70.4386904746384,39.8855165832833,-44.4375669891296));
#2132=CARTESIAN_POINT('Ctrl Pts',(70.4371467239242,39.8855196293802,-44.4375669891296));
#2133=CARTESIAN_POINT('Origin',(-70.4536247253418,39.519311504778,-42.7965688705444));
#2134=CARTESIAN_POINT('',(-70.4536247253418,40.,-44.3965688705444));
#2135=CARTESIAN_POINT('Origin',(-70.4536247253418,40.,-42.7965688705444));
#2136=CARTESIAN_POINT('',(-70.4536247253418,39.8699567986101,-44.180140638652));
#2137=CARTESIAN_POINT('',(-70.4536247253418,39.519311504778,-43.5965688705444));
#2138=CARTESIAN_POINT('',(-70.4474797956635,39.8699731008811,-44.1801541244886));
#2139=CARTESIAN_POINT('Ctrl Pts',(-70.4474797956558,39.8699731008811,-44.1801541244886));
#2140=CARTESIAN_POINT('Ctrl Pts',(-70.4495297163702,39.8699676305009,-44.1801541244887));
#2141=CARTESIAN_POINT('Ctrl Pts',(-70.4515780406034,39.8699621964221,-44.1801496221198));
#2142=CARTESIAN_POINT('Ctrl Pts',(-70.4536247253418,39.8699567986101,-44.180140638652));
#2143=CARTESIAN_POINT('',(-70.4536247253418,39.8896827475626,-41.3801676103253));
#2144=CARTESIAN_POINT('Ctrl Pts',(-70.4536247253418,39.8896827475626,-41.3801676103253));
#2145=CARTESIAN_POINT('Ctrl Pts',(-70.2755951421007,39.8901522728428,-41.379386189035));
#2146=CARTESIAN_POINT('Ctrl Pts',(-70.0856969789823,39.8904019288609,-41.4145793526945));
#2147=CARTESIAN_POINT('Ctrl Pts',(-69.7367222265622,39.8903040154155,-41.559291748229));
#2148=CARTESIAN_POINT('Ctrl Pts',(-69.5776456361371,39.8899564286279,-41.6688109773834));
#2149=CARTESIAN_POINT('Ctrl Pts',(-69.3276784781213,39.8888489126207,-41.9213827646439));
#2150=CARTESIAN_POINT('Ctrl Pts',(-69.22010981954,39.8880178810117,-42.0808835608647));
#2151=CARTESIAN_POINT('Ctrl Pts',(-69.0790190992144,39.8859493046282,-42.4298232784093));
#2152=CARTESIAN_POINT('Ctrl Pts',(-69.0454969972681,39.8847115079161,-42.6192621819843));
#2153=CARTESIAN_POINT('Ctrl Pts',(-69.0496362068463,39.8822244198867,-42.9722676479288));
#2154=CARTESIAN_POINT('Ctrl Pts',(-69.0869321510337,39.8808117219639,-43.1592708451117));
#2155=CARTESIAN_POINT('Ctrl Pts',(-69.2337260174169,39.8780059309741,-43.5023875680263));
#2156=CARTESIAN_POINT('Ctrl Pts',(-69.3432239411018,39.8766128527353,-43.6585010932422));
#2157=CARTESIAN_POINT('Ctrl Pts',(-69.5934128185365,39.8742176003009,-43.9030503048096));
#2158=CARTESIAN_POINT('Ctrl Pts',(-69.7504311148691,39.873053061397,-44.0083097470759));
#2159=CARTESIAN_POINT('Ctrl Pts',(-70.091448236299,39.8711633468274,-44.1464207377));
#2160=CARTESIAN_POINT('Ctrl Pts',(-70.2751082905207,39.8704330882683,-44.1801541244867));
#2161=CARTESIAN_POINT('Ctrl Pts',(-70.4474797956558,39.8699731008811,-44.1801541244886));
#2162=CARTESIAN_POINT('Ctrl Pts',(-70.4536247253418,39.8699567986101,-44.180140638652));
#2163=CARTESIAN_POINT('Ctrl Pts',(-70.6271675218453,39.8694991065306,-44.179378911115));
#2164=CARTESIAN_POINT('Ctrl Pts',(-70.8122781250247,39.8692547509297,-44.1443186310575));
#2165=CARTESIAN_POINT('Ctrl Pts',(-71.1531579566748,39.8693505436533,-44.0032816547012));
#2166=CARTESIAN_POINT('Ctrl Pts',(-71.3089271863892,39.8696906745568,-43.8973049613969));
#2167=CARTESIAN_POINT('Ctrl Pts',(-71.5561346853087,39.8707746590875,-43.652650873463));
#2168=CARTESIAN_POINT('Ctrl Pts',(-71.6640329798925,39.8715934745486,-43.4972889221601));
#2169=CARTESIAN_POINT('Ctrl Pts',(-71.8086358392388,39.8736313601264,-43.1563697450142));
#2170=CARTESIAN_POINT('Ctrl Pts',(-71.8453404465954,39.8748501793387,-42.9708125357381));
#2171=CARTESIAN_POINT('Ctrl Pts',(-71.849445555753,39.8773167777683,-42.6207152663001));
#2172=CARTESIAN_POINT('Ctrl Pts',(-71.8164851510604,39.878731324076,-42.4327336904499));
#2173=CARTESIAN_POINT('Ctrl Pts',(-71.6775485065128,39.8815392357532,-42.0860305132533));
#2174=CARTESIAN_POINT('Ctrl Pts',(-71.5715722624204,39.8829326210403,-41.9273089137663));
#2175=CARTESIAN_POINT('Ctrl Pts',(-71.3246184408506,39.8853514049092,-41.6746642076146));
#2176=CARTESIAN_POINT('Ctrl Pts',(-71.1668185397162,39.8865353088477,-41.564420512281));
#2177=CARTESIAN_POINT('Ctrl Pts',(-70.8200358506617,39.8884668845457,-41.4175615843566));
#2178=CARTESIAN_POINT('Ctrl Pts',(-70.6310530468886,39.8892148080164,-41.380946392511));
#2179=CARTESIAN_POINT('Ctrl Pts',(-70.4536247253418,39.8896827475626,-41.3801676103253));
#2180=CARTESIAN_POINT('Origin',(69.1628408432007,24.5793975666807,41.8331003189087));
#2181=CARTESIAN_POINT('',(69.1628408432007,25.,40.4331003189087));
#2182=CARTESIAN_POINT('Origin',(69.1628408432007,25.,41.8331003189087));
#2183=CARTESIAN_POINT('',(69.1628408432007,24.1587951333614,41.8331003189087));
#2184=CARTESIAN_POINT('',(69.1628408432007,24.5793975666807,41.1331003189087));
#2185=CARTESIAN_POINT('Origin',(69.1628408432007,32.5,41.8331003189087));
#2186=CARTESIAN_POINT('',(69.1628408432007,32.5,40.4331003189087));
#2187=CARTESIAN_POINT('Origin',(-71.5454959869385,24.5793975666807,40.3184413909912));
#2188=CARTESIAN_POINT('',(-71.5454959869385,25.,38.9184413909912));
#2189=CARTESIAN_POINT('Origin',(-71.5454959869385,25.,40.3184413909912));
#2190=CARTESIAN_POINT('',(-71.5454959869385,24.1587951333614,40.3184413909912));
#2191=CARTESIAN_POINT('',(-71.5454959869385,24.5793975666807,39.6184413909912));
#2192=CARTESIAN_POINT('Origin',(-71.5454959869385,32.5,40.3184413909912));
#2193=CARTESIAN_POINT('',(-71.5454959869385,32.5,38.9184413909912));
#2194=CARTESIAN_POINT('Origin',(70.4371467239206,24.5793975666807,-43.0375669891296));
#2195=CARTESIAN_POINT('',(70.4371467239206,25.,-44.4375669891296));
#2196=CARTESIAN_POINT('Origin',(70.4371467239206,25.,-43.0375669891296));
#2197=CARTESIAN_POINT('',(70.4371467239206,24.1587951333614,-43.0375669891296));
#2198=CARTESIAN_POINT('',(70.4371467239206,24.5793975666807,-43.7375669891296));
#2199=CARTESIAN_POINT('Origin',(70.4371467239206,32.5,-43.0375669891296));
#2200=CARTESIAN_POINT('',(70.4371467239206,32.5,-44.4375669891296));
#2201=CARTESIAN_POINT('Origin',(-70.4474797956712,24.5793975666807,-42.7801541244886));
#2202=CARTESIAN_POINT('',(-70.4474797956712,25.,-44.1801541244886));
#2203=CARTESIAN_POINT('Origin',(-70.4474797956712,25.,-42.7801541244886));
#2204=CARTESIAN_POINT('',(-70.4474797956712,24.1587951333614,-42.7801541244886));
#2205=CARTESIAN_POINT('',(-70.4474797956712,24.5793975666807,-43.4801541244886));
#2206=CARTESIAN_POINT('Origin',(-70.4474797956712,32.5,-42.7801541244886));
#2207=CARTESIAN_POINT('',(-70.4474797956712,32.5,-44.1801541244886));
#2208=CARTESIAN_POINT('Origin',(1.21764690887169,21.7352963669246,-43.9733613354126));
#2209=CARTESIAN_POINT('',(4.46764690887169,21.7352963669246,-51.4733613354126));
#2210=CARTESIAN_POINT('Origin',(1.21764690887169,21.7352963669246,-51.4733613354126));
#2211=CARTESIAN_POINT('',(4.46764690887169,21.7352963669246,-46.4733613354126));
#2212=CARTESIAN_POINT('',(4.46764690887169,21.7352963669246,-43.9733613354126));
#2213=CARTESIAN_POINT('Origin',(1.21764690887169,21.7352963669246,-46.4733613354126));
#2214=CARTESIAN_POINT('Origin',(40.0001526479105,0.,10.2359517546031));
#2215=CARTESIAN_POINT('',(40.0001526479105,21.,-12.7640482453969));
#2216=CARTESIAN_POINT('',(40.0001526479105,21.,10.2359517546031));
#2217=CARTESIAN_POINT('',(40.0001526479105,21.,4.48595175460314));
#2218=CARTESIAN_POINT('',(40.0001526479105,0.,-12.7640482453969));
#2219=CARTESIAN_POINT('',(40.0001526479105,0.,-12.7640482453969));
#2220=CARTESIAN_POINT('',(40.0001526479105,0.,10.2359517546031));
#2221=CARTESIAN_POINT('',(40.0001526479105,0.,5.11797587730157));
#2222=CARTESIAN_POINT('',(40.0001526479105,0.,10.2359517546031));
#2223=CARTESIAN_POINT('Origin',(-39.9998473520895,0.,10.2359517546031));
#2224=CARTESIAN_POINT('',(-39.9998473520895,21.,10.2359517546031));
#2225=CARTESIAN_POINT('',(-19.9998473520895,21.,10.2359517546031));
#2226=CARTESIAN_POINT('',(-39.9998473520895,0.,10.2359517546031));
#2227=CARTESIAN_POINT('',(-19.9999236760448,0.,10.2359517546031));
#2228=CARTESIAN_POINT('',(-39.9998473520895,0.,10.2359517546031));
#2229=CARTESIAN_POINT('Origin',(-39.9998473520895,0.,-12.7640482453969));
#2230=CARTESIAN_POINT('',(-39.9998473520895,21.,-12.7640482453969));
#2231=CARTESIAN_POINT('',(-39.9998473520895,21.,-7.01404824539686));
#2232=CARTESIAN_POINT('',(-39.9998473520895,0.,-12.7640482453969));
#2233=CARTESIAN_POINT('',(-39.9998473520895,0.,-6.38202412269843));
#2234=CARTESIAN_POINT('',(-39.9998473520895,0.,-12.7640482453969));
#2235=CARTESIAN_POINT('Origin',(40.0001526479105,0.,-12.7640482453969));
#2236=CARTESIAN_POINT('',(20.0001526479105,21.,-12.7640482453969));
#2237=CARTESIAN_POINT('',(20.0000763239552,0.,-12.7640482453969));
#2238=CARTESIAN_POINT('Origin',(45.0001526479105,0.,-17.7640482453969));
#2239=CARTESIAN_POINT('',(-44.9998473520895,5.,-17.7640482453969));
#2240=CARTESIAN_POINT('',(45.0001526479105,5.,-17.7640482453969));
#2241=CARTESIAN_POINT('',(22.5000763239552,5.,-17.7640482453969));
#2242=CARTESIAN_POINT('',(-44.9998473520895,21.,-17.7640482453969));
#2243=CARTESIAN_POINT('',(-44.9998473520895,0.,-17.7640482453969));
#2244=CARTESIAN_POINT('',(45.0001526479105,21.,-17.7640482453969));
#2245=CARTESIAN_POINT('',(-44.9998473520895,21.,-17.7640482453969));
#2246=CARTESIAN_POINT('',(45.0001526479105,0.,-17.7640482453969));
#2247=CARTESIAN_POINT('Origin',(-44.9998473520895,0.,-17.7640482453969));
#2248=CARTESIAN_POINT('',(-44.9998473520895,5.,15.2359517546031));
#2249=CARTESIAN_POINT('',(-44.9998473520895,5.,-8.88202412269843));
#2250=CARTESIAN_POINT('',(-44.9998473520895,21.,15.2359517546031));
#2251=CARTESIAN_POINT('',(-44.9998473520895,0.,15.2359517546031));
#2252=CARTESIAN_POINT('',(-44.9998473520895,21.,15.2359517546031));
#2253=CARTESIAN_POINT('Origin',(45.0001526479105,0.,15.2359517546031));
#2254=CARTESIAN_POINT('',(45.0001526479105,5.,15.2359517546031));
#2255=CARTESIAN_POINT('',(45.0001526479105,5.,7.61797587730157));
#2256=CARTESIAN_POINT('',(45.0001526479105,21.,15.2359517546031));
#2257=CARTESIAN_POINT('',(45.0001526479105,21.,-17.7640482453969));
#2258=CARTESIAN_POINT('',(45.0001526479105,0.,15.2359517546031));
#2259=CARTESIAN_POINT('Origin',(-44.9998473520895,0.,15.2359517546031));
#2260=CARTESIAN_POINT('',(-22.4999236760448,5.,15.2359517546031));
#2261=CARTESIAN_POINT('',(45.0001526479105,21.,15.2359517546031));
#2262=CARTESIAN_POINT('Origin',(0.000152647910498516,21.,-1.26404824539686));
#2263=CARTESIAN_POINT('Origin',(71.3018473520895,24.1475116541752,-9.77434889871931));
#2264=CARTESIAN_POINT('',(78.8018473520895,20.8975116541752,-9.77434889871931));
#2265=CARTESIAN_POINT('Origin',(78.8018473520895,24.1475116541752,-9.77434889871931));
#2266=CARTESIAN_POINT('',(73.8018473520895,20.8975116541752,-9.77434889871931));
#2267=CARTESIAN_POINT('',(71.3018473520895,20.8975116541752,-9.77434889871931));
#2268=CARTESIAN_POINT('Origin',(73.8018473520895,24.1475116541752,-9.77434889871931));
#2269=CARTESIAN_POINT('Origin',(-71.3018473520895,24.1985266765563,-9.57960697068573));
#2270=CARTESIAN_POINT('',(-78.8018473520895,27.4485266765563,-9.57960697068573));
#2271=CARTESIAN_POINT('Origin',(-78.8018473520895,24.1985266765563,-9.57960697068573));
#2272=CARTESIAN_POINT('',(-73.8018473520895,27.4485266765563,-9.57960697068573));
#2273=CARTESIAN_POINT('',(-71.3018473520895,27.4485266765563,-9.57960697068573));
#2274=CARTESIAN_POINT('Origin',(-73.8018473520895,24.1985266765563,-9.57960697068573));
#2275=CARTESIAN_POINT('Origin',(63.8018473520895,0.,-36.4733613354126));
#2276=CARTESIAN_POINT('',(73.8018473520895,5.,-26.4733613354126));
#2277=CARTESIAN_POINT('',(53.8018473520895,5.,-46.4733613354126));
#2278=CARTESIAN_POINT('',(56.9697258479203,5.,-43.3054828395819));
#2279=CARTESIAN_POINT('',(73.8018473520895,40.,-26.4733613354126));
#2280=CARTESIAN_POINT('',(73.8018473520895,0.,-26.4733613354126));
#2281=CARTESIAN_POINT('',(53.8018473520895,40.,-46.4733613354126));
#2282=CARTESIAN_POINT('',(56.9697258479203,40.,-43.3054828395819));
#2283=CARTESIAN_POINT('',(53.8018473520895,0.,-46.4733613354126));
#2284=CARTESIAN_POINT('Origin',(0.,5.,0.));
#2285=CARTESIAN_POINT('',(-53.8018473520895,5.,-46.4733613354126));
#2286=CARTESIAN_POINT('',(-36.9009236760448,5.,-46.4733613354126));
#2287=CARTESIAN_POINT('',(-73.8018473520895,5.,-26.4733613354126));
#2288=CARTESIAN_POINT('',(-56.9697258479203,5.,-43.3054828395819));
#2289=CARTESIAN_POINT('',(-73.8018473520895,5.,26.4733613354126));
#2290=CARTESIAN_POINT('',(-73.8018473520895,5.,23.2366806677063));
#2291=CARTESIAN_POINT('',(-53.8018473520895,5.,46.4733613354126));
#2292=CARTESIAN_POINT('',(-56.9697258479203,5.,43.3054828395819));
#2293=CARTESIAN_POINT('',(53.8018473520895,5.,46.4733613354126));
#2294=CARTESIAN_POINT('',(36.9009236760448,5.,46.4733613354126));
#2295=CARTESIAN_POINT('',(73.8018473520895,5.,26.4733613354126));
#2296=CARTESIAN_POINT('',(56.9697258479203,5.,43.3054828395819));
#2297=CARTESIAN_POINT('',(73.8018473520895,5.,-23.2366806677063));
#2298=CARTESIAN_POINT('',(53.0371611750403,5.,-26.0946225577023));
#2299=CARTESIAN_POINT('Origin',(49.0371611750403,5.,-26.0946225577023));
#2300=CARTESIAN_POINT('',(-38.9990177769178,5.,26.8866365477631));
#2301=CARTESIAN_POINT('Origin',(-42.9990177769178,5.,26.8866365477631));
#2302=CARTESIAN_POINT('',(54.0251821601314,5.,26.8886330502479));
#2303=CARTESIAN_POINT('Origin',(50.0251821601314,5.,26.8886330502479));
#2304=CARTESIAN_POINT('',(-38.967021274433,5.,-26.1006120651568));
#2305=CARTESIAN_POINT('Origin',(-42.967021274433,5.,-26.1006120651568));
#2306=CARTESIAN_POINT('Origin',(-73.8018473520895,0.,-46.4733613354126));
#2307=CARTESIAN_POINT('',(-53.8018473520895,40.,-46.4733613354126));
#2308=CARTESIAN_POINT('',(-73.8018473520895,40.,-46.4733613354126));
#2309=CARTESIAN_POINT('',(-53.8018473520895,0.,-46.4733613354126));
#2310=CARTESIAN_POINT('Origin',(63.8018473520895,0.,36.4733613354126));
#2311=CARTESIAN_POINT('',(53.8018473520895,40.,46.4733613354126));
#2312=CARTESIAN_POINT('',(53.8018473520895,0.,46.4733613354126));
#2313=CARTESIAN_POINT('',(73.8018473520895,40.,26.4733613354126));
#2314=CARTESIAN_POINT('',(56.9697258479203,40.,43.3054828395819));
#2315=CARTESIAN_POINT('',(73.8018473520895,0.,26.4733613354126));
#2316=CARTESIAN_POINT('Origin',(73.8018473520895,0.,46.4733613354126));
#2317=CARTESIAN_POINT('',(-53.8018473520895,40.,46.4733613354126));
#2318=CARTESIAN_POINT('',(-53.8018473520895,0.,46.4733613354126));
#2319=CARTESIAN_POINT('',(73.8018473520895,40.,46.4733613354126));
#2320=CARTESIAN_POINT('Origin',(-63.8018473520895,0.,36.4733613354126));
#2321=CARTESIAN_POINT('',(-73.8018473520895,40.,26.4733613354126));
#2322=CARTESIAN_POINT('',(-73.8018473520895,0.,26.4733613354126));
#2323=CARTESIAN_POINT('',(-56.9697258479203,40.,43.3054828395819));
#2324=CARTESIAN_POINT('Origin',(-73.8018473520895,0.,46.4733613354126));
#2325=CARTESIAN_POINT('',(-73.8018473520895,40.,-26.4733613354126));
#2326=CARTESIAN_POINT('',(-73.8018473520895,0.,-26.4733613354126));
#2327=CARTESIAN_POINT('',(-73.8018473520895,40.,46.4733613354126));
#2328=CARTESIAN_POINT('Origin',(-63.8018473520895,0.,-36.4733613354126));
#2329=CARTESIAN_POINT('',(-56.9697258479203,40.,-43.3054828395819));
#2330=CARTESIAN_POINT('Origin',(49.0371611750403,5.,-26.0946225577023));
#2331=CARTESIAN_POINT('',(51.8371611750403,35.,-26.0946225577023));
#2332=CARTESIAN_POINT('Origin',(49.0371611750403,35.,-26.0946225577023));
#2333=CARTESIAN_POINT('',(51.8371611750403,25.,-26.0946225577023));
#2334=CARTESIAN_POINT('',(51.8371611750403,5.,-26.0946225577023));
#2335=CARTESIAN_POINT('Origin',(49.0371611750403,25.,-26.0946225577023));
#2336=CARTESIAN_POINT('Origin',(49.0371611750403,35.,-26.0946225577023));
#2337=CARTESIAN_POINT('Origin',(49.0371611750403,5.,-26.0946225577023));
#2338=CARTESIAN_POINT('',(53.0371611750403,25.,-26.0946225577023));
#2339=CARTESIAN_POINT('Origin',(49.0371611750403,25.,-26.0946225577023));
#2340=CARTESIAN_POINT('',(53.0371611750403,5.,-26.0946225577023));
#2341=CARTESIAN_POINT('Origin',(49.0371611750403,25.,-26.0946225577023));
#2342=CARTESIAN_POINT('Origin',(-42.967021274433,5.,-26.1006120651568));
#2343=CARTESIAN_POINT('',(-40.167021274433,35.,-26.1006120651568));
#2344=CARTESIAN_POINT('Origin',(-42.967021274433,35.,-26.1006120651568));
#2345=CARTESIAN_POINT('',(-40.167021274433,25.,-26.1006120651568));
#2346=CARTESIAN_POINT('',(-40.167021274433,5.,-26.1006120651568));
#2347=CARTESIAN_POINT('Origin',(-42.967021274433,25.,-26.1006120651568));
#2348=CARTESIAN_POINT('Origin',(-42.967021274433,35.,-26.1006120651568));
#2349=CARTESIAN_POINT('Origin',(-42.967021274433,5.,-26.1006120651568));
#2350=CARTESIAN_POINT('',(-38.967021274433,25.,-26.1006120651568));
#2351=CARTESIAN_POINT('Origin',(-42.967021274433,25.,-26.1006120651568));
#2352=CARTESIAN_POINT('',(-38.967021274433,5.,-26.1006120651568));
#2353=CARTESIAN_POINT('Origin',(-42.967021274433,25.,-26.1006120651568));
#2354=CARTESIAN_POINT('Origin',(-42.9990177769178,5.,26.8866365477631));
#2355=CARTESIAN_POINT('',(-40.1990177769178,35.,26.8866365477631));
#2356=CARTESIAN_POINT('Origin',(-42.9990177769178,35.,26.8866365477631));
#2357=CARTESIAN_POINT('',(-40.1990177769178,25.,26.8866365477631));
#2358=CARTESIAN_POINT('',(-40.1990177769178,5.,26.8866365477631));
#2359=CARTESIAN_POINT('Origin',(-42.9990177769178,25.,26.8866365477631));
#2360=CARTESIAN_POINT('Origin',(-42.9990177769178,35.,26.8866365477631));
#2361=CARTESIAN_POINT('Origin',(-42.9990177769178,5.,26.8866365477631));
#2362=CARTESIAN_POINT('',(-38.9990177769178,25.,26.8866365477631));
#2363=CARTESIAN_POINT('Origin',(-42.9990177769178,25.,26.8866365477631));
#2364=CARTESIAN_POINT('',(-38.9990177769178,5.,26.8866365477631));
#2365=CARTESIAN_POINT('Origin',(-42.9990177769178,25.,26.8866365477631));
#2366=CARTESIAN_POINT('Origin',(50.0251821601314,5.,26.8886330502479));
#2367=CARTESIAN_POINT('',(52.8251821601314,35.,26.8886330502479));
#2368=CARTESIAN_POINT('Origin',(50.0251821601314,35.,26.8886330502479));
#2369=CARTESIAN_POINT('',(52.8251821601314,25.,26.8886330502479));
#2370=CARTESIAN_POINT('',(52.8251821601314,5.,26.8886330502479));
#2371=CARTESIAN_POINT('Origin',(50.0251821601314,25.,26.8886330502479));
#2372=CARTESIAN_POINT('Origin',(0.,35.,0.));
#2373=CARTESIAN_POINT('Origin',(50.0251821601314,5.,26.8886330502479));
#2374=CARTESIAN_POINT('',(54.0251821601314,25.,26.8886330502479));
#2375=CARTESIAN_POINT('Origin',(50.0251821601314,25.,26.8886330502479));
#2376=CARTESIAN_POINT('',(54.0251821601314,5.,26.8886330502479));
#2377=CARTESIAN_POINT('Origin',(50.0251821601314,25.,26.8886330502479));
#2378=CARTESIAN_POINT('Origin',(73.8018473520895,0.,-46.4733613354126));
#2379=CARTESIAN_POINT('',(73.8018473520895,40.,-46.4733613354126));
#2380=CARTESIAN_POINT('Origin',(78.8018473520895,0.,51.4733613354126));
#2381=CARTESIAN_POINT('',(78.8018473520895,0.,-51.4733613354126));
#2382=CARTESIAN_POINT('',(78.8018473520895,0.,51.4733613354126));
#2383=CARTESIAN_POINT('',(78.8018473520895,0.,-51.4733613354126));
#2384=CARTESIAN_POINT('',(78.8018473520895,40.,-51.4733613354126));
#2385=CARTESIAN_POINT('',(78.8018473520895,0.,-51.4733613354126));
#2386=CARTESIAN_POINT('',(78.8018473520895,40.,51.4733613354126));
#2387=CARTESIAN_POINT('',(78.8018473520895,40.,-51.4733613354126));
#2388=CARTESIAN_POINT('',(78.8018473520895,0.,51.4733613354126));
#2389=CARTESIAN_POINT('Origin',(-78.8018473520895,0.,51.4733613354126));
#2390=CARTESIAN_POINT('',(-78.8018473520895,0.,51.4733613354126));
#2391=CARTESIAN_POINT('',(78.8018473520895,0.,51.4733613354126));
#2392=CARTESIAN_POINT('',(-78.8018473520895,40.,51.4733613354126));
#2393=CARTESIAN_POINT('',(78.8018473520895,40.,51.4733613354126));
#2394=CARTESIAN_POINT('',(-78.8018473520895,0.,51.4733613354126));
#2395=CARTESIAN_POINT('Origin',(-78.8018473520895,0.,-51.4733613354126));
#2396=CARTESIAN_POINT('',(-78.8018473520895,0.,-51.4733613354126));
#2397=CARTESIAN_POINT('',(-78.8018473520895,0.,51.4733613354126));
#2398=CARTESIAN_POINT('',(-78.8018473520895,40.,-51.4733613354126));
#2399=CARTESIAN_POINT('',(-78.8018473520895,40.,51.4733613354126));
#2400=CARTESIAN_POINT('',(-78.8018473520895,0.,-51.4733613354126));
#2401=CARTESIAN_POINT('Origin',(78.8018473520895,0.,-51.4733613354126));
#2402=CARTESIAN_POINT('',(-78.8018473520895,0.,-51.4733613354126));
#2403=CARTESIAN_POINT('',(-78.8018473520895,40.,-51.4733613354126));
#2404=CARTESIAN_POINT('Origin',(0.,40.,0.));
#2405=CARTESIAN_POINT('Origin',(0.,0.,0.));
#2406=CARTESIAN_POINT('Origin',(69.1625261306763,42.5,41.8306446075439));
#2407=CARTESIAN_POINT('',(69.1625261306763,45.,40.2306446075439));
#2408=CARTESIAN_POINT('Origin',(69.1625261306763,45.,41.8306446075439));
#2409=CARTESIAN_POINT('',(69.1625261306763,40.,40.2306446075439));
#2410=CARTESIAN_POINT('',(69.1625261306763,42.5,40.2306446075439));
#2411=CARTESIAN_POINT('Origin',(69.1625261306763,40.,41.8306446075439));
#2412=CARTESIAN_POINT('Origin',(-71.5431785583496,42.5,40.3174257278442));
#2413=CARTESIAN_POINT('',(-71.5431785583496,45.,38.7174257278442));
#2414=CARTESIAN_POINT('Origin',(-71.5431785583496,45.,40.3174257278442));
#2415=CARTESIAN_POINT('',(-71.5431785583496,40.,38.7174257278442));
#2416=CARTESIAN_POINT('',(-71.5431785583496,42.5,38.7174257278442));
#2417=CARTESIAN_POINT('Origin',(-71.5431785583496,40.,40.3174257278442));
#2418=CARTESIAN_POINT('Origin',(70.4417753219604,42.5,-43.0281019210815));
#2419=CARTESIAN_POINT('',(70.4417753219604,45.,-44.6281019210815));
#2420=CARTESIAN_POINT('Origin',(70.4417753219604,45.,-43.0281019210815));
#2421=CARTESIAN_POINT('',(70.4417753219604,40.,-44.6281019210815));
#2422=CARTESIAN_POINT('',(70.4417753219604,42.5,-44.6281019210815));
#2423=CARTESIAN_POINT('Origin',(70.4417753219604,40.,-43.0281019210815));
#2424=CARTESIAN_POINT('Origin',(-70.4536247253418,42.5,-42.7965688705444));
#2425=CARTESIAN_POINT('',(-70.4536247253418,45.,-44.3965688705444));
#2426=CARTESIAN_POINT('Origin',(-70.4536247253418,45.,-42.7965688705444));
#2427=CARTESIAN_POINT('',(-70.4536247253418,40.,-44.3965688705444));
#2428=CARTESIAN_POINT('',(-70.4536247253418,42.5,-44.3965688705444));
#2429=CARTESIAN_POINT('Origin',(-70.4536247253418,40.,-42.7965688705444));
#2430=CARTESIAN_POINT('Origin',(0.107272267341614,37.5,-23.1539058685303));
#2431=CARTESIAN_POINT('',(0.107272267341614,45.,-24.1539058685303));
#2432=CARTESIAN_POINT('Origin',(0.107272267341614,45.,-23.1539058685303));
#2433=CARTESIAN_POINT('',(0.107272267341614,40.,-24.1539058685303));
#2434=CARTESIAN_POINT('',(0.107272267341614,37.5,-24.1539058685303));
#2435=CARTESIAN_POINT('Origin',(0.107272267341614,40.,-23.1539058685303));
#2436=CARTESIAN_POINT('Origin',(-7.9176938533783,37.5,-23.2781338691711));
#2437=CARTESIAN_POINT('',(-7.9176938533783,45.,-24.2781338691711));
#2438=CARTESIAN_POINT('Origin',(-7.9176938533783,45.,-23.2781338691711));
#2439=CARTESIAN_POINT('',(-7.9176938533783,40.,-24.2781338691711));
#2440=CARTESIAN_POINT('',(-7.9176938533783,37.5,-24.2781338691711));
#2441=CARTESIAN_POINT('Origin',(-7.9176938533783,40.,-23.2781338691711));
#2442=CARTESIAN_POINT('Origin',(-15.9923458099365,37.5,-23.2284450531006));
#2443=CARTESIAN_POINT('',(-15.9923458099365,45.,-24.2284450531006));
#2444=CARTESIAN_POINT('Origin',(-15.9923458099365,45.,-23.2284450531006));
#2445=CARTESIAN_POINT('',(-15.9923458099365,40.,-24.2284450531006));
#2446=CARTESIAN_POINT('',(-15.9923458099365,37.5,-24.2284450531006));
#2447=CARTESIAN_POINT('Origin',(-15.9923458099365,40.,-23.2284450531006));
#2448=CARTESIAN_POINT('Origin',(28.1632277813576,37.5,0.613920194837694));
#2449=CARTESIAN_POINT('',(28.1632277813576,45.,-2.63607980516231));
#2450=CARTESIAN_POINT('Origin',(28.1632277813576,45.,0.613920194837694));
#2451=CARTESIAN_POINT('',(28.1632277813576,40.,-2.63607980516231));
#2452=CARTESIAN_POINT('',(28.1632277813576,37.5,-2.63607980516231));
#2453=CARTESIAN_POINT('Origin',(28.1632277813576,40.,0.613920194837694));
#2454=CARTESIAN_POINT('Origin',(17.0576143264771,37.5,0.524868965148926));
#2455=CARTESIAN_POINT('',(17.0576143264771,45.,-2.72513103485107));
#2456=CARTESIAN_POINT('Origin',(17.0576143264771,45.,0.524868965148926));
#2457=CARTESIAN_POINT('',(17.0576143264771,40.,-2.72513103485107));
#2458=CARTESIAN_POINT('',(17.0576143264771,37.5,-2.72513103485107));
#2459=CARTESIAN_POINT('Origin',(17.0576143264771,40.,0.524868965148926));
#2460=CARTESIAN_POINT('Origin',(-78.8018473520895,40.,-51.4733613354126));
#2461=CARTESIAN_POINT('',(-78.8018473520895,40.,51.4733613354126));
#2462=CARTESIAN_POINT('',(-78.8018473520895,40.,-51.4733613354126));
#2463=CARTESIAN_POINT('',(-78.8018473520895,40.,51.4733613354126));
#2464=CARTESIAN_POINT('',(-78.8018473520895,45.,51.4733613354126));
#2465=CARTESIAN_POINT('',(-78.8018473520895,40.,51.4733613354126));
#2466=CARTESIAN_POINT('',(-78.8018473520895,45.,-51.4733613354126));
#2467=CARTESIAN_POINT('',(-78.8018473520895,45.,51.4733613354126));
#2468=CARTESIAN_POINT('',(-78.8018473520895,40.,-51.4733613354126));
#2469=CARTESIAN_POINT('Origin',(78.8018473520895,40.,-51.4733613354126));
#2470=CARTESIAN_POINT('',(78.8018473520895,40.,-51.4733613354126));
#2471=CARTESIAN_POINT('',(-78.8018473520895,40.,-51.4733613354126));
#2472=CARTESIAN_POINT('',(78.8018473520895,45.,-51.4733613354126));
#2473=CARTESIAN_POINT('',(-78.8018473520895,45.,-51.4733613354126));
#2474=CARTESIAN_POINT('',(78.8018473520895,40.,-51.4733613354126));
#2475=CARTESIAN_POINT('Origin',(78.8018473520895,40.,51.4733613354126));
#2476=CARTESIAN_POINT('',(78.8018473520895,40.,51.4733613354126));
#2477=CARTESIAN_POINT('',(78.8018473520895,40.,-51.4733613354126));
#2478=CARTESIAN_POINT('',(78.8018473520895,45.,51.4733613354126));
#2479=CARTESIAN_POINT('',(78.8018473520895,45.,-51.4733613354126));
#2480=CARTESIAN_POINT('',(78.8018473520895,40.,51.4733613354126));
#2481=CARTESIAN_POINT('Origin',(-78.8018473520895,40.,51.4733613354126));
#2482=CARTESIAN_POINT('',(78.8018473520895,40.,51.4733613354126));
#2483=CARTESIAN_POINT('',(78.8018473520895,45.,51.4733613354126));
#2484=CARTESIAN_POINT('Origin',(0.,45.,0.));
#2485=CARTESIAN_POINT('Origin',(0.,40.,0.));
#2486=CARTESIAN_POINT('Origin',(-52.8021333753935,4.56124949959959,-68.5609096153364));
#2487=CARTESIAN_POINT('',(-50.0521333753935,4.56124949959959,-68.5609096153364));
#2488=CARTESIAN_POINT('',(-55.5521333753935,4.56124949959959,-68.5609096153364));
#2489=CARTESIAN_POINT('Origin',(-52.8021333753935,4.56124949959959,-68.5609096153364));
#2490=CARTESIAN_POINT('Origin',(-52.8021333753935,4.56124949959959,-68.5609096153364));
#2491=CARTESIAN_POINT('',(-49.3021333753935,3.,-68.5609096153364));
#2492=CARTESIAN_POINT('Origin',(-48.0521333753935,4.56124949959959,-68.5609096153364));
#2493=CARTESIAN_POINT('',(-56.3021333753935,3.,-68.5609096153364));
#2494=CARTESIAN_POINT('Origin',(-52.8021333753935,3.,-68.5609096153364));
#2495=CARTESIAN_POINT('Origin',(-52.8021333753935,3.,-68.5609096153364));
#2496=CARTESIAN_POINT('Origin',(-52.8021333753935,0.,-68.5609096153364));
#2497=CARTESIAN_POINT('',(-55.5521333753935,8.,-68.5609096153364));
#2498=CARTESIAN_POINT('',(-52.8021333753935,8.,-71.3109096153364));
#2499=CARTESIAN_POINT('Origin',(-52.8021333753935,8.,-68.5609096153364));
#2500=CARTESIAN_POINT('',(-55.5521333753935,0.,-68.5609096153364));
#2501=CARTESIAN_POINT('Origin',(-52.8021333753935,8.,-68.5609096153364));
#2502=CARTESIAN_POINT('Ctrl Pts',(-52.8021333753935,8.,-71.3109096153364));
#2503=CARTESIAN_POINT('Ctrl Pts',(-55.5521333753935,8.,-71.3109096153364));
#2504=CARTESIAN_POINT('Ctrl Pts',(-55.5521333753935,8.,-68.5609096153364));
#2505=CARTESIAN_POINT('Ctrl Pts',(-55.5521333753935,8.,-65.8109096153364));
#2506=CARTESIAN_POINT('Ctrl Pts',(-52.8021333753935,8.,-65.8109096153364));
#2507=CARTESIAN_POINT('Ctrl Pts',(-50.0521333753935,8.,-65.8109096153364));
#2508=CARTESIAN_POINT('Ctrl Pts',(-50.0521333753935,8.,-68.5609096153364));
#2509=CARTESIAN_POINT('Ctrl Pts',(-50.0521333753935,8.,-71.3109096153364));
#2510=CARTESIAN_POINT('Ctrl Pts',(-52.8021333753935,8.,-71.3109096153364));
#2511=CARTESIAN_POINT('Ctrl Pts',(-52.8021333753935,10.,-71.3109096153364));
#2512=CARTESIAN_POINT('Ctrl Pts',(-55.5521333753935,10.,-71.3109096153364));
#2513=CARTESIAN_POINT('Ctrl Pts',(-55.5521333753935,10.,-68.5609096153364));
#2514=CARTESIAN_POINT('Ctrl Pts',(-55.5521333753935,10.,-65.8109096153364));
#2515=CARTESIAN_POINT('Ctrl Pts',(-52.8021333753935,10.,-65.8109096153364));
#2516=CARTESIAN_POINT('Ctrl Pts',(-50.0521333753935,10.,-65.8109096153364));
#2517=CARTESIAN_POINT('Ctrl Pts',(-50.0521333753935,10.,-68.5609096153364));
#2518=CARTESIAN_POINT('Ctrl Pts',(-50.0521333753935,10.,-71.3109096153364));
#2519=CARTESIAN_POINT('Ctrl Pts',(-52.8021333753935,10.,-71.3109096153364));
#2520=CARTESIAN_POINT('Ctrl Pts',(-52.8021333753935,10.,-69.3109096153364));
#2521=CARTESIAN_POINT('Ctrl Pts',(-53.5521333753935,10.,-69.3109096153364));
#2522=CARTESIAN_POINT('Ctrl Pts',(-53.5521333753935,10.,-68.5609096153364));
#2523=CARTESIAN_POINT('Ctrl Pts',(-53.5521333753935,10.,-67.8109096153364));
#2524=CARTESIAN_POINT('Ctrl Pts',(-52.8021333753935,10.,-67.8109096153364));
#2525=CARTESIAN_POINT('Ctrl Pts',(-52.0521333753935,10.,-67.8109096153364));
#2526=CARTESIAN_POINT('Ctrl Pts',(-52.0521333753935,10.,-68.5609096153364));
#2527=CARTESIAN_POINT('Ctrl Pts',(-52.0521333753935,10.,-69.3109096153364));
#2528=CARTESIAN_POINT('Ctrl Pts',(-52.8021333753935,10.,-69.3109096153364));
#2529=CARTESIAN_POINT('',(-52.8021333753935,10.,-69.3109096153364));
#2530=CARTESIAN_POINT('Origin',(-52.8021333753935,10.,-68.5609096153364));
#2531=CARTESIAN_POINT('Origin',(-52.8021333753935,8.,-69.3109096153364));
#2532=CARTESIAN_POINT('Origin',(-52.8021333753935,10.,-68.5609096153364));
#2533=CARTESIAN_POINT('Origin',(-52.8021333753935,0.,-68.5609096153364));
#2534=CARTESIAN_POINT('',(-56.3021333753935,0.,-68.5609096153364));
#2535=CARTESIAN_POINT('',(-56.3021333753935,0.,-68.5609096153364));
#2536=CARTESIAN_POINT('Origin',(-52.8021333753935,0.,-68.5609096153364));
#2537=CARTESIAN_POINT('Origin',(-52.8021333753935,0.,-68.5609096153364));
#2538=CARTESIAN_POINT('Origin',(-22.8021333753935,4.5612494995996,-68.5609096153364));
#2539=CARTESIAN_POINT('',(-20.0521333753935,4.5612494995996,-68.5609096153364));
#2540=CARTESIAN_POINT('',(-25.5521333753935,4.5612494995996,-68.5609096153364));
#2541=CARTESIAN_POINT('Origin',(-22.8021333753935,4.5612494995996,-68.5609096153364));
#2542=CARTESIAN_POINT('Origin',(-22.8021333753935,4.5612494995996,-68.5609096153364));
#2543=CARTESIAN_POINT('',(-19.3021333753935,3.,-68.5609096153364));
#2544=CARTESIAN_POINT('Origin',(-18.0521333753935,4.5612494995996,-68.5609096153364));
#2545=CARTESIAN_POINT('',(-26.3021333753935,3.,-68.5609096153364));
#2546=CARTESIAN_POINT('Origin',(-22.8021333753935,3.,-68.5609096153364));
#2547=CARTESIAN_POINT('Origin',(-22.8021333753935,3.,-68.5609096153364));
#2548=CARTESIAN_POINT('Origin',(-22.8021333753935,0.,-68.5609096153364));
#2549=CARTESIAN_POINT('',(-25.5521333753935,8.,-68.5609096153364));
#2550=CARTESIAN_POINT('',(-22.8021333753935,8.,-71.3109096153364));
#2551=CARTESIAN_POINT('Origin',(-22.8021333753935,8.,-68.5609096153364));
#2552=CARTESIAN_POINT('',(-25.5521333753935,0.,-68.5609096153364));
#2553=CARTESIAN_POINT('Origin',(-22.8021333753935,8.,-68.5609096153364));
#2554=CARTESIAN_POINT('Ctrl Pts',(-22.8021333753935,8.,-71.3109096153364));
#2555=CARTESIAN_POINT('Ctrl Pts',(-25.5521333753935,8.,-71.3109096153364));
#2556=CARTESIAN_POINT('Ctrl Pts',(-25.5521333753935,8.,-68.5609096153364));
#2557=CARTESIAN_POINT('Ctrl Pts',(-25.5521333753935,8.,-65.8109096153364));
#2558=CARTESIAN_POINT('Ctrl Pts',(-22.8021333753935,8.,-65.8109096153364));
#2559=CARTESIAN_POINT('Ctrl Pts',(-20.0521333753935,8.,-65.8109096153364));
#2560=CARTESIAN_POINT('Ctrl Pts',(-20.0521333753935,8.,-68.5609096153364));
#2561=CARTESIAN_POINT('Ctrl Pts',(-20.0521333753935,8.,-71.3109096153364));
#2562=CARTESIAN_POINT('Ctrl Pts',(-22.8021333753935,8.,-71.3109096153364));
#2563=CARTESIAN_POINT('Ctrl Pts',(-22.8021333753935,10.,-71.3109096153364));
#2564=CARTESIAN_POINT('Ctrl Pts',(-25.5521333753935,10.,-71.3109096153364));
#2565=CARTESIAN_POINT('Ctrl Pts',(-25.5521333753935,10.,-68.5609096153364));
#2566=CARTESIAN_POINT('Ctrl Pts',(-25.5521333753935,10.,-65.8109096153364));
#2567=CARTESIAN_POINT('Ctrl Pts',(-22.8021333753935,10.,-65.8109096153364));
#2568=CARTESIAN_POINT('Ctrl Pts',(-20.0521333753935,10.,-65.8109096153364));
#2569=CARTESIAN_POINT('Ctrl Pts',(-20.0521333753935,10.,-68.5609096153364));
#2570=CARTESIAN_POINT('Ctrl Pts',(-20.0521333753935,10.,-71.3109096153364));
#2571=CARTESIAN_POINT('Ctrl Pts',(-22.8021333753935,10.,-71.3109096153364));
#2572=CARTESIAN_POINT('Ctrl Pts',(-22.8021333753935,10.,-69.3109096153364));
#2573=CARTESIAN_POINT('Ctrl Pts',(-23.5521333753935,10.,-69.3109096153364));
#2574=CARTESIAN_POINT('Ctrl Pts',(-23.5521333753935,10.,-68.5609096153364));
#2575=CARTESIAN_POINT('Ctrl Pts',(-23.5521333753935,10.,-67.8109096153364));
#2576=CARTESIAN_POINT('Ctrl Pts',(-22.8021333753935,10.,-67.8109096153364));
#2577=CARTESIAN_POINT('Ctrl Pts',(-22.0521333753935,10.,-67.8109096153364));
#2578=CARTESIAN_POINT('Ctrl Pts',(-22.0521333753935,10.,-68.5609096153364));
#2579=CARTESIAN_POINT('Ctrl Pts',(-22.0521333753935,10.,-69.3109096153364));
#2580=CARTESIAN_POINT('Ctrl Pts',(-22.8021333753935,10.,-69.3109096153364));
#2581=CARTESIAN_POINT('',(-22.8021333753935,10.,-69.3109096153364));
#2582=CARTESIAN_POINT('Origin',(-22.8021333753935,10.,-68.5609096153364));
#2583=CARTESIAN_POINT('Origin',(-22.8021333753935,8.,-69.3109096153364));
#2584=CARTESIAN_POINT('Origin',(-22.8021333753935,10.,-68.5609096153364));
#2585=CARTESIAN_POINT('Origin',(-22.8021333753935,0.,-68.5609096153364));
#2586=CARTESIAN_POINT('',(-26.3021333753935,0.,-68.5609096153364));
#2587=CARTESIAN_POINT('',(-26.3021333753935,0.,-68.5609096153364));
#2588=CARTESIAN_POINT('Origin',(-22.8021333753935,0.,-68.5609096153364));
#2589=CARTESIAN_POINT('Origin',(-22.8021333753935,0.,-68.5609096153364));
#2590=CARTESIAN_POINT('',(0.,0.,0.));
#2591=UNCERTAINTY_MEASURE_WITH_UNIT(LENGTH_MEASURE(0.01),#2597,
'DISTANCE_ACCURACY_VALUE',
'Maximum model space distance between geometric entities at asserted c
onnectivities');
#2592=UNCERTAINTY_MEASURE_WITH_UNIT(LENGTH_MEASURE(0.01),#2597,
'DISTANCE_ACCURACY_VALUE',
'Maximum model space distance between geometric entities at asserted c
onnectivities');
#2593=UNCERTAINTY_MEASURE_WITH_UNIT(LENGTH_MEASURE(0.01),#2597,
'DISTANCE_ACCURACY_VALUE',
'Maximum model space distance between geometric entities at asserted c
onnectivities');
#2594=(
GEOMETRIC_REPRESENTATION_CONTEXT(3)
GLOBAL_UNCERTAINTY_ASSIGNED_CONTEXT((#2591))
GLOBAL_UNIT_ASSIGNED_CONTEXT((#2597,#2599,#2600))
REPRESENTATION_CONTEXT('','3D')
);
#2595=(
GEOMETRIC_REPRESENTATION_CONTEXT(3)
GLOBAL_UNCERTAINTY_ASSIGNED_CONTEXT((#2592))
GLOBAL_UNIT_ASSIGNED_CONTEXT((#2597,#2599,#2600))
REPRESENTATION_CONTEXT('','3D')
);
#2596=(
GEOMETRIC_REPRESENTATION_CONTEXT(3)
GLOBAL_UNCERTAINTY_ASSIGNED_CONTEXT((#2593))
GLOBAL_UNIT_ASSIGNED_CONTEXT((#2597,#2599,#2600))
REPRESENTATION_CONTEXT('','3D')
);
#2597=(
LENGTH_UNIT()
NAMED_UNIT(*)
SI_UNIT(.MILLI.,.METRE.)
);
#2598=(
LENGTH_UNIT()
NAMED_UNIT(*)
SI_UNIT($,.METRE.)
);
#2599=(
NAMED_UNIT(*)
PLANE_ANGLE_UNIT()
SI_UNIT($,.RADIAN.)
);
#2600=(
NAMED_UNIT(*)
SI_UNIT($,.STERADIAN.)
SOLID_ANGLE_UNIT()
);
#2601=SHAPE_DEFINITION_REPRESENTATION(#2603,#2606);
#2602=SHAPE_DEFINITION_REPRESENTATION(#2604,#2607);
#2603=PRODUCT_DEFINITION_SHAPE('',$,#2609);
#2604=PRODUCT_DEFINITION_SHAPE('',$,#2610);
#2605=PRODUCT_DEFINITION_SHAPE($,$,#14);
#2606=SHAPE_REPRESENTATION('',(#1434,#1584),#2594);
#2607=SHAPE_REPRESENTATION('',(#1435),#2595);
#2608=PRODUCT_DEFINITION_CONTEXT('part definition',#2616,'design');
#2609=PRODUCT_DEFINITION('2026-06-20-03-10-33-368','VehicleCase_v1',#2611,
#2608);
#2610=PRODUCT_DEFINITION('2026-06-20-13-02-04-885','Component2',#2612,#2608);
#2611=PRODUCT_DEFINITION_FORMATION('',$,#2618);
#2612=PRODUCT_DEFINITION_FORMATION('',$,#2619);
#2613=PRODUCT_RELATED_PRODUCT_CATEGORY('VehicleCase_v1',
'VehicleCase_v1',(#2618));
#2614=PRODUCT_RELATED_PRODUCT_CATEGORY('Component2','Component2',(#2619));
#2615=APPLICATION_PROTOCOL_DEFINITION('international standard',
'automotive_design',2009,#2616);
#2616=APPLICATION_CONTEXT(
'Core Data for Automotive Mechanical Design Process');
#2617=PRODUCT_CONTEXT('part definition',#2616,'mechanical');
#2618=PRODUCT('2026-06-20-03-10-33-368','VehicleCase_v1',$,(#2617));
#2619=PRODUCT('2026-06-20-13-02-04-885','Component2',$,(#2617));
#2620=PRESENTATION_STYLE_ASSIGNMENT((#2658));
#2621=PRESENTATION_STYLE_ASSIGNMENT((#2659));
#2622=PRESENTATION_STYLE_ASSIGNMENT((#2660));
#2623=PRESENTATION_STYLE_ASSIGNMENT((#2661));
#2624=PRESENTATION_STYLE_ASSIGNMENT((#2662));
#2625=PRESENTATION_STYLE_ASSIGNMENT((#2663));
#2626=PRESENTATION_STYLE_ASSIGNMENT((#2664));
#2627=PRESENTATION_STYLE_ASSIGNMENT((#2665));
#2628=PRESENTATION_STYLE_ASSIGNMENT((#2666));
#2629=PRESENTATION_STYLE_ASSIGNMENT((#2667));
#2630=PRESENTATION_STYLE_ASSIGNMENT((#2668));
#2631=PRESENTATION_STYLE_ASSIGNMENT((#2669));
#2632=PRESENTATION_STYLE_ASSIGNMENT((#2670));
#2633=PRESENTATION_STYLE_ASSIGNMENT((#2671));
#2634=PRESENTATION_STYLE_ASSIGNMENT((#2672));
#2635=PRESENTATION_STYLE_ASSIGNMENT((#2673));
#2636=PRESENTATION_STYLE_ASSIGNMENT((#2674));
#2637=PRESENTATION_STYLE_ASSIGNMENT((#2675));
#2638=PRESENTATION_STYLE_ASSIGNMENT((#2676));
#2639=PRESENTATION_STYLE_ASSIGNMENT((#2677));
#2640=PRESENTATION_STYLE_ASSIGNMENT((#2678));
#2641=PRESENTATION_STYLE_ASSIGNMENT((#2679));
#2642=PRESENTATION_STYLE_ASSIGNMENT((#2680));
#2643=PRESENTATION_STYLE_ASSIGNMENT((#2681));
#2644=PRESENTATION_STYLE_ASSIGNMENT((#2682));
#2645=PRESENTATION_STYLE_ASSIGNMENT((#2683));
#2646=PRESENTATION_STYLE_ASSIGNMENT((#2684));
#2647=PRESENTATION_STYLE_ASSIGNMENT((#2685));
#2648=PRESENTATION_STYLE_ASSIGNMENT((#2686));
#2649=PRESENTATION_STYLE_ASSIGNMENT((#2687));
#2650=PRESENTATION_STYLE_ASSIGNMENT((#2688));
#2651=PRESENTATION_STYLE_ASSIGNMENT((#2689));
#2652=PRESENTATION_STYLE_ASSIGNMENT((#2690));
#2653=PRESENTATION_STYLE_ASSIGNMENT((#2691));
#2654=PRESENTATION_STYLE_ASSIGNMENT((#2692));
#2655=PRESENTATION_STYLE_ASSIGNMENT((#2693));
#2656=PRESENTATION_STYLE_ASSIGNMENT((#2694));
#2657=PRESENTATION_STYLE_ASSIGNMENT((#2695));
#2658=SURFACE_STYLE_USAGE(.BOTH.,#2696);
#2659=SURFACE_STYLE_USAGE(.BOTH.,#2697);
#2660=SURFACE_STYLE_USAGE(.BOTH.,#2698);
#2661=SURFACE_STYLE_USAGE(.BOTH.,#2699);
#2662=SURFACE_STYLE_USAGE(.BOTH.,#2700);
#2663=SURFACE_STYLE_USAGE(.BOTH.,#2701);
#2664=SURFACE_STYLE_USAGE(.BOTH.,#2702);
#2665=SURFACE_STYLE_USAGE(.BOTH.,#2703);
#2666=SURFACE_STYLE_USAGE(.BOTH.,#2704);
#2667=SURFACE_STYLE_USAGE(.BOTH.,#2705);
#2668=SURFACE_STYLE_USAGE(.BOTH.,#2706);
#2669=SURFACE_STYLE_USAGE(.BOTH.,#2707);
#2670=SURFACE_STYLE_USAGE(.BOTH.,#2708);
#2671=SURFACE_STYLE_USAGE(.BOTH.,#2709);
#2672=SURFACE_STYLE_USAGE(.BOTH.,#2710);
#2673=SURFACE_STYLE_USAGE(.BOTH.,#2711);
#2674=SURFACE_STYLE_USAGE(.BOTH.,#2712);
#2675=SURFACE_STYLE_USAGE(.BOTH.,#2713);
#2676=SURFACE_STYLE_USAGE(.BOTH.,#2714);
#2677=SURFACE_STYLE_USAGE(.BOTH.,#2715);
#2678=SURFACE_STYLE_USAGE(.BOTH.,#2716);
#2679=SURFACE_STYLE_USAGE(.BOTH.,#2717);
#2680=SURFACE_STYLE_USAGE(.BOTH.,#2718);
#2681=SURFACE_STYLE_USAGE(.BOTH.,#2719);
#2682=SURFACE_STYLE_USAGE(.BOTH.,#2720);
#2683=SURFACE_STYLE_USAGE(.BOTH.,#2721);
#2684=SURFACE_STYLE_USAGE(.BOTH.,#2722);
#2685=SURFACE_STYLE_USAGE(.BOTH.,#2723);
#2686=SURFACE_STYLE_USAGE(.BOTH.,#2724);
#2687=SURFACE_STYLE_USAGE(.BOTH.,#2725);
#2688=SURFACE_STYLE_USAGE(.BOTH.,#2726);
#2689=SURFACE_STYLE_USAGE(.BOTH.,#2727);
#2690=SURFACE_STYLE_USAGE(.BOTH.,#2728);
#2691=SURFACE_STYLE_USAGE(.BOTH.,#2729);
#2692=SURFACE_STYLE_USAGE(.BOTH.,#2730);
#2693=SURFACE_STYLE_USAGE(.BOTH.,#2731);
#2694=SURFACE_STYLE_USAGE(.BOTH.,#2732);
#2695=SURFACE_STYLE_USAGE(.BOTH.,#2733);
#2696=SURFACE_SIDE_STYLE('',(#2734));
#2697=SURFACE_SIDE_STYLE('',(#2735));
#2698=SURFACE_SIDE_STYLE('',(#2736));
#2699=SURFACE_SIDE_STYLE('',(#2737));
#2700=SURFACE_SIDE_STYLE('',(#2738));
#2701=SURFACE_SIDE_STYLE('',(#2739));
#2702=SURFACE_SIDE_STYLE('',(#2740));
#2703=SURFACE_SIDE_STYLE('',(#2741));
#2704=SURFACE_SIDE_STYLE('',(#2742));
#2705=SURFACE_SIDE_STYLE('',(#2743));
#2706=SURFACE_SIDE_STYLE('',(#2744));
#2707=SURFACE_SIDE_STYLE('',(#2745));
#2708=SURFACE_SIDE_STYLE('',(#2746));
#2709=SURFACE_SIDE_STYLE('',(#2747));
#2710=SURFACE_SIDE_STYLE('',(#2748));
#2711=SURFACE_SIDE_STYLE('',(#2749));
#2712=SURFACE_SIDE_STYLE('',(#2750));
#2713=SURFACE_SIDE_STYLE('',(#2751));
#2714=SURFACE_SIDE_STYLE('',(#2752));
#2715=SURFACE_SIDE_STYLE('',(#2753));
#2716=SURFACE_SIDE_STYLE('',(#2754));
#2717=SURFACE_SIDE_STYLE('',(#2755));
#2718=SURFACE_SIDE_STYLE('',(#2756));
#2719=SURFACE_SIDE_STYLE('',(#2757));
#2720=SURFACE_SIDE_STYLE('',(#2758));
#2721=SURFACE_SIDE_STYLE('',(#2759));
#2722=SURFACE_SIDE_STYLE('',(#2760));
#2723=SURFACE_SIDE_STYLE('',(#2761));
#2724=SURFACE_SIDE_STYLE('',(#2762));
#2725=SURFACE_SIDE_STYLE('',(#2763));
#2726=SURFACE_SIDE_STYLE('',(#2764));
#2727=SURFACE_SIDE_STYLE('',(#2765));
#2728=SURFACE_SIDE_STYLE('',(#2766));
#2729=SURFACE_SIDE_STYLE('',(#2767));
#2730=SURFACE_SIDE_STYLE('',(#2768));
#2731=SURFACE_SIDE_STYLE('',(#2769));
#2732=SURFACE_SIDE_STYLE('',(#2770));
#2733=SURFACE_SIDE_STYLE('',(#2771));
#2734=SURFACE_STYLE_FILL_AREA(#2772);
#2735=SURFACE_STYLE_FILL_AREA(#2773);
#2736=SURFACE_STYLE_FILL_AREA(#2774);
#2737=SURFACE_STYLE_FILL_AREA(#2775);
#2738=SURFACE_STYLE_FILL_AREA(#2776);
#2739=SURFACE_STYLE_FILL_AREA(#2777);
#2740=SURFACE_STYLE_FILL_AREA(#2778);
#2741=SURFACE_STYLE_FILL_AREA(#2779);
#2742=SURFACE_STYLE_FILL_AREA(#2780);
#2743=SURFACE_STYLE_FILL_AREA(#2781);
#2744=SURFACE_STYLE_FILL_AREA(#2782);
#2745=SURFACE_STYLE_FILL_AREA(#2783);
#2746=SURFACE_STYLE_FILL_AREA(#2784);
#2747=SURFACE_STYLE_FILL_AREA(#2785);
#2748=SURFACE_STYLE_FILL_AREA(#2786);
#2749=SURFACE_STYLE_FILL_AREA(#2787);
#2750=SURFACE_STYLE_FILL_AREA(#2788);
#2751=SURFACE_STYLE_FILL_AREA(#2789);
#2752=SURFACE_STYLE_FILL_AREA(#2790);
#2753=SURFACE_STYLE_FILL_AREA(#2791);
#2754=SURFACE_STYLE_FILL_AREA(#2792);
#2755=SURFACE_STYLE_FILL_AREA(#2793);
#2756=SURFACE_STYLE_FILL_AREA(#2794);
#2757=SURFACE_STYLE_FILL_AREA(#2795);
#2758=SURFACE_STYLE_FILL_AREA(#2796);
#2759=SURFACE_STYLE_FILL_AREA(#2797);
#2760=SURFACE_STYLE_FILL_AREA(#2798);
#2761=SURFACE_STYLE_FILL_AREA(#2799);
#2762=SURFACE_STYLE_FILL_AREA(#2800);
#2763=SURFACE_STYLE_FILL_AREA(#2801);
#2764=SURFACE_STYLE_FILL_AREA(#2802);
#2765=SURFACE_STYLE_FILL_AREA(#2803);
#2766=SURFACE_STYLE_FILL_AREA(#2804);
#2767=SURFACE_STYLE_FILL_AREA(#2805);
#2768=SURFACE_STYLE_FILL_AREA(#2806);
#2769=SURFACE_STYLE_FILL_AREA(#2807);
#2770=SURFACE_STYLE_FILL_AREA(#2808);
#2771=SURFACE_STYLE_FILL_AREA(#2809);
#2772=FILL_AREA_STYLE('Steel - Satin',(#2810));
#2773=FILL_AREA_STYLE('',(#2811));
#2774=FILL_AREA_STYLE('',(#2812));
#2775=FILL_AREA_STYLE('',(#2813));
#2776=FILL_AREA_STYLE('',(#2814));
#2777=FILL_AREA_STYLE('',(#2815));
#2778=FILL_AREA_STYLE('',(#2816));
#2779=FILL_AREA_STYLE('',(#2817));
#2780=FILL_AREA_STYLE('',(#2818));
#2781=FILL_AREA_STYLE('',(#2819));
#2782=FILL_AREA_STYLE('',(#2820));
#2783=FILL_AREA_STYLE('',(#2821));
#2784=FILL_AREA_STYLE('',(#2822));
#2785=FILL_AREA_STYLE('',(#2823));
#2786=FILL_AREA_STYLE('',(#2824));
#2787=FILL_AREA_STYLE('',(#2825));
#2788=FILL_AREA_STYLE('',(#2826));
#2789=FILL_AREA_STYLE('',(#2827));
#2790=FILL_AREA_STYLE('',(#2828));
#2791=FILL_AREA_STYLE('',(#2829));
#2792=FILL_AREA_STYLE('',(#2830));
#2793=FILL_AREA_STYLE('',(#2831));
#2794=FILL_AREA_STYLE('',(#2832));
#2795=FILL_AREA_STYLE('',(#2833));
#2796=FILL_AREA_STYLE('',(#2834));
#2797=FILL_AREA_STYLE('',(#2835));
#2798=FILL_AREA_STYLE('',(#2836));
#2799=FILL_AREA_STYLE('',(#2837));
#2800=FILL_AREA_STYLE('',(#2838));
#2801=FILL_AREA_STYLE('',(#2839));
#2802=FILL_AREA_STYLE('',(#2840));
#2803=FILL_AREA_STYLE('',(#2841));
#2804=FILL_AREA_STYLE('',(#2842));
#2805=FILL_AREA_STYLE('',(#2843));
#2806=FILL_AREA_STYLE('',(#2844));
#2807=FILL_AREA_STYLE('',(#2845));
#2808=FILL_AREA_STYLE('',(#2846));
#2809=FILL_AREA_STYLE('',(#2847));
#2810=FILL_AREA_STYLE_COLOUR('Steel - Satin',#2848);
#2811=FILL_AREA_STYLE_COLOUR('',#2849);
#2812=FILL_AREA_STYLE_COLOUR('',#2850);
#2813=FILL_AREA_STYLE_COLOUR('',#2851);
#2814=FILL_AREA_STYLE_COLOUR('',#2852);
#2815=FILL_AREA_STYLE_COLOUR('',#2853);
#2816=FILL_AREA_STYLE_COLOUR('',#2854);
#2817=FILL_AREA_STYLE_COLOUR('',#2855);
#2818=FILL_AREA_STYLE_COLOUR('',#2856);
#2819=FILL_AREA_STYLE_COLOUR('',#2857);
#2820=FILL_AREA_STYLE_COLOUR('',#2858);
#2821=FILL_AREA_STYLE_COLOUR('',#2859);
#2822=FILL_AREA_STYLE_COLOUR('',#2860);
#2823=FILL_AREA_STYLE_COLOUR('',#2861);
#2824=FILL_AREA_STYLE_COLOUR('',#2862);
#2825=FILL_AREA_STYLE_COLOUR('',#2863);
#2826=FILL_AREA_STYLE_COLOUR('',#2864);
#2827=FILL_AREA_STYLE_COLOUR('',#2865);
#2828=FILL_AREA_STYLE_COLOUR('',#2866);
#2829=FILL_AREA_STYLE_COLOUR('',#2867);
#2830=FILL_AREA_STYLE_COLOUR('',#2868);
#2831=FILL_AREA_STYLE_COLOUR('',#2869);
#2832=FILL_AREA_STYLE_COLOUR('',#2870);
#2833=FILL_AREA_STYLE_COLOUR('',#2871);
#2834=FILL_AREA_STYLE_COLOUR('',#2872);
#2835=FILL_AREA_STYLE_COLOUR('',#2873);
#2836=FILL_AREA_STYLE_COLOUR('',#2874);
#2837=FILL_AREA_STYLE_COLOUR('',#2875);
#2838=FILL_AREA_STYLE_COLOUR('',#2876);
#2839=FILL_AREA_STYLE_COLOUR('',#2877);
#2840=FILL_AREA_STYLE_COLOUR('',#2878);
#2841=FILL_AREA_STYLE_COLOUR('',#2879);
#2842=FILL_AREA_STYLE_COLOUR('',#2880);
#2843=FILL_AREA_STYLE_COLOUR('',#2881);
#2844=FILL_AREA_STYLE_COLOUR('',#2882);
#2845=FILL_AREA_STYLE_COLOUR('',#2883);
#2846=FILL_AREA_STYLE_COLOUR('',#2884);
#2847=FILL_AREA_STYLE_COLOUR('',#2885);
#2848=COLOUR_RGB('Steel - Satin',0.627450980392157,0.627450980392157,0.627450980392157);
#2849=COLOUR_RGB('',0.219607843137255,0.219607843137255,0.219607843137255);
#2850=COLOUR_RGB('',0.850980392156863,0.850980392156863,0.850980392156863);
#2851=COLOUR_RGB('',0.650980392156863,0.650980392156863,0.650980392156863);
#2852=COLOUR_RGB('',1.,1.,1.);
#2853=COLOUR_RGB('',0.,0.,0.);
#2854=COLOUR_RGB('',0.250980392156863,0.250980392156863,0.250980392156863);
#2855=COLOUR_RGB('',1.,1.,0.);
#2856=COLOUR_RGB('',0.749019607843137,0.749019607843137,0.749019607843137);
#2857=COLOUR_RGB('',0.650980392156863,0.619607843137255,0.588235294117647);
#2858=COLOUR_RGB('',0.968627450980392,0.87843137254902,0.6);
#2859=COLOUR_RGB('',0.588235294117647,0.458823529411765,0.);
#2860=COLOUR_RGB('',0.831372549019608,0.670588235294118,0.129411764705882);
#2861=COLOUR_RGB('',0.929411764705882,0.929411764705882,0.650980392156863);
#2862=COLOUR_RGB('',0.76078431372549,0.76078431372549,0.76078431372549);
#2863=COLOUR_RGB('',0.670588235294118,0.670588235294118,0.670588235294118);
#2864=COLOUR_RGB('',0.301960784313725,0.301960784313725,0.301960784313725);
#2865=COLOUR_RGB('',1.,1.,0.501960784313725);
#2866=COLOUR_RGB('',0.501960784313725,0.501960784313725,1.);
#2867=COLOUR_RGB('',1.,0.0901960784313725,0.0901960784313725);
#2868=COLOUR_RGB('',0.63921568627451,0.619607843137255,0.6);
#2869=COLOUR_RGB('',0.96078431372549,0.87843137254902,0.6);
#2870=COLOUR_RGB('',0.501960784313725,0.501960784313725,0.501960784313725);
#2871=COLOUR_RGB('',0.,0.329411764705882,1.);
#2872=COLOUR_RGB('',0.,0.501960784313725,0.);
#2873=COLOUR_RGB('',1.,0.501960784313725,0.);
#2874=COLOUR_RGB('',1.,0.650980392156863,0.);
#2875=COLOUR_RGB('',0.698039215686274,0.698039215686274,0.698039215686274);
#2876=COLOUR_RGB('',0.749019607843137,0.749019607843137,0.);
#2877=COLOUR_RGB('',0.450980392156863,0.431372549019608,0.419607843137255);
#2878=COLOUR_RGB('',0.768627450980392,0.768627450980392,0.768627450980392);
#2879=COLOUR_RGB('',0.501960784313725,0.250980392156863,0.);
#2880=COLOUR_RGB('',0.290196078431373,0.658823529411765,0.329411764705882);
#2881=COLOUR_RGB('',0.63921568627451,0.670588235294118,0.690196078431373);
#2882=COLOUR_RGB('',0.63921568627451,0.67843137254902,0.698039215686274);
#2883=COLOUR_RGB('',0.211764705882353,0.43921568627451,0.698039215686274);
#2884=COLOUR_RGB('',0.619607843137255,0.619607843137255,0.36078431372549);
#2885=COLOUR_RGB('',0.,0.149019607843137,0.36078431372549);
ENDSEC;
END-ISO-10303-21;
