ISO-10303-21;
HEADER;
/* Generated by software containing ST-Developer
 * from STEP Tools, Inc. (www.steptools.com) 
 */

FILE_DESCRIPTION(
/* description */ (''),
/* implementation_level */ '2;1');

FILE_NAME(
/* name */ 'RelayCase_v1.step',
/* time_stamp */ '2026-06-21T01:32:06+05:30',
/* author */ (''),
/* organization */ (''),
/* preprocessor_version */ 'ST-DEVELOPER v20.1',
/* originating_system */ 'Autodesk Translation Framework v15.8.0.0',
/* authorisation */ '');

FILE_SCHEMA (('AUTOMOTIVE_DESIGN { 1 0 10303 214 3 1 1 }'));
ENDSEC;

DATA;
#10=MECHANICAL_DESIGN_GEOMETRIC_PRESENTATION_REPRESENTATION('',(#13,#14),
#2227);
#11=SHAPE_REPRESENTATION_RELATIONSHIP('SRR','None',#2234,#12);
#12=ADVANCED_BREP_SHAPE_REPRESENTATION('',(#15,#16),#2226);
#13=STYLED_ITEM('',(#2243),#15);
#14=STYLED_ITEM('',(#2243),#16);
#15=MANIFOLD_SOLID_BREP('Body5',#1226);
#16=MANIFOLD_SOLID_BREP('Body6',#1227);
#17=B_SPLINE_CURVE_WITH_KNOTS('',3,(#1778,#1779,#1780,#1781),
 .UNSPECIFIED.,.F.,.F.,(4,4),(0.423469829885053,0.425024701962995),
 .UNSPECIFIED.);
#18=B_SPLINE_CURVE_WITH_KNOTS('',3,(#1783,#1784,#1785,#1786,#1787,#1788,
#1789,#1790,#1791,#1792,#1793,#1794,#1795,#1796,#1797,#1798,#1799,#1800),
 .UNSPECIFIED.,.F.,.F.,(4,2,2,2,2,2,2,2,4),(0.,0.0531691138227054,0.106338227645411,
0.159711671037661,0.213085114429912,0.266290924639569,0.319496734849227,
0.372260718406111,0.423469829885053),.UNSPECIFIED.);
#19=B_SPLINE_CURVE_WITH_KNOTS('',3,(#1801,#1802,#1803,#1804,#1805,#1806,
#1807,#1808,#1809,#1810,#1811,#1812,#1813,#1814,#1815,#1816,#1817,#1818),
 .UNSPECIFIED.,.F.,.F.,(4,2,2,2,2,2,2,2,4),(0.425024701962995,0.477330295570545,
0.529635889178095,0.581735451518804,0.633835013859514,0.686102746044164,
0.738370478228813,0.791081738667464,0.843792999106115),.UNSPECIFIED.);
#20=B_SPLINE_CURVE_WITH_KNOTS('',3,(#1825,#1826,#1827,#1828,#1829,#1830,
#1831,#1832,#1833,#1834,#1835,#1836,#1837,#1838,#1839,#1840,#1841,#1842),
 .UNSPECIFIED.,.F.,.F.,(4,2,2,2,2,2,2,2,4),(0.,0.0529956610951364,0.105991322190273,
0.158655255925196,0.21131918966012,0.263693663585012,0.316068137509903,
0.368365235147464,0.420662332785025),.UNSPECIFIED.);
#21=B_SPLINE_CURVE_WITH_KNOTS('',3,(#1844,#1845,#1846,#1847,#1848,#1849,
#1850,#1851,#1852,#1853,#1854,#1855,#1856,#1857,#1858,#1859,#1860,#1861),
 .UNSPECIFIED.,.F.,.F.,(4,2,2,2,2,2,2,2,4),(0.421274595987482,0.473139791365434,
0.525617249945843,0.578426915605789,0.631236581265735,0.684335343125529,
0.737434104985323,0.790609763394771,0.84378542180422),.UNSPECIFIED.);
#22=B_SPLINE_CURVE_WITH_KNOTS('',3,(#1862,#1863,#1864,#1865),
 .UNSPECIFIED.,.F.,.F.,(4,4),(0.420662332785025,0.421274595987482),
 .UNSPECIFIED.);
#23=B_SPLINE_CURVE_WITH_KNOTS('',3,(#1872,#1873,#1874,#1875,#1876,#1877,
#1878,#1879,#1880,#1881,#1882,#1883,#1884,#1885,#1886,#1887,#1888,#1889),
 .UNSPECIFIED.,.F.,.F.,(4,2,2,2,2,2,2,2,4),(0.,0.0526275390586223,0.105255078117245,
0.157590057353849,0.209925036590452,0.262203105664057,0.314481174737661,
0.366971410113912,0.419461645490164),.UNSPECIFIED.);
#24=B_SPLINE_CURVE_WITH_KNOTS('',3,(#1891,#1892,#1893,#1894,#1895,#1896,
#1897,#1898,#1899,#1900,#1901,#1902,#1903,#1904,#1905,#1906,#1907,#1908),
 .UNSPECIFIED.,.F.,.F.,(4,2,2,2,2,2,2,2,4),(0.420670737533132,0.47230804127166,
0.525154437053155,0.57829223525723,0.631430033461304,0.684624600618963,
0.737819167776622,0.790802726048266,0.84378628431991),.UNSPECIFIED.);
#25=B_SPLINE_CURVE_WITH_KNOTS('',3,(#1909,#1910,#1911,#1912),
 .UNSPECIFIED.,.F.,.F.,(4,4),(0.419461645490164,0.420670737533132),
 .UNSPECIFIED.);
#26=B_SPLINE_CURVE_WITH_KNOTS('',3,(#1919,#1920,#1921,#1922),
 .UNSPECIFIED.,.F.,.F.,(4,4),(0.422013659352953,0.422135710708382),
 .UNSPECIFIED.);
#27=B_SPLINE_CURVE_WITH_KNOTS('',3,(#1924,#1925,#1926,#1927,#1928,#1929,
#1930,#1931,#1932,#1933,#1934,#1935,#1936,#1937,#1938,#1939,#1940,#1941),
 .UNSPECIFIED.,.F.,.F.,(4,2,2,2,2,2,2,2,4),(0.,0.0530151189043098,0.10603023780862,
0.158918083035971,0.211805928263322,0.264477606960578,0.317149285657835,
0.369642498183109,0.422013659352953),.UNSPECIFIED.);
#28=B_SPLINE_CURVE_WITH_KNOTS('',3,(#1942,#1943,#1944,#1945,#1946,#1947,
#1948,#1949,#1950,#1951,#1952,#1953,#1954,#1955,#1956,#1957,#1958,#1959),
 .UNSPECIFIED.,.F.,.F.,(4,2,2,2,2,2,2,2,4),(0.422135710708382,0.474593000329837,
0.527050289951291,0.579635278986061,0.632220268020831,0.685021477724026,
0.737822687427222,0.790801937568469,0.843781187709716),.UNSPECIFIED.);
#29=CONICAL_SURFACE('',#1249,0.8,1.02974425867665);
#30=CONICAL_SURFACE('',#1251,0.8,1.02974425867665);
#31=CONICAL_SURFACE('',#1253,0.8,1.02974425867665);
#32=CONICAL_SURFACE('',#1255,0.8,1.02974425867665);
#33=CONICAL_SURFACE('',#1257,0.7,1.02974425867665);
#34=CONICAL_SURFACE('',#1260,0.7,1.02974425867665);
#35=CONICAL_SURFACE('',#1263,0.7,1.02974425867665);
#36=CONICAL_SURFACE('',#1266,0.7,1.02974425867665);
#37=CIRCLE('',#1247,3.25);
#38=CIRCLE('',#1248,3.25);
#39=CIRCLE('',#1250,1.6);
#40=CIRCLE('',#1252,1.6);
#41=CIRCLE('',#1254,1.6);
#42=CIRCLE('',#1256,1.6);
#43=CIRCLE('',#1258,1.4);
#44=CIRCLE('',#1261,1.4);
#45=CIRCLE('',#1264,1.4);
#46=CIRCLE('',#1267,1.4);
#47=CIRCLE('',#1274,5.);
#48=CIRCLE('',#1275,5.);
#49=CIRCLE('',#1278,5.);
#50=CIRCLE('',#1279,5.);
#51=CIRCLE('',#1280,5.);
#52=CIRCLE('',#1281,15.);
#53=CIRCLE('',#1282,15.);
#54=CIRCLE('',#1283,15.);
#55=CIRCLE('',#1284,15.);
#56=CIRCLE('',#1286,5.);
#57=CIRCLE('',#1289,5.);
#58=CIRCLE('',#1292,5.);
#59=CIRCLE('',#1294,3.5);
#60=CIRCLE('',#1295,3.5);
#61=CIRCLE('',#1297,2.75);
#62=CIRCLE('',#1298,2.75);
#63=CIRCLE('',#1302,3.5);
#64=CIRCLE('',#1303,3.5);
#65=CIRCLE('',#1305,2.75);
#66=CIRCLE('',#1307,2.75);
#67=CIRCLE('',#1310,3.5);
#68=CIRCLE('',#1311,3.5);
#69=CIRCLE('',#1313,2.75);
#70=CIRCLE('',#1314,2.75);
#71=CIRCLE('',#1318,15.);
#72=CIRCLE('',#1319,15.);
#73=CIRCLE('',#1320,15.);
#74=CIRCLE('',#1321,15.);
#75=CIRCLE('',#1322,3.5);
#76=CIRCLE('',#1332,2.75);
#77=CIRCLE('',#1333,2.75);
#78=CIRCLE('',#1336,3.5);
#79=CIRCLE('',#1340,5.);
#80=CIRCLE('',#1341,5.);
#81=CIRCLE('',#1344,5.);
#82=CIRCLE('',#1345,5.);
#83=CIRCLE('',#1346,5.);
#84=CIRCLE('',#1347,1.6);
#85=CIRCLE('',#1348,1.6);
#86=CIRCLE('',#1349,1.6);
#87=CIRCLE('',#1350,1.6);
#88=CIRCLE('',#1352,5.);
#89=CIRCLE('',#1355,5.);
#90=CIRCLE('',#1358,5.);
#91=CIRCLE('',#1360,1.6);
#92=CIRCLE('',#1362,1.6);
#93=CIRCLE('',#1364,1.6);
#94=CIRCLE('',#1366,1.6);
#95=CYLINDRICAL_SURFACE('',#1246,3.25);
#96=CYLINDRICAL_SURFACE('',#1259,1.4);
#97=CYLINDRICAL_SURFACE('',#1262,1.4);
#98=CYLINDRICAL_SURFACE('',#1265,1.4);
#99=CYLINDRICAL_SURFACE('',#1268,1.4);
#100=CYLINDRICAL_SURFACE('',#1273,5.);
#101=CYLINDRICAL_SURFACE('',#1285,5.);
#102=CYLINDRICAL_SURFACE('',#1288,5.);
#103=CYLINDRICAL_SURFACE('',#1291,5.);
#104=CYLINDRICAL_SURFACE('',#1293,3.5);
#105=CYLINDRICAL_SURFACE('',#1296,2.75);
#106=CYLINDRICAL_SURFACE('',#1301,3.5);
#107=CYLINDRICAL_SURFACE('',#1306,2.75);
#108=CYLINDRICAL_SURFACE('',#1309,3.5);
#109=CYLINDRICAL_SURFACE('',#1312,2.75);
#110=CYLINDRICAL_SURFACE('',#1323,15.);
#111=CYLINDRICAL_SURFACE('',#1325,15.);
#112=CYLINDRICAL_SURFACE('',#1327,15.);
#113=CYLINDRICAL_SURFACE('',#1328,15.);
#114=CYLINDRICAL_SURFACE('',#1331,2.75);
#115=CYLINDRICAL_SURFACE('',#1335,3.5);
#116=CYLINDRICAL_SURFACE('',#1339,5.);
#117=CYLINDRICAL_SURFACE('',#1351,5.);
#118=CYLINDRICAL_SURFACE('',#1354,5.);
#119=CYLINDRICAL_SURFACE('',#1357,5.);
#120=CYLINDRICAL_SURFACE('',#1359,1.6);
#121=CYLINDRICAL_SURFACE('',#1361,1.6);
#122=CYLINDRICAL_SURFACE('',#1363,1.6);
#123=CYLINDRICAL_SURFACE('',#1365,1.6);
#124=FACE_BOUND('',#223,.T.);
#125=FACE_BOUND('',#245,.T.);
#126=FACE_BOUND('',#246,.T.);
#127=FACE_BOUND('',#247,.T.);
#128=FACE_BOUND('',#248,.T.);
#129=FACE_BOUND('',#249,.T.);
#130=FACE_BOUND('',#259,.T.);
#131=FACE_BOUND('',#262,.T.);
#132=FACE_BOUND('',#269,.T.);
#133=FACE_BOUND('',#271,.T.);
#134=FACE_BOUND('',#272,.T.);
#135=FACE_BOUND('',#273,.T.);
#136=FACE_BOUND('',#274,.T.);
#137=FACE_BOUND('',#277,.T.);
#138=FACE_BOUND('',#284,.T.);
#139=FACE_BOUND('',#289,.T.);
#140=FACE_BOUND('',#291,.T.);
#141=FACE_BOUND('',#295,.T.);
#142=FACE_BOUND('',#296,.T.);
#143=FACE_BOUND('',#297,.T.);
#144=FACE_BOUND('',#298,.T.);
#145=FACE_BOUND('',#310,.T.);
#146=FACE_BOUND('',#311,.T.);
#147=FACE_BOUND('',#312,.T.);
#148=FACE_BOUND('',#313,.T.);
#149=FACE_OUTER_BOUND('',#219,.T.);
#150=FACE_OUTER_BOUND('',#220,.T.);
#151=FACE_OUTER_BOUND('',#221,.T.);
#152=FACE_OUTER_BOUND('',#222,.T.);
#153=FACE_OUTER_BOUND('',#224,.T.);
#154=FACE_OUTER_BOUND('',#225,.T.);
#155=FACE_OUTER_BOUND('',#226,.T.);
#156=FACE_OUTER_BOUND('',#227,.T.);
#157=FACE_OUTER_BOUND('',#228,.T.);
#158=FACE_OUTER_BOUND('',#229,.T.);
#159=FACE_OUTER_BOUND('',#230,.T.);
#160=FACE_OUTER_BOUND('',#231,.T.);
#161=FACE_OUTER_BOUND('',#232,.T.);
#162=FACE_OUTER_BOUND('',#233,.T.);
#163=FACE_OUTER_BOUND('',#234,.T.);
#164=FACE_OUTER_BOUND('',#235,.T.);
#165=FACE_OUTER_BOUND('',#236,.T.);
#166=FACE_OUTER_BOUND('',#237,.T.);
#167=FACE_OUTER_BOUND('',#238,.T.);
#168=FACE_OUTER_BOUND('',#239,.T.);
#169=FACE_OUTER_BOUND('',#240,.T.);
#170=FACE_OUTER_BOUND('',#241,.T.);
#171=FACE_OUTER_BOUND('',#242,.T.);
#172=FACE_OUTER_BOUND('',#243,.T.);
#173=FACE_OUTER_BOUND('',#244,.T.);
#174=FACE_OUTER_BOUND('',#250,.T.);
#175=FACE_OUTER_BOUND('',#251,.T.);
#176=FACE_OUTER_BOUND('',#252,.T.);
#177=FACE_OUTER_BOUND('',#253,.T.);
#178=FACE_OUTER_BOUND('',#254,.T.);
#179=FACE_OUTER_BOUND('',#255,.T.);
#180=FACE_OUTER_BOUND('',#256,.T.);
#181=FACE_OUTER_BOUND('',#257,.T.);
#182=FACE_OUTER_BOUND('',#258,.T.);
#183=FACE_OUTER_BOUND('',#260,.T.);
#184=FACE_OUTER_BOUND('',#261,.T.);
#185=FACE_OUTER_BOUND('',#263,.T.);
#186=FACE_OUTER_BOUND('',#264,.T.);
#187=FACE_OUTER_BOUND('',#265,.T.);
#188=FACE_OUTER_BOUND('',#266,.T.);
#189=FACE_OUTER_BOUND('',#267,.T.);
#190=FACE_OUTER_BOUND('',#268,.T.);
#191=FACE_OUTER_BOUND('',#270,.T.);
#192=FACE_OUTER_BOUND('',#275,.T.);
#193=FACE_OUTER_BOUND('',#276,.T.);
#194=FACE_OUTER_BOUND('',#278,.T.);
#195=FACE_OUTER_BOUND('',#279,.T.);
#196=FACE_OUTER_BOUND('',#280,.T.);
#197=FACE_OUTER_BOUND('',#281,.T.);
#198=FACE_OUTER_BOUND('',#282,.T.);
#199=FACE_OUTER_BOUND('',#283,.T.);
#200=FACE_OUTER_BOUND('',#285,.T.);
#201=FACE_OUTER_BOUND('',#286,.T.);
#202=FACE_OUTER_BOUND('',#287,.T.);
#203=FACE_OUTER_BOUND('',#288,.T.);
#204=FACE_OUTER_BOUND('',#290,.T.);
#205=FACE_OUTER_BOUND('',#292,.T.);
#206=FACE_OUTER_BOUND('',#293,.T.);
#207=FACE_OUTER_BOUND('',#294,.T.);
#208=FACE_OUTER_BOUND('',#299,.T.);
#209=FACE_OUTER_BOUND('',#300,.T.);
#210=FACE_OUTER_BOUND('',#301,.T.);
#211=FACE_OUTER_BOUND('',#302,.T.);
#212=FACE_OUTER_BOUND('',#303,.T.);
#213=FACE_OUTER_BOUND('',#304,.T.);
#214=FACE_OUTER_BOUND('',#305,.T.);
#215=FACE_OUTER_BOUND('',#306,.T.);
#216=FACE_OUTER_BOUND('',#307,.T.);
#217=FACE_OUTER_BOUND('',#308,.T.);
#218=FACE_OUTER_BOUND('',#309,.T.);
#219=EDGE_LOOP('',(#789,#790,#791,#792));
#220=EDGE_LOOP('',(#793,#794,#795,#796));
#221=EDGE_LOOP('',(#797,#798,#799,#800));
#222=EDGE_LOOP('',(#801,#802,#803,#804));
#223=EDGE_LOOP('',(#805,#806,#807,#808));
#224=EDGE_LOOP('',(#809,#810,#811,#812,#813,#814,#815,#816));
#225=EDGE_LOOP('',(#817,#818,#819,#820));
#226=EDGE_LOOP('',(#821,#822,#823,#824,#825,#826));
#227=EDGE_LOOP('',(#827,#828,#829,#830,#831,#832));
#228=EDGE_LOOP('',(#833,#834,#835,#836,#837,#838));
#229=EDGE_LOOP('',(#839,#840,#841,#842,#843,#844));
#230=EDGE_LOOP('',(#845,#846,#847));
#231=EDGE_LOOP('',(#848,#849,#850,#851,#852,#853));
#232=EDGE_LOOP('',(#854,#855,#856));
#233=EDGE_LOOP('',(#857,#858,#859,#860,#861,#862));
#234=EDGE_LOOP('',(#863,#864,#865));
#235=EDGE_LOOP('',(#866,#867,#868,#869,#870,#871));
#236=EDGE_LOOP('',(#872,#873,#874));
#237=EDGE_LOOP('',(#875,#876,#877,#878,#879,#880));
#238=EDGE_LOOP('',(#881,#882,#883,#884));
#239=EDGE_LOOP('',(#885,#886,#887,#888));
#240=EDGE_LOOP('',(#889,#890,#891,#892));
#241=EDGE_LOOP('',(#893,#894,#895,#896));
#242=EDGE_LOOP('',(#897,#898,#899,#900));
#243=EDGE_LOOP('',(#901,#902,#903,#904));
#244=EDGE_LOOP('',(#905,#906,#907,#908,#909,#910,#911,#912));
#245=EDGE_LOOP('',(#913));
#246=EDGE_LOOP('',(#914));
#247=EDGE_LOOP('',(#915));
#248=EDGE_LOOP('',(#916));
#249=EDGE_LOOP('',(#917,#918,#919,#920,#921,#922,#923,#924));
#250=EDGE_LOOP('',(#925,#926,#927,#928));
#251=EDGE_LOOP('',(#929,#930,#931,#932));
#252=EDGE_LOOP('',(#933,#934,#935,#936));
#253=EDGE_LOOP('',(#937,#938,#939,#940));
#254=EDGE_LOOP('',(#941,#942,#943,#944));
#255=EDGE_LOOP('',(#945,#946,#947,#948));
#256=EDGE_LOOP('',(#949,#950,#951,#952));
#257=EDGE_LOOP('',(#953));
#258=EDGE_LOOP('',(#954));
#259=EDGE_LOOP('',(#955));
#260=EDGE_LOOP('',(#956,#957,#958,#959));
#261=EDGE_LOOP('',(#960));
#262=EDGE_LOOP('',(#961));
#263=EDGE_LOOP('',(#962,#963,#964,#965));
#264=EDGE_LOOP('',(#966));
#265=EDGE_LOOP('',(#967,#968,#969,#970));
#266=EDGE_LOOP('',(#971,#972,#973,#974));
#267=EDGE_LOOP('',(#975));
#268=EDGE_LOOP('',(#976));
#269=EDGE_LOOP('',(#977));
#270=EDGE_LOOP('',(#978,#979,#980,#981,#982,#983,#984,#985,#986,#987,#988,
#989));
#271=EDGE_LOOP('',(#990));
#272=EDGE_LOOP('',(#991));
#273=EDGE_LOOP('',(#992));
#274=EDGE_LOOP('',(#993));
#275=EDGE_LOOP('',(#994,#995,#996,#997));
#276=EDGE_LOOP('',(#998,#999,#1000,#1001));
#277=EDGE_LOOP('',(#1002));
#278=EDGE_LOOP('',(#1003,#1004,#1005,#1006));
#279=EDGE_LOOP('',(#1007,#1008,#1009,#1010));
#280=EDGE_LOOP('',(#1011,#1012,#1013,#1014));
#281=EDGE_LOOP('',(#1015,#1016,#1017,#1018));
#282=EDGE_LOOP('',(#1019,#1020,#1021,#1022));
#283=EDGE_LOOP('',(#1023,#1024,#1025,#1026));
#284=EDGE_LOOP('',(#1027));
#285=EDGE_LOOP('',(#1028,#1029,#1030,#1031));
#286=EDGE_LOOP('',(#1032));
#287=EDGE_LOOP('',(#1033,#1034,#1035,#1036));
#288=EDGE_LOOP('',(#1037));
#289=EDGE_LOOP('',(#1038));
#290=EDGE_LOOP('',(#1039,#1040,#1041,#1042,#1043,#1044,#1045,#1046));
#291=EDGE_LOOP('',(#1047,#1048,#1049,#1050));
#292=EDGE_LOOP('',(#1051,#1052,#1053,#1054));
#293=EDGE_LOOP('',(#1055,#1056,#1057,#1058));
#294=EDGE_LOOP('',(#1059,#1060,#1061,#1062,#1063,#1064,#1065,#1066));
#295=EDGE_LOOP('',(#1067));
#296=EDGE_LOOP('',(#1068));
#297=EDGE_LOOP('',(#1069));
#298=EDGE_LOOP('',(#1070));
#299=EDGE_LOOP('',(#1071,#1072,#1073,#1074));
#300=EDGE_LOOP('',(#1075,#1076,#1077,#1078));
#301=EDGE_LOOP('',(#1079,#1080,#1081,#1082));
#302=EDGE_LOOP('',(#1083,#1084,#1085,#1086));
#303=EDGE_LOOP('',(#1087,#1088,#1089,#1090));
#304=EDGE_LOOP('',(#1091,#1092,#1093,#1094));
#305=EDGE_LOOP('',(#1095,#1096,#1097,#1098));
#306=EDGE_LOOP('',(#1099,#1100,#1101,#1102));
#307=EDGE_LOOP('',(#1103,#1104,#1105,#1106));
#308=EDGE_LOOP('',(#1107,#1108,#1109,#1110));
#309=EDGE_LOOP('',(#1111,#1112,#1113,#1114,#1115,#1116,#1117,#1118));
#310=EDGE_LOOP('',(#1119));
#311=EDGE_LOOP('',(#1120));
#312=EDGE_LOOP('',(#1121));
#313=EDGE_LOOP('',(#1122));
#314=LINE('',#1728,#411);
#315=LINE('',#1730,#412);
#316=LINE('',#1732,#413);
#317=LINE('',#1733,#414);
#318=LINE('',#1736,#415);
#319=LINE('',#1738,#416);
#320=LINE('',#1739,#417);
#321=LINE('',#1743,#418);
#322=LINE('',#1744,#419);
#323=LINE('',#1745,#420);
#324=LINE('',#1747,#421);
#325=LINE('',#1750,#422);
#326=LINE('',#1752,#423);
#327=LINE('',#1754,#424);
#328=LINE('',#1755,#425);
#329=LINE('',#1758,#426);
#330=LINE('',#1760,#427);
#331=LINE('',#1762,#428);
#332=LINE('',#1764,#429);
#333=LINE('',#1765,#430);
#334=LINE('',#1770,#431);
#335=LINE('',#1776,#432);
#336=LINE('',#1823,#433);
#337=LINE('',#1870,#434);
#338=LINE('',#1917,#435);
#339=LINE('',#1964,#436);
#340=LINE('',#1966,#437);
#341=LINE('',#1971,#438);
#342=LINE('',#1973,#439);
#343=LINE('',#1978,#440);
#344=LINE('',#1980,#441);
#345=LINE('',#1985,#442);
#346=LINE('',#1987,#443);
#347=LINE('',#1991,#444);
#348=LINE('',#1992,#445);
#349=LINE('',#1993,#446);
#350=LINE('',#1996,#447);
#351=LINE('',#1997,#448);
#352=LINE('',#2000,#449);
#353=LINE('',#2001,#450);
#354=LINE('',#2003,#451);
#355=LINE('',#2009,#452);
#356=LINE('',#2012,#453);
#357=LINE('',#2015,#454);
#358=LINE('',#2017,#455);
#359=LINE('',#2018,#456);
#360=LINE('',#2021,#457);
#361=LINE('',#2025,#458);
#362=LINE('',#2029,#459);
#363=LINE('',#2033,#460);
#364=LINE('',#2037,#461);
#365=LINE('',#2041,#462);
#366=LINE('',#2046,#463);
#367=LINE('',#2050,#464);
#368=LINE('',#2051,#465);
#369=LINE('',#2054,#466);
#370=LINE('',#2058,#467);
#371=LINE('',#2059,#468);
#372=LINE('',#2062,#469);
#373=LINE('',#2068,#470);
#374=LINE('',#2074,#471);
#375=LINE('',#2082,#472);
#376=LINE('',#2090,#473);
#377=LINE('',#2096,#474);
#378=LINE('',#2102,#475);
#379=LINE('',#2110,#476);
#380=LINE('',#2114,#477);
#381=LINE('',#2118,#478);
#382=LINE('',#2123,#479);
#383=LINE('',#2124,#480);
#384=LINE('',#2126,#481);
#385=LINE('',#2128,#482);
#386=LINE('',#2130,#483);
#387=LINE('',#2133,#484);
#388=LINE('',#2136,#485);
#389=LINE('',#2141,#486);
#390=LINE('',#2147,#487);
#391=LINE('',#2155,#488);
#392=LINE('',#2158,#489);
#393=LINE('',#2161,#490);
#394=LINE('',#2163,#491);
#395=LINE('',#2164,#492);
#396=LINE('',#2167,#493);
#397=LINE('',#2171,#494);
#398=LINE('',#2175,#495);
#399=LINE('',#2187,#496);
#400=LINE('',#2191,#497);
#401=LINE('',#2192,#498);
#402=LINE('',#2195,#499);
#403=LINE('',#2199,#500);
#404=LINE('',#2200,#501);
#405=LINE('',#2203,#502);
#406=LINE('',#2207,#503);
#407=LINE('',#2211,#504);
#408=LINE('',#2215,#505);
#409=LINE('',#2219,#506);
#410=LINE('',#2222,#507);
#411=VECTOR('',#1373,10.);
#412=VECTOR('',#1374,10.);
#413=VECTOR('',#1375,10.);
#414=VECTOR('',#1376,10.);
#415=VECTOR('',#1379,10.);
#416=VECTOR('',#1380,10.);
#417=VECTOR('',#1381,10.);
#418=VECTOR('',#1384,10.);
#419=VECTOR('',#1385,10.);
#420=VECTOR('',#1386,10.);
#421=VECTOR('',#1389,10.);
#422=VECTOR('',#1390,10.);
#423=VECTOR('',#1391,10.);
#424=VECTOR('',#1392,10.);
#425=VECTOR('',#1393,10.);
#426=VECTOR('',#1396,10.);
#427=VECTOR('',#1397,10.);
#428=VECTOR('',#1398,10.);
#429=VECTOR('',#1399,10.);
#430=VECTOR('',#1400,10.);
#431=VECTOR('',#1405,3.25);
#432=VECTOR('',#1412,0.8);
#433=VECTOR('',#1417,0.8);
#434=VECTOR('',#1422,0.8);
#435=VECTOR('',#1427,0.8);
#436=VECTOR('',#1432,0.7);
#437=VECTOR('',#1435,1.4);
#438=VECTOR('',#1440,0.7);
#439=VECTOR('',#1443,1.4);
#440=VECTOR('',#1448,0.7);
#441=VECTOR('',#1451,1.4);
#442=VECTOR('',#1456,0.7);
#443=VECTOR('',#1459,1.4);
#444=VECTOR('',#1462,10.);
#445=VECTOR('',#1463,10.);
#446=VECTOR('',#1464,10.);
#447=VECTOR('',#1467,10.);
#448=VECTOR('',#1468,10.);
#449=VECTOR('',#1471,10.);
#450=VECTOR('',#1472,10.);
#451=VECTOR('',#1475,10.);
#452=VECTOR('',#1480,10.);
#453=VECTOR('',#1483,10.);
#454=VECTOR('',#1486,10.);
#455=VECTOR('',#1487,10.);
#456=VECTOR('',#1488,10.);
#457=VECTOR('',#1491,10.);
#458=VECTOR('',#1494,10.);
#459=VECTOR('',#1497,10.);
#460=VECTOR('',#1500,10.);
#461=VECTOR('',#1503,10.);
#462=VECTOR('',#1506,10.);
#463=VECTOR('',#1513,10.);
#464=VECTOR('',#1518,10.);
#465=VECTOR('',#1519,10.);
#466=VECTOR('',#1522,10.);
#467=VECTOR('',#1527,10.);
#468=VECTOR('',#1528,10.);
#469=VECTOR('',#1531,10.);
#470=VECTOR('',#1538,3.5);
#471=VECTOR('',#1545,2.75);
#472=VECTOR('',#1556,3.5);
#473=VECTOR('',#1567,2.75);
#474=VECTOR('',#1574,3.5);
#475=VECTOR('',#1581,2.75);
#476=VECTOR('',#1592,10.);
#477=VECTOR('',#1595,10.);
#478=VECTOR('',#1598,10.);
#479=VECTOR('',#1605,10.);
#480=VECTOR('',#1606,10.);
#481=VECTOR('',#1609,10.);
#482=VECTOR('',#1612,10.);
#483=VECTOR('',#1615,10.);
#484=VECTOR('',#1620,10.);
#485=VECTOR('',#1625,10.);
#486=VECTOR('',#1630,2.75);
#487=VECTOR('',#1639,3.5);
#488=VECTOR('',#1648,10.);
#489=VECTOR('',#1651,10.);
#490=VECTOR('',#1654,10.);
#491=VECTOR('',#1655,10.);
#492=VECTOR('',#1656,10.);
#493=VECTOR('',#1659,10.);
#494=VECTOR('',#1662,10.);
#495=VECTOR('',#1665,10.);
#496=VECTOR('',#1678,10.);
#497=VECTOR('',#1683,10.);
#498=VECTOR('',#1684,10.);
#499=VECTOR('',#1687,10.);
#500=VECTOR('',#1692,10.);
#501=VECTOR('',#1693,10.);
#502=VECTOR('',#1696,10.);
#503=VECTOR('',#1701,1.6);
#504=VECTOR('',#1706,1.6);
#505=VECTOR('',#1711,1.6);
#506=VECTOR('',#1716,1.6);
#507=VECTOR('',#1721,10.);
#508=VERTEX_POINT('',#1726);
#509=VERTEX_POINT('',#1727);
#510=VERTEX_POINT('',#1729);
#511=VERTEX_POINT('',#1731);
#512=VERTEX_POINT('',#1735);
#513=VERTEX_POINT('',#1737);
#514=VERTEX_POINT('',#1741);
#515=VERTEX_POINT('',#1742);
#516=VERTEX_POINT('',#1748);
#517=VERTEX_POINT('',#1749);
#518=VERTEX_POINT('',#1751);
#519=VERTEX_POINT('',#1753);
#520=VERTEX_POINT('',#1757);
#521=VERTEX_POINT('',#1759);
#522=VERTEX_POINT('',#1761);
#523=VERTEX_POINT('',#1763);
#524=VERTEX_POINT('',#1767);
#525=VERTEX_POINT('',#1769);
#526=VERTEX_POINT('',#1773);
#527=VERTEX_POINT('',#1775);
#528=VERTEX_POINT('',#1777);
#529=VERTEX_POINT('',#1782);
#530=VERTEX_POINT('',#1820);
#531=VERTEX_POINT('',#1822);
#532=VERTEX_POINT('',#1824);
#533=VERTEX_POINT('',#1843);
#534=VERTEX_POINT('',#1867);
#535=VERTEX_POINT('',#1869);
#536=VERTEX_POINT('',#1871);
#537=VERTEX_POINT('',#1890);
#538=VERTEX_POINT('',#1914);
#539=VERTEX_POINT('',#1916);
#540=VERTEX_POINT('',#1918);
#541=VERTEX_POINT('',#1923);
#542=VERTEX_POINT('',#1961);
#543=VERTEX_POINT('',#1963);
#544=VERTEX_POINT('',#1968);
#545=VERTEX_POINT('',#1970);
#546=VERTEX_POINT('',#1975);
#547=VERTEX_POINT('',#1977);
#548=VERTEX_POINT('',#1982);
#549=VERTEX_POINT('',#1984);
#550=VERTEX_POINT('',#1989);
#551=VERTEX_POINT('',#1990);
#552=VERTEX_POINT('',#1995);
#553=VERTEX_POINT('',#1999);
#554=VERTEX_POINT('',#2005);
#555=VERTEX_POINT('',#2006);
#556=VERTEX_POINT('',#2008);
#557=VERTEX_POINT('',#2010);
#558=VERTEX_POINT('',#2014);
#559=VERTEX_POINT('',#2016);
#560=VERTEX_POINT('',#2020);
#561=VERTEX_POINT('',#2022);
#562=VERTEX_POINT('',#2024);
#563=VERTEX_POINT('',#2026);
#564=VERTEX_POINT('',#2028);
#565=VERTEX_POINT('',#2031);
#566=VERTEX_POINT('',#2032);
#567=VERTEX_POINT('',#2034);
#568=VERTEX_POINT('',#2036);
#569=VERTEX_POINT('',#2038);
#570=VERTEX_POINT('',#2040);
#571=VERTEX_POINT('',#2045);
#572=VERTEX_POINT('',#2049);
#573=VERTEX_POINT('',#2053);
#574=VERTEX_POINT('',#2057);
#575=VERTEX_POINT('',#2061);
#576=VERTEX_POINT('',#2065);
#577=VERTEX_POINT('',#2067);
#578=VERTEX_POINT('',#2071);
#579=VERTEX_POINT('',#2073);
#580=VERTEX_POINT('',#2079);
#581=VERTEX_POINT('',#2081);
#582=VERTEX_POINT('',#2085);
#583=VERTEX_POINT('',#2088);
#584=VERTEX_POINT('',#2093);
#585=VERTEX_POINT('',#2095);
#586=VERTEX_POINT('',#2099);
#587=VERTEX_POINT('',#2101);
#588=VERTEX_POINT('',#2107);
#589=VERTEX_POINT('',#2109);
#590=VERTEX_POINT('',#2111);
#591=VERTEX_POINT('',#2113);
#592=VERTEX_POINT('',#2115);
#593=VERTEX_POINT('',#2117);
#594=VERTEX_POINT('',#2120);
#595=VERTEX_POINT('',#2138);
#596=VERTEX_POINT('',#2140);
#597=VERTEX_POINT('',#2145);
#598=VERTEX_POINT('',#2151);
#599=VERTEX_POINT('',#2152);
#600=VERTEX_POINT('',#2154);
#601=VERTEX_POINT('',#2156);
#602=VERTEX_POINT('',#2160);
#603=VERTEX_POINT('',#2162);
#604=VERTEX_POINT('',#2166);
#605=VERTEX_POINT('',#2168);
#606=VERTEX_POINT('',#2170);
#607=VERTEX_POINT('',#2172);
#608=VERTEX_POINT('',#2174);
#609=VERTEX_POINT('',#2177);
#610=VERTEX_POINT('',#2179);
#611=VERTEX_POINT('',#2181);
#612=VERTEX_POINT('',#2183);
#613=VERTEX_POINT('',#2186);
#614=VERTEX_POINT('',#2190);
#615=VERTEX_POINT('',#2194);
#616=VERTEX_POINT('',#2198);
#617=VERTEX_POINT('',#2202);
#618=VERTEX_POINT('',#2206);
#619=VERTEX_POINT('',#2210);
#620=VERTEX_POINT('',#2214);
#621=VERTEX_POINT('',#2218);
#622=EDGE_CURVE('',#508,#509,#314,.T.);
#623=EDGE_CURVE('',#510,#508,#315,.T.);
#624=EDGE_CURVE('',#510,#511,#316,.F.);
#625=EDGE_CURVE('',#509,#511,#317,.F.);
#626=EDGE_CURVE('',#512,#510,#318,.T.);
#627=EDGE_CURVE('',#512,#513,#319,.T.);
#628=EDGE_CURVE('',#511,#513,#320,.F.);
#629=EDGE_CURVE('',#514,#515,#321,.T.);
#630=EDGE_CURVE('',#513,#514,#322,.F.);
#631=EDGE_CURVE('',#515,#512,#323,.T.);
#632=EDGE_CURVE('',#509,#514,#324,.T.);
#633=EDGE_CURVE('',#516,#517,#325,.T.);
#634=EDGE_CURVE('',#517,#518,#326,.T.);
#635=EDGE_CURVE('',#518,#519,#327,.T.);
#636=EDGE_CURVE('',#519,#516,#328,.T.);
#637=EDGE_CURVE('',#520,#515,#329,.T.);
#638=EDGE_CURVE('',#521,#520,#330,.T.);
#639=EDGE_CURVE('',#522,#521,#331,.T.);
#640=EDGE_CURVE('',#523,#522,#332,.T.);
#641=EDGE_CURVE('',#508,#523,#333,.T.);
#642=EDGE_CURVE('',#524,#524,#37,.T.);
#643=EDGE_CURVE('',#524,#525,#334,.T.);
#644=EDGE_CURVE('',#525,#525,#38,.T.);
#645=EDGE_CURVE('',#526,#526,#39,.T.);
#646=EDGE_CURVE('',#526,#527,#335,.T.);
#647=EDGE_CURVE('',#528,#527,#17,.T.);
#648=EDGE_CURVE('',#529,#528,#18,.T.);
#649=EDGE_CURVE('',#527,#529,#19,.T.);
#650=EDGE_CURVE('',#530,#530,#40,.T.);
#651=EDGE_CURVE('',#530,#531,#336,.T.);
#652=EDGE_CURVE('',#532,#531,#20,.T.);
#653=EDGE_CURVE('',#533,#532,#21,.T.);
#654=EDGE_CURVE('',#531,#533,#22,.T.);
#655=EDGE_CURVE('',#534,#534,#41,.T.);
#656=EDGE_CURVE('',#534,#535,#337,.T.);
#657=EDGE_CURVE('',#536,#535,#23,.T.);
#658=EDGE_CURVE('',#537,#536,#24,.T.);
#659=EDGE_CURVE('',#535,#537,#25,.T.);
#660=EDGE_CURVE('',#538,#538,#42,.T.);
#661=EDGE_CURVE('',#538,#539,#338,.T.);
#662=EDGE_CURVE('',#540,#539,#26,.T.);
#663=EDGE_CURVE('',#541,#540,#27,.T.);
#664=EDGE_CURVE('',#539,#541,#28,.T.);
#665=EDGE_CURVE('',#542,#542,#43,.T.);
#666=EDGE_CURVE('',#542,#543,#339,.T.);
#667=EDGE_CURVE('',#533,#542,#340,.T.);
#668=EDGE_CURVE('',#544,#544,#44,.T.);
#669=EDGE_CURVE('',#544,#545,#341,.T.);
#670=EDGE_CURVE('',#528,#544,#342,.T.);
#671=EDGE_CURVE('',#546,#546,#45,.T.);
#672=EDGE_CURVE('',#546,#547,#343,.T.);
#673=EDGE_CURVE('',#537,#546,#344,.T.);
#674=EDGE_CURVE('',#548,#548,#46,.T.);
#675=EDGE_CURVE('',#548,#549,#345,.T.);
#676=EDGE_CURVE('',#540,#548,#346,.T.);
#677=EDGE_CURVE('',#550,#551,#347,.T.);
#678=EDGE_CURVE('',#550,#517,#348,.T.);
#679=EDGE_CURVE('',#551,#516,#349,.T.);
#680=EDGE_CURVE('',#552,#550,#350,.T.);
#681=EDGE_CURVE('',#552,#518,#351,.T.);
#682=EDGE_CURVE('',#553,#552,#352,.T.);
#683=EDGE_CURVE('',#553,#519,#353,.T.);
#684=EDGE_CURVE('',#551,#553,#354,.T.);
#685=EDGE_CURVE('',#554,#555,#47,.T.);
#686=EDGE_CURVE('',#555,#556,#355,.T.);
#687=EDGE_CURVE('',#556,#557,#48,.T.);
#688=EDGE_CURVE('',#557,#554,#356,.T.);
#689=EDGE_CURVE('',#558,#555,#357,.T.);
#690=EDGE_CURVE('',#559,#558,#358,.T.);
#691=EDGE_CURVE('',#556,#559,#359,.T.);
#692=EDGE_CURVE('',#554,#560,#360,.T.);
#693=EDGE_CURVE('',#561,#560,#49,.T.);
#694=EDGE_CURVE('',#561,#562,#361,.T.);
#695=EDGE_CURVE('',#563,#562,#50,.T.);
#696=EDGE_CURVE('',#563,#564,#362,.T.);
#697=EDGE_CURVE('',#558,#564,#51,.T.);
#698=EDGE_CURVE('',#565,#566,#363,.T.);
#699=EDGE_CURVE('',#567,#566,#52,.T.);
#700=EDGE_CURVE('',#567,#568,#364,.T.);
#701=EDGE_CURVE('',#569,#568,#53,.T.);
#702=EDGE_CURVE('',#569,#570,#365,.T.);
#703=EDGE_CURVE('',#522,#570,#54,.T.);
#704=EDGE_CURVE('',#565,#521,#55,.T.);
#705=EDGE_CURVE('',#564,#571,#366,.T.);
#706=EDGE_CURVE('',#571,#559,#56,.T.);
#707=EDGE_CURVE('',#572,#563,#367,.T.);
#708=EDGE_CURVE('',#571,#572,#368,.T.);
#709=EDGE_CURVE('',#562,#573,#369,.T.);
#710=EDGE_CURVE('',#573,#572,#57,.T.);
#711=EDGE_CURVE('',#574,#561,#370,.T.);
#712=EDGE_CURVE('',#573,#574,#371,.T.);
#713=EDGE_CURVE('',#560,#575,#372,.T.);
#714=EDGE_CURVE('',#575,#574,#58,.T.);
#715=EDGE_CURVE('',#576,#576,#59,.T.);
#716=EDGE_CURVE('',#576,#577,#373,.T.);
#717=EDGE_CURVE('',#577,#577,#60,.T.);
#718=EDGE_CURVE('',#578,#578,#61,.T.);
#719=EDGE_CURVE('',#578,#579,#374,.T.);
#720=EDGE_CURVE('',#579,#579,#62,.T.);
#721=EDGE_CURVE('',#580,#580,#63,.T.);
#722=EDGE_CURVE('',#580,#581,#375,.T.);
#723=EDGE_CURVE('',#581,#581,#64,.T.);
#724=EDGE_CURVE('',#582,#582,#65,.T.);
#725=EDGE_CURVE('',#583,#583,#66,.T.);
#726=EDGE_CURVE('',#583,#582,#376,.T.);
#727=EDGE_CURVE('',#584,#584,#67,.T.);
#728=EDGE_CURVE('',#584,#585,#377,.T.);
#729=EDGE_CURVE('',#585,#585,#68,.T.);
#730=EDGE_CURVE('',#586,#586,#69,.T.);
#731=EDGE_CURVE('',#586,#587,#378,.T.);
#732=EDGE_CURVE('',#587,#587,#70,.T.);
#733=EDGE_CURVE('',#523,#588,#71,.T.);
#734=EDGE_CURVE('',#588,#589,#379,.T.);
#735=EDGE_CURVE('',#589,#590,#72,.T.);
#736=EDGE_CURVE('',#590,#591,#380,.T.);
#737=EDGE_CURVE('',#591,#592,#73,.T.);
#738=EDGE_CURVE('',#592,#593,#381,.T.);
#739=EDGE_CURVE('',#593,#520,#74,.T.);
#740=EDGE_CURVE('',#594,#594,#75,.T.);
#741=EDGE_CURVE('',#591,#567,#382,.T.);
#742=EDGE_CURVE('',#566,#592,#383,.T.);
#743=EDGE_CURVE('',#568,#590,#384,.T.);
#744=EDGE_CURVE('',#589,#569,#385,.T.);
#745=EDGE_CURVE('',#570,#588,#386,.T.);
#746=EDGE_CURVE('',#593,#565,#387,.T.);
#747=EDGE_CURVE('',#575,#557,#388,.T.);
#748=EDGE_CURVE('',#595,#595,#76,.T.);
#749=EDGE_CURVE('',#595,#596,#389,.T.);
#750=EDGE_CURVE('',#596,#596,#77,.T.);
#751=EDGE_CURVE('',#597,#597,#78,.T.);
#752=EDGE_CURVE('',#597,#594,#390,.T.);
#753=EDGE_CURVE('',#598,#599,#79,.T.);
#754=EDGE_CURVE('',#599,#600,#391,.T.);
#755=EDGE_CURVE('',#600,#601,#80,.T.);
#756=EDGE_CURVE('',#601,#598,#392,.T.);
#757=EDGE_CURVE('',#602,#599,#393,.T.);
#758=EDGE_CURVE('',#603,#602,#394,.T.);
#759=EDGE_CURVE('',#600,#603,#395,.T.);
#760=EDGE_CURVE('',#598,#604,#396,.T.);
#761=EDGE_CURVE('',#605,#604,#81,.T.);
#762=EDGE_CURVE('',#605,#606,#397,.T.);
#763=EDGE_CURVE('',#607,#606,#82,.T.);
#764=EDGE_CURVE('',#607,#608,#398,.T.);
#765=EDGE_CURVE('',#602,#608,#83,.T.);
#766=EDGE_CURVE('',#609,#609,#84,.T.);
#767=EDGE_CURVE('',#610,#610,#85,.T.);
#768=EDGE_CURVE('',#611,#611,#86,.T.);
#769=EDGE_CURVE('',#612,#612,#87,.T.);
#770=EDGE_CURVE('',#608,#613,#399,.T.);
#771=EDGE_CURVE('',#613,#603,#88,.T.);
#772=EDGE_CURVE('',#614,#607,#400,.T.);
#773=EDGE_CURVE('',#613,#614,#401,.T.);
#774=EDGE_CURVE('',#606,#615,#402,.T.);
#775=EDGE_CURVE('',#615,#614,#89,.T.);
#776=EDGE_CURVE('',#616,#605,#403,.T.);
#777=EDGE_CURVE('',#615,#616,#404,.T.);
#778=EDGE_CURVE('',#604,#617,#405,.T.);
#779=EDGE_CURVE('',#617,#616,#90,.T.);
#780=EDGE_CURVE('',#609,#618,#406,.T.);
#781=EDGE_CURVE('',#618,#618,#91,.T.);
#782=EDGE_CURVE('',#610,#619,#407,.T.);
#783=EDGE_CURVE('',#619,#619,#92,.T.);
#784=EDGE_CURVE('',#611,#620,#408,.T.);
#785=EDGE_CURVE('',#620,#620,#93,.T.);
#786=EDGE_CURVE('',#612,#621,#409,.T.);
#787=EDGE_CURVE('',#621,#621,#94,.T.);
#788=EDGE_CURVE('',#617,#601,#410,.T.);
#789=ORIENTED_EDGE('',*,*,#622,.F.);
#790=ORIENTED_EDGE('',*,*,#623,.F.);
#791=ORIENTED_EDGE('',*,*,#624,.T.);
#792=ORIENTED_EDGE('',*,*,#625,.F.);
#793=ORIENTED_EDGE('',*,*,#626,.F.);
#794=ORIENTED_EDGE('',*,*,#627,.T.);
#795=ORIENTED_EDGE('',*,*,#628,.F.);
#796=ORIENTED_EDGE('',*,*,#624,.F.);
#797=ORIENTED_EDGE('',*,*,#629,.F.);
#798=ORIENTED_EDGE('',*,*,#630,.F.);
#799=ORIENTED_EDGE('',*,*,#627,.F.);
#800=ORIENTED_EDGE('',*,*,#631,.F.);
#801=ORIENTED_EDGE('',*,*,#632,.F.);
#802=ORIENTED_EDGE('',*,*,#625,.T.);
#803=ORIENTED_EDGE('',*,*,#628,.T.);
#804=ORIENTED_EDGE('',*,*,#630,.T.);
#805=ORIENTED_EDGE('',*,*,#633,.T.);
#806=ORIENTED_EDGE('',*,*,#634,.T.);
#807=ORIENTED_EDGE('',*,*,#635,.T.);
#808=ORIENTED_EDGE('',*,*,#636,.T.);
#809=ORIENTED_EDGE('',*,*,#622,.T.);
#810=ORIENTED_EDGE('',*,*,#632,.T.);
#811=ORIENTED_EDGE('',*,*,#629,.T.);
#812=ORIENTED_EDGE('',*,*,#637,.F.);
#813=ORIENTED_EDGE('',*,*,#638,.F.);
#814=ORIENTED_EDGE('',*,*,#639,.F.);
#815=ORIENTED_EDGE('',*,*,#640,.F.);
#816=ORIENTED_EDGE('',*,*,#641,.F.);
#817=ORIENTED_EDGE('',*,*,#642,.F.);
#818=ORIENTED_EDGE('',*,*,#643,.T.);
#819=ORIENTED_EDGE('',*,*,#644,.F.);
#820=ORIENTED_EDGE('',*,*,#643,.F.);
#821=ORIENTED_EDGE('',*,*,#645,.F.);
#822=ORIENTED_EDGE('',*,*,#646,.T.);
#823=ORIENTED_EDGE('',*,*,#647,.F.);
#824=ORIENTED_EDGE('',*,*,#648,.F.);
#825=ORIENTED_EDGE('',*,*,#649,.F.);
#826=ORIENTED_EDGE('',*,*,#646,.F.);
#827=ORIENTED_EDGE('',*,*,#650,.F.);
#828=ORIENTED_EDGE('',*,*,#651,.T.);
#829=ORIENTED_EDGE('',*,*,#652,.F.);
#830=ORIENTED_EDGE('',*,*,#653,.F.);
#831=ORIENTED_EDGE('',*,*,#654,.F.);
#832=ORIENTED_EDGE('',*,*,#651,.F.);
#833=ORIENTED_EDGE('',*,*,#655,.F.);
#834=ORIENTED_EDGE('',*,*,#656,.T.);
#835=ORIENTED_EDGE('',*,*,#657,.F.);
#836=ORIENTED_EDGE('',*,*,#658,.F.);
#837=ORIENTED_EDGE('',*,*,#659,.F.);
#838=ORIENTED_EDGE('',*,*,#656,.F.);
#839=ORIENTED_EDGE('',*,*,#660,.F.);
#840=ORIENTED_EDGE('',*,*,#661,.T.);
#841=ORIENTED_EDGE('',*,*,#662,.F.);
#842=ORIENTED_EDGE('',*,*,#663,.F.);
#843=ORIENTED_EDGE('',*,*,#664,.F.);
#844=ORIENTED_EDGE('',*,*,#661,.F.);
#845=ORIENTED_EDGE('',*,*,#665,.F.);
#846=ORIENTED_EDGE('',*,*,#666,.T.);
#847=ORIENTED_EDGE('',*,*,#666,.F.);
#848=ORIENTED_EDGE('',*,*,#652,.T.);
#849=ORIENTED_EDGE('',*,*,#654,.T.);
#850=ORIENTED_EDGE('',*,*,#667,.T.);
#851=ORIENTED_EDGE('',*,*,#665,.T.);
#852=ORIENTED_EDGE('',*,*,#667,.F.);
#853=ORIENTED_EDGE('',*,*,#653,.T.);
#854=ORIENTED_EDGE('',*,*,#668,.F.);
#855=ORIENTED_EDGE('',*,*,#669,.T.);
#856=ORIENTED_EDGE('',*,*,#669,.F.);
#857=ORIENTED_EDGE('',*,*,#648,.T.);
#858=ORIENTED_EDGE('',*,*,#670,.T.);
#859=ORIENTED_EDGE('',*,*,#668,.T.);
#860=ORIENTED_EDGE('',*,*,#670,.F.);
#861=ORIENTED_EDGE('',*,*,#647,.T.);
#862=ORIENTED_EDGE('',*,*,#649,.T.);
#863=ORIENTED_EDGE('',*,*,#671,.F.);
#864=ORIENTED_EDGE('',*,*,#672,.T.);
#865=ORIENTED_EDGE('',*,*,#672,.F.);
#866=ORIENTED_EDGE('',*,*,#657,.T.);
#867=ORIENTED_EDGE('',*,*,#659,.T.);
#868=ORIENTED_EDGE('',*,*,#673,.T.);
#869=ORIENTED_EDGE('',*,*,#671,.T.);
#870=ORIENTED_EDGE('',*,*,#673,.F.);
#871=ORIENTED_EDGE('',*,*,#658,.T.);
#872=ORIENTED_EDGE('',*,*,#674,.F.);
#873=ORIENTED_EDGE('',*,*,#675,.T.);
#874=ORIENTED_EDGE('',*,*,#675,.F.);
#875=ORIENTED_EDGE('',*,*,#663,.T.);
#876=ORIENTED_EDGE('',*,*,#676,.T.);
#877=ORIENTED_EDGE('',*,*,#674,.T.);
#878=ORIENTED_EDGE('',*,*,#676,.F.);
#879=ORIENTED_EDGE('',*,*,#662,.T.);
#880=ORIENTED_EDGE('',*,*,#664,.T.);
#881=ORIENTED_EDGE('',*,*,#677,.F.);
#882=ORIENTED_EDGE('',*,*,#678,.T.);
#883=ORIENTED_EDGE('',*,*,#633,.F.);
#884=ORIENTED_EDGE('',*,*,#679,.F.);
#885=ORIENTED_EDGE('',*,*,#680,.F.);
#886=ORIENTED_EDGE('',*,*,#681,.T.);
#887=ORIENTED_EDGE('',*,*,#634,.F.);
#888=ORIENTED_EDGE('',*,*,#678,.F.);
#889=ORIENTED_EDGE('',*,*,#682,.F.);
#890=ORIENTED_EDGE('',*,*,#683,.T.);
#891=ORIENTED_EDGE('',*,*,#635,.F.);
#892=ORIENTED_EDGE('',*,*,#681,.F.);
#893=ORIENTED_EDGE('',*,*,#684,.F.);
#894=ORIENTED_EDGE('',*,*,#679,.T.);
#895=ORIENTED_EDGE('',*,*,#636,.F.);
#896=ORIENTED_EDGE('',*,*,#683,.F.);
#897=ORIENTED_EDGE('',*,*,#685,.T.);
#898=ORIENTED_EDGE('',*,*,#686,.T.);
#899=ORIENTED_EDGE('',*,*,#687,.T.);
#900=ORIENTED_EDGE('',*,*,#688,.T.);
#901=ORIENTED_EDGE('',*,*,#686,.F.);
#902=ORIENTED_EDGE('',*,*,#689,.F.);
#903=ORIENTED_EDGE('',*,*,#690,.F.);
#904=ORIENTED_EDGE('',*,*,#691,.F.);
#905=ORIENTED_EDGE('',*,*,#685,.F.);
#906=ORIENTED_EDGE('',*,*,#692,.T.);
#907=ORIENTED_EDGE('',*,*,#693,.F.);
#908=ORIENTED_EDGE('',*,*,#694,.T.);
#909=ORIENTED_EDGE('',*,*,#695,.F.);
#910=ORIENTED_EDGE('',*,*,#696,.T.);
#911=ORIENTED_EDGE('',*,*,#697,.F.);
#912=ORIENTED_EDGE('',*,*,#689,.T.);
#913=ORIENTED_EDGE('',*,*,#645,.T.);
#914=ORIENTED_EDGE('',*,*,#650,.T.);
#915=ORIENTED_EDGE('',*,*,#655,.T.);
#916=ORIENTED_EDGE('',*,*,#660,.T.);
#917=ORIENTED_EDGE('',*,*,#698,.T.);
#918=ORIENTED_EDGE('',*,*,#699,.F.);
#919=ORIENTED_EDGE('',*,*,#700,.T.);
#920=ORIENTED_EDGE('',*,*,#701,.F.);
#921=ORIENTED_EDGE('',*,*,#702,.T.);
#922=ORIENTED_EDGE('',*,*,#703,.F.);
#923=ORIENTED_EDGE('',*,*,#639,.T.);
#924=ORIENTED_EDGE('',*,*,#704,.F.);
#925=ORIENTED_EDGE('',*,*,#697,.T.);
#926=ORIENTED_EDGE('',*,*,#705,.T.);
#927=ORIENTED_EDGE('',*,*,#706,.T.);
#928=ORIENTED_EDGE('',*,*,#690,.T.);
#929=ORIENTED_EDGE('',*,*,#705,.F.);
#930=ORIENTED_EDGE('',*,*,#696,.F.);
#931=ORIENTED_EDGE('',*,*,#707,.F.);
#932=ORIENTED_EDGE('',*,*,#708,.F.);
#933=ORIENTED_EDGE('',*,*,#695,.T.);
#934=ORIENTED_EDGE('',*,*,#709,.T.);
#935=ORIENTED_EDGE('',*,*,#710,.T.);
#936=ORIENTED_EDGE('',*,*,#707,.T.);
#937=ORIENTED_EDGE('',*,*,#709,.F.);
#938=ORIENTED_EDGE('',*,*,#694,.F.);
#939=ORIENTED_EDGE('',*,*,#711,.F.);
#940=ORIENTED_EDGE('',*,*,#712,.F.);
#941=ORIENTED_EDGE('',*,*,#693,.T.);
#942=ORIENTED_EDGE('',*,*,#713,.T.);
#943=ORIENTED_EDGE('',*,*,#714,.T.);
#944=ORIENTED_EDGE('',*,*,#711,.T.);
#945=ORIENTED_EDGE('',*,*,#715,.F.);
#946=ORIENTED_EDGE('',*,*,#716,.T.);
#947=ORIENTED_EDGE('',*,*,#717,.F.);
#948=ORIENTED_EDGE('',*,*,#716,.F.);
#949=ORIENTED_EDGE('',*,*,#718,.F.);
#950=ORIENTED_EDGE('',*,*,#719,.T.);
#951=ORIENTED_EDGE('',*,*,#720,.F.);
#952=ORIENTED_EDGE('',*,*,#719,.F.);
#953=ORIENTED_EDGE('',*,*,#718,.T.);
#954=ORIENTED_EDGE('',*,*,#715,.T.);
#955=ORIENTED_EDGE('',*,*,#720,.T.);
#956=ORIENTED_EDGE('',*,*,#721,.F.);
#957=ORIENTED_EDGE('',*,*,#722,.T.);
#958=ORIENTED_EDGE('',*,*,#723,.F.);
#959=ORIENTED_EDGE('',*,*,#722,.F.);
#960=ORIENTED_EDGE('',*,*,#721,.T.);
#961=ORIENTED_EDGE('',*,*,#724,.F.);
#962=ORIENTED_EDGE('',*,*,#725,.F.);
#963=ORIENTED_EDGE('',*,*,#726,.T.);
#964=ORIENTED_EDGE('',*,*,#724,.T.);
#965=ORIENTED_EDGE('',*,*,#726,.F.);
#966=ORIENTED_EDGE('',*,*,#725,.T.);
#967=ORIENTED_EDGE('',*,*,#727,.F.);
#968=ORIENTED_EDGE('',*,*,#728,.T.);
#969=ORIENTED_EDGE('',*,*,#729,.F.);
#970=ORIENTED_EDGE('',*,*,#728,.F.);
#971=ORIENTED_EDGE('',*,*,#730,.F.);
#972=ORIENTED_EDGE('',*,*,#731,.T.);
#973=ORIENTED_EDGE('',*,*,#732,.F.);
#974=ORIENTED_EDGE('',*,*,#731,.F.);
#975=ORIENTED_EDGE('',*,*,#730,.T.);
#976=ORIENTED_EDGE('',*,*,#727,.T.);
#977=ORIENTED_EDGE('',*,*,#732,.T.);
#978=ORIENTED_EDGE('',*,*,#623,.T.);
#979=ORIENTED_EDGE('',*,*,#641,.T.);
#980=ORIENTED_EDGE('',*,*,#733,.T.);
#981=ORIENTED_EDGE('',*,*,#734,.T.);
#982=ORIENTED_EDGE('',*,*,#735,.T.);
#983=ORIENTED_EDGE('',*,*,#736,.T.);
#984=ORIENTED_EDGE('',*,*,#737,.T.);
#985=ORIENTED_EDGE('',*,*,#738,.T.);
#986=ORIENTED_EDGE('',*,*,#739,.T.);
#987=ORIENTED_EDGE('',*,*,#637,.T.);
#988=ORIENTED_EDGE('',*,*,#631,.T.);
#989=ORIENTED_EDGE('',*,*,#626,.T.);
#990=ORIENTED_EDGE('',*,*,#717,.T.);
#991=ORIENTED_EDGE('',*,*,#723,.T.);
#992=ORIENTED_EDGE('',*,*,#729,.T.);
#993=ORIENTED_EDGE('',*,*,#740,.F.);
#994=ORIENTED_EDGE('',*,*,#737,.F.);
#995=ORIENTED_EDGE('',*,*,#741,.T.);
#996=ORIENTED_EDGE('',*,*,#699,.T.);
#997=ORIENTED_EDGE('',*,*,#742,.T.);
#998=ORIENTED_EDGE('',*,*,#741,.F.);
#999=ORIENTED_EDGE('',*,*,#736,.F.);
#1000=ORIENTED_EDGE('',*,*,#743,.F.);
#1001=ORIENTED_EDGE('',*,*,#700,.F.);
#1002=ORIENTED_EDGE('',*,*,#644,.T.);
#1003=ORIENTED_EDGE('',*,*,#735,.F.);
#1004=ORIENTED_EDGE('',*,*,#744,.T.);
#1005=ORIENTED_EDGE('',*,*,#701,.T.);
#1006=ORIENTED_EDGE('',*,*,#743,.T.);
#1007=ORIENTED_EDGE('',*,*,#744,.F.);
#1008=ORIENTED_EDGE('',*,*,#734,.F.);
#1009=ORIENTED_EDGE('',*,*,#745,.F.);
#1010=ORIENTED_EDGE('',*,*,#702,.F.);
#1011=ORIENTED_EDGE('',*,*,#733,.F.);
#1012=ORIENTED_EDGE('',*,*,#640,.T.);
#1013=ORIENTED_EDGE('',*,*,#703,.T.);
#1014=ORIENTED_EDGE('',*,*,#745,.T.);
#1015=ORIENTED_EDGE('',*,*,#739,.F.);
#1016=ORIENTED_EDGE('',*,*,#746,.T.);
#1017=ORIENTED_EDGE('',*,*,#704,.T.);
#1018=ORIENTED_EDGE('',*,*,#638,.T.);
#1019=ORIENTED_EDGE('',*,*,#742,.F.);
#1020=ORIENTED_EDGE('',*,*,#698,.F.);
#1021=ORIENTED_EDGE('',*,*,#746,.F.);
#1022=ORIENTED_EDGE('',*,*,#738,.F.);
#1023=ORIENTED_EDGE('',*,*,#688,.F.);
#1024=ORIENTED_EDGE('',*,*,#747,.F.);
#1025=ORIENTED_EDGE('',*,*,#713,.F.);
#1026=ORIENTED_EDGE('',*,*,#692,.F.);
#1027=ORIENTED_EDGE('',*,*,#642,.T.);
#1028=ORIENTED_EDGE('',*,*,#748,.F.);
#1029=ORIENTED_EDGE('',*,*,#749,.T.);
#1030=ORIENTED_EDGE('',*,*,#750,.F.);
#1031=ORIENTED_EDGE('',*,*,#749,.F.);
#1032=ORIENTED_EDGE('',*,*,#748,.T.);
#1033=ORIENTED_EDGE('',*,*,#751,.F.);
#1034=ORIENTED_EDGE('',*,*,#752,.T.);
#1035=ORIENTED_EDGE('',*,*,#740,.T.);
#1036=ORIENTED_EDGE('',*,*,#752,.F.);
#1037=ORIENTED_EDGE('',*,*,#751,.T.);
#1038=ORIENTED_EDGE('',*,*,#750,.T.);
#1039=ORIENTED_EDGE('',*,*,#687,.F.);
#1040=ORIENTED_EDGE('',*,*,#691,.T.);
#1041=ORIENTED_EDGE('',*,*,#706,.F.);
#1042=ORIENTED_EDGE('',*,*,#708,.T.);
#1043=ORIENTED_EDGE('',*,*,#710,.F.);
#1044=ORIENTED_EDGE('',*,*,#712,.T.);
#1045=ORIENTED_EDGE('',*,*,#714,.F.);
#1046=ORIENTED_EDGE('',*,*,#747,.T.);
#1047=ORIENTED_EDGE('',*,*,#677,.T.);
#1048=ORIENTED_EDGE('',*,*,#684,.T.);
#1049=ORIENTED_EDGE('',*,*,#682,.T.);
#1050=ORIENTED_EDGE('',*,*,#680,.T.);
#1051=ORIENTED_EDGE('',*,*,#753,.T.);
#1052=ORIENTED_EDGE('',*,*,#754,.T.);
#1053=ORIENTED_EDGE('',*,*,#755,.T.);
#1054=ORIENTED_EDGE('',*,*,#756,.T.);
#1055=ORIENTED_EDGE('',*,*,#754,.F.);
#1056=ORIENTED_EDGE('',*,*,#757,.F.);
#1057=ORIENTED_EDGE('',*,*,#758,.F.);
#1058=ORIENTED_EDGE('',*,*,#759,.F.);
#1059=ORIENTED_EDGE('',*,*,#753,.F.);
#1060=ORIENTED_EDGE('',*,*,#760,.T.);
#1061=ORIENTED_EDGE('',*,*,#761,.F.);
#1062=ORIENTED_EDGE('',*,*,#762,.T.);
#1063=ORIENTED_EDGE('',*,*,#763,.F.);
#1064=ORIENTED_EDGE('',*,*,#764,.T.);
#1065=ORIENTED_EDGE('',*,*,#765,.F.);
#1066=ORIENTED_EDGE('',*,*,#757,.T.);
#1067=ORIENTED_EDGE('',*,*,#766,.T.);
#1068=ORIENTED_EDGE('',*,*,#767,.T.);
#1069=ORIENTED_EDGE('',*,*,#768,.T.);
#1070=ORIENTED_EDGE('',*,*,#769,.T.);
#1071=ORIENTED_EDGE('',*,*,#765,.T.);
#1072=ORIENTED_EDGE('',*,*,#770,.T.);
#1073=ORIENTED_EDGE('',*,*,#771,.T.);
#1074=ORIENTED_EDGE('',*,*,#758,.T.);
#1075=ORIENTED_EDGE('',*,*,#770,.F.);
#1076=ORIENTED_EDGE('',*,*,#764,.F.);
#1077=ORIENTED_EDGE('',*,*,#772,.F.);
#1078=ORIENTED_EDGE('',*,*,#773,.F.);
#1079=ORIENTED_EDGE('',*,*,#763,.T.);
#1080=ORIENTED_EDGE('',*,*,#774,.T.);
#1081=ORIENTED_EDGE('',*,*,#775,.T.);
#1082=ORIENTED_EDGE('',*,*,#772,.T.);
#1083=ORIENTED_EDGE('',*,*,#774,.F.);
#1084=ORIENTED_EDGE('',*,*,#762,.F.);
#1085=ORIENTED_EDGE('',*,*,#776,.F.);
#1086=ORIENTED_EDGE('',*,*,#777,.F.);
#1087=ORIENTED_EDGE('',*,*,#761,.T.);
#1088=ORIENTED_EDGE('',*,*,#778,.T.);
#1089=ORIENTED_EDGE('',*,*,#779,.T.);
#1090=ORIENTED_EDGE('',*,*,#776,.T.);
#1091=ORIENTED_EDGE('',*,*,#766,.F.);
#1092=ORIENTED_EDGE('',*,*,#780,.T.);
#1093=ORIENTED_EDGE('',*,*,#781,.F.);
#1094=ORIENTED_EDGE('',*,*,#780,.F.);
#1095=ORIENTED_EDGE('',*,*,#767,.F.);
#1096=ORIENTED_EDGE('',*,*,#782,.T.);
#1097=ORIENTED_EDGE('',*,*,#783,.F.);
#1098=ORIENTED_EDGE('',*,*,#782,.F.);
#1099=ORIENTED_EDGE('',*,*,#768,.F.);
#1100=ORIENTED_EDGE('',*,*,#784,.T.);
#1101=ORIENTED_EDGE('',*,*,#785,.F.);
#1102=ORIENTED_EDGE('',*,*,#784,.F.);
#1103=ORIENTED_EDGE('',*,*,#769,.F.);
#1104=ORIENTED_EDGE('',*,*,#786,.T.);
#1105=ORIENTED_EDGE('',*,*,#787,.F.);
#1106=ORIENTED_EDGE('',*,*,#786,.F.);
#1107=ORIENTED_EDGE('',*,*,#756,.F.);
#1108=ORIENTED_EDGE('',*,*,#788,.F.);
#1109=ORIENTED_EDGE('',*,*,#778,.F.);
#1110=ORIENTED_EDGE('',*,*,#760,.F.);
#1111=ORIENTED_EDGE('',*,*,#755,.F.);
#1112=ORIENTED_EDGE('',*,*,#759,.T.);
#1113=ORIENTED_EDGE('',*,*,#771,.F.);
#1114=ORIENTED_EDGE('',*,*,#773,.T.);
#1115=ORIENTED_EDGE('',*,*,#775,.F.);
#1116=ORIENTED_EDGE('',*,*,#777,.T.);
#1117=ORIENTED_EDGE('',*,*,#779,.F.);
#1118=ORIENTED_EDGE('',*,*,#788,.T.);
#1119=ORIENTED_EDGE('',*,*,#781,.T.);
#1120=ORIENTED_EDGE('',*,*,#783,.T.);
#1121=ORIENTED_EDGE('',*,*,#785,.T.);
#1122=ORIENTED_EDGE('',*,*,#787,.T.);
#1123=PLANE('',#1241);
#1124=PLANE('',#1242);
#1125=PLANE('',#1243);
#1126=PLANE('',#1244);
#1127=PLANE('',#1245);
#1128=PLANE('',#1269);
#1129=PLANE('',#1270);
#1130=PLANE('',#1271);
#1131=PLANE('',#1272);
#1132=PLANE('',#1276);
#1133=PLANE('',#1277);
#1134=PLANE('',#1287);
#1135=PLANE('',#1290);
#1136=PLANE('',#1299);
#1137=PLANE('',#1300);
#1138=PLANE('',#1304);
#1139=PLANE('',#1308);
#1140=PLANE('',#1315);
#1141=PLANE('',#1316);
#1142=PLANE('',#1317);
#1143=PLANE('',#1324);
#1144=PLANE('',#1326);
#1145=PLANE('',#1329);
#1146=PLANE('',#1330);
#1147=PLANE('',#1334);
#1148=PLANE('',#1337);
#1149=PLANE('',#1338);
#1150=PLANE('',#1342);
#1151=PLANE('',#1343);
#1152=PLANE('',#1353);
#1153=PLANE('',#1356);
#1154=PLANE('',#1367);
#1155=PLANE('',#1368);
#1156=ADVANCED_FACE('',(#149),#1123,.T.);
#1157=ADVANCED_FACE('',(#150),#1124,.T.);
#1158=ADVANCED_FACE('',(#151),#1125,.T.);
#1159=ADVANCED_FACE('',(#152,#124),#1126,.T.);
#1160=ADVANCED_FACE('',(#153),#1127,.T.);
#1161=ADVANCED_FACE('',(#154),#95,.F.);
#1162=ADVANCED_FACE('',(#155),#29,.F.);
#1163=ADVANCED_FACE('',(#156),#30,.F.);
#1164=ADVANCED_FACE('',(#157),#31,.F.);
#1165=ADVANCED_FACE('',(#158),#32,.F.);
#1166=ADVANCED_FACE('',(#159),#33,.F.);
#1167=ADVANCED_FACE('',(#160),#96,.F.);
#1168=ADVANCED_FACE('',(#161),#34,.F.);
#1169=ADVANCED_FACE('',(#162),#97,.F.);
#1170=ADVANCED_FACE('',(#163),#35,.F.);
#1171=ADVANCED_FACE('',(#164),#98,.F.);
#1172=ADVANCED_FACE('',(#165),#36,.F.);
#1173=ADVANCED_FACE('',(#166),#99,.F.);
#1174=ADVANCED_FACE('',(#167),#1128,.F.);
#1175=ADVANCED_FACE('',(#168),#1129,.F.);
#1176=ADVANCED_FACE('',(#169),#1130,.F.);
#1177=ADVANCED_FACE('',(#170),#1131,.F.);
#1178=ADVANCED_FACE('',(#171),#100,.T.);
#1179=ADVANCED_FACE('',(#172),#1132,.T.);
#1180=ADVANCED_FACE('',(#173,#125,#126,#127,#128,#129),#1133,.T.);
#1181=ADVANCED_FACE('',(#174),#101,.T.);
#1182=ADVANCED_FACE('',(#175),#1134,.T.);
#1183=ADVANCED_FACE('',(#176),#102,.T.);
#1184=ADVANCED_FACE('',(#177),#1135,.T.);
#1185=ADVANCED_FACE('',(#178),#103,.T.);
#1186=ADVANCED_FACE('',(#179),#104,.T.);
#1187=ADVANCED_FACE('',(#180),#105,.T.);
#1188=ADVANCED_FACE('',(#181),#1136,.T.);
#1189=ADVANCED_FACE('',(#182,#130),#1137,.T.);
#1190=ADVANCED_FACE('',(#183),#106,.T.);
#1191=ADVANCED_FACE('',(#184,#131),#1138,.T.);
#1192=ADVANCED_FACE('',(#185),#107,.T.);
#1193=ADVANCED_FACE('',(#186),#1139,.T.);
#1194=ADVANCED_FACE('',(#187),#108,.T.);
#1195=ADVANCED_FACE('',(#188),#109,.T.);
#1196=ADVANCED_FACE('',(#189),#1140,.T.);
#1197=ADVANCED_FACE('',(#190,#132),#1141,.T.);
#1198=ADVANCED_FACE('',(#191,#133,#134,#135,#136),#1142,.T.);
#1199=ADVANCED_FACE('',(#192),#110,.F.);
#1200=ADVANCED_FACE('',(#193,#137),#1143,.T.);
#1201=ADVANCED_FACE('',(#194),#111,.F.);
#1202=ADVANCED_FACE('',(#195),#1144,.T.);
#1203=ADVANCED_FACE('',(#196),#112,.F.);
#1204=ADVANCED_FACE('',(#197),#113,.F.);
#1205=ADVANCED_FACE('',(#198),#1145,.T.);
#1206=ADVANCED_FACE('',(#199,#138),#1146,.T.);
#1207=ADVANCED_FACE('',(#200),#114,.T.);
#1208=ADVANCED_FACE('',(#201),#1147,.T.);
#1209=ADVANCED_FACE('',(#202),#115,.T.);
#1210=ADVANCED_FACE('',(#203,#139),#1148,.T.);
#1211=ADVANCED_FACE('',(#204,#140),#1149,.F.);
#1212=ADVANCED_FACE('',(#205),#116,.T.);
#1213=ADVANCED_FACE('',(#206),#1150,.T.);
#1214=ADVANCED_FACE('',(#207,#141,#142,#143,#144),#1151,.T.);
#1215=ADVANCED_FACE('',(#208),#117,.T.);
#1216=ADVANCED_FACE('',(#209),#1152,.T.);
#1217=ADVANCED_FACE('',(#210),#118,.T.);
#1218=ADVANCED_FACE('',(#211),#1153,.T.);
#1219=ADVANCED_FACE('',(#212),#119,.T.);
#1220=ADVANCED_FACE('',(#213),#120,.F.);
#1221=ADVANCED_FACE('',(#214),#121,.F.);
#1222=ADVANCED_FACE('',(#215),#122,.F.);
#1223=ADVANCED_FACE('',(#216),#123,.F.);
#1224=ADVANCED_FACE('',(#217),#1154,.T.);
#1225=ADVANCED_FACE('',(#218,#145,#146,#147,#148),#1155,.F.);
#1226=CLOSED_SHELL('',(#1156,#1157,#1158,#1159,#1160,#1161,#1162,#1163,
#1164,#1165,#1166,#1167,#1168,#1169,#1170,#1171,#1172,#1173,#1174,#1175,
#1176,#1177,#1178,#1179,#1180,#1181,#1182,#1183,#1184,#1185,#1186,#1187,
#1188,#1189,#1190,#1191,#1192,#1193,#1194,#1195,#1196,#1197,#1198,#1199,
#1200,#1201,#1202,#1203,#1204,#1205,#1206,#1207,#1208,#1209,#1210,#1211));
#1227=CLOSED_SHELL('',(#1212,#1213,#1214,#1215,#1216,#1217,#1218,#1219,
#1220,#1221,#1222,#1223,#1224,#1225));
#1228=DERIVED_UNIT_ELEMENT(#1230,1.);
#1229=DERIVED_UNIT_ELEMENT(#2229,-3.);
#1230=(
MASS_UNIT()
NAMED_UNIT(*)
SI_UNIT(.KILO.,.GRAM.)
);
#1231=DERIVED_UNIT((#1228,#1229));
#1232=MEASURE_REPRESENTATION_ITEM('density measure',
POSITIVE_RATIO_MEASURE(7850.),#1231);
#1233=PROPERTY_DEFINITION_REPRESENTATION(#1238,#1235);
#1234=PROPERTY_DEFINITION_REPRESENTATION(#1239,#1236);
#1235=REPRESENTATION('material name',(#1237),#2226);
#1236=REPRESENTATION('density',(#1232),#2226);
#1237=DESCRIPTIVE_REPRESENTATION_ITEM('Steel','Steel');
#1238=PROPERTY_DEFINITION('material property','material name',#2236);
#1239=PROPERTY_DEFINITION('material property','density of part',#2236);
#1240=AXIS2_PLACEMENT_3D('',#1724,#1369,#1370);
#1241=AXIS2_PLACEMENT_3D('',#1725,#1371,#1372);
#1242=AXIS2_PLACEMENT_3D('',#1734,#1377,#1378);
#1243=AXIS2_PLACEMENT_3D('',#1740,#1382,#1383);
#1244=AXIS2_PLACEMENT_3D('',#1746,#1387,#1388);
#1245=AXIS2_PLACEMENT_3D('',#1756,#1394,#1395);
#1246=AXIS2_PLACEMENT_3D('',#1766,#1401,#1402);
#1247=AXIS2_PLACEMENT_3D('',#1768,#1403,#1404);
#1248=AXIS2_PLACEMENT_3D('',#1771,#1406,#1407);
#1249=AXIS2_PLACEMENT_3D('',#1772,#1408,#1409);
#1250=AXIS2_PLACEMENT_3D('',#1774,#1410,#1411);
#1251=AXIS2_PLACEMENT_3D('',#1819,#1413,#1414);
#1252=AXIS2_PLACEMENT_3D('',#1821,#1415,#1416);
#1253=AXIS2_PLACEMENT_3D('',#1866,#1418,#1419);
#1254=AXIS2_PLACEMENT_3D('',#1868,#1420,#1421);
#1255=AXIS2_PLACEMENT_3D('',#1913,#1423,#1424);
#1256=AXIS2_PLACEMENT_3D('',#1915,#1425,#1426);
#1257=AXIS2_PLACEMENT_3D('',#1960,#1428,#1429);
#1258=AXIS2_PLACEMENT_3D('',#1962,#1430,#1431);
#1259=AXIS2_PLACEMENT_3D('',#1965,#1433,#1434);
#1260=AXIS2_PLACEMENT_3D('',#1967,#1436,#1437);
#1261=AXIS2_PLACEMENT_3D('',#1969,#1438,#1439);
#1262=AXIS2_PLACEMENT_3D('',#1972,#1441,#1442);
#1263=AXIS2_PLACEMENT_3D('',#1974,#1444,#1445);
#1264=AXIS2_PLACEMENT_3D('',#1976,#1446,#1447);
#1265=AXIS2_PLACEMENT_3D('',#1979,#1449,#1450);
#1266=AXIS2_PLACEMENT_3D('',#1981,#1452,#1453);
#1267=AXIS2_PLACEMENT_3D('',#1983,#1454,#1455);
#1268=AXIS2_PLACEMENT_3D('',#1986,#1457,#1458);
#1269=AXIS2_PLACEMENT_3D('',#1988,#1460,#1461);
#1270=AXIS2_PLACEMENT_3D('',#1994,#1465,#1466);
#1271=AXIS2_PLACEMENT_3D('',#1998,#1469,#1470);
#1272=AXIS2_PLACEMENT_3D('',#2002,#1473,#1474);
#1273=AXIS2_PLACEMENT_3D('',#2004,#1476,#1477);
#1274=AXIS2_PLACEMENT_3D('',#2007,#1478,#1479);
#1275=AXIS2_PLACEMENT_3D('',#2011,#1481,#1482);
#1276=AXIS2_PLACEMENT_3D('',#2013,#1484,#1485);
#1277=AXIS2_PLACEMENT_3D('',#2019,#1489,#1490);
#1278=AXIS2_PLACEMENT_3D('',#2023,#1492,#1493);
#1279=AXIS2_PLACEMENT_3D('',#2027,#1495,#1496);
#1280=AXIS2_PLACEMENT_3D('',#2030,#1498,#1499);
#1281=AXIS2_PLACEMENT_3D('',#2035,#1501,#1502);
#1282=AXIS2_PLACEMENT_3D('',#2039,#1504,#1505);
#1283=AXIS2_PLACEMENT_3D('',#2042,#1507,#1508);
#1284=AXIS2_PLACEMENT_3D('',#2043,#1509,#1510);
#1285=AXIS2_PLACEMENT_3D('',#2044,#1511,#1512);
#1286=AXIS2_PLACEMENT_3D('',#2047,#1514,#1515);
#1287=AXIS2_PLACEMENT_3D('',#2048,#1516,#1517);
#1288=AXIS2_PLACEMENT_3D('',#2052,#1520,#1521);
#1289=AXIS2_PLACEMENT_3D('',#2055,#1523,#1524);
#1290=AXIS2_PLACEMENT_3D('',#2056,#1525,#1526);
#1291=AXIS2_PLACEMENT_3D('',#2060,#1529,#1530);
#1292=AXIS2_PLACEMENT_3D('',#2063,#1532,#1533);
#1293=AXIS2_PLACEMENT_3D('',#2064,#1534,#1535);
#1294=AXIS2_PLACEMENT_3D('',#2066,#1536,#1537);
#1295=AXIS2_PLACEMENT_3D('',#2069,#1539,#1540);
#1296=AXIS2_PLACEMENT_3D('',#2070,#1541,#1542);
#1297=AXIS2_PLACEMENT_3D('',#2072,#1543,#1544);
#1298=AXIS2_PLACEMENT_3D('',#2075,#1546,#1547);
#1299=AXIS2_PLACEMENT_3D('',#2076,#1548,#1549);
#1300=AXIS2_PLACEMENT_3D('',#2077,#1550,#1551);
#1301=AXIS2_PLACEMENT_3D('',#2078,#1552,#1553);
#1302=AXIS2_PLACEMENT_3D('',#2080,#1554,#1555);
#1303=AXIS2_PLACEMENT_3D('',#2083,#1557,#1558);
#1304=AXIS2_PLACEMENT_3D('',#2084,#1559,#1560);
#1305=AXIS2_PLACEMENT_3D('',#2086,#1561,#1562);
#1306=AXIS2_PLACEMENT_3D('',#2087,#1563,#1564);
#1307=AXIS2_PLACEMENT_3D('',#2089,#1565,#1566);
#1308=AXIS2_PLACEMENT_3D('',#2091,#1568,#1569);
#1309=AXIS2_PLACEMENT_3D('',#2092,#1570,#1571);
#1310=AXIS2_PLACEMENT_3D('',#2094,#1572,#1573);
#1311=AXIS2_PLACEMENT_3D('',#2097,#1575,#1576);
#1312=AXIS2_PLACEMENT_3D('',#2098,#1577,#1578);
#1313=AXIS2_PLACEMENT_3D('',#2100,#1579,#1580);
#1314=AXIS2_PLACEMENT_3D('',#2103,#1582,#1583);
#1315=AXIS2_PLACEMENT_3D('',#2104,#1584,#1585);
#1316=AXIS2_PLACEMENT_3D('',#2105,#1586,#1587);
#1317=AXIS2_PLACEMENT_3D('',#2106,#1588,#1589);
#1318=AXIS2_PLACEMENT_3D('',#2108,#1590,#1591);
#1319=AXIS2_PLACEMENT_3D('',#2112,#1593,#1594);
#1320=AXIS2_PLACEMENT_3D('',#2116,#1596,#1597);
#1321=AXIS2_PLACEMENT_3D('',#2119,#1599,#1600);
#1322=AXIS2_PLACEMENT_3D('',#2121,#1601,#1602);
#1323=AXIS2_PLACEMENT_3D('',#2122,#1603,#1604);
#1324=AXIS2_PLACEMENT_3D('',#2125,#1607,#1608);
#1325=AXIS2_PLACEMENT_3D('',#2127,#1610,#1611);
#1326=AXIS2_PLACEMENT_3D('',#2129,#1613,#1614);
#1327=AXIS2_PLACEMENT_3D('',#2131,#1616,#1617);
#1328=AXIS2_PLACEMENT_3D('',#2132,#1618,#1619);
#1329=AXIS2_PLACEMENT_3D('',#2134,#1621,#1622);
#1330=AXIS2_PLACEMENT_3D('',#2135,#1623,#1624);
#1331=AXIS2_PLACEMENT_3D('',#2137,#1626,#1627);
#1332=AXIS2_PLACEMENT_3D('',#2139,#1628,#1629);
#1333=AXIS2_PLACEMENT_3D('',#2142,#1631,#1632);
#1334=AXIS2_PLACEMENT_3D('',#2143,#1633,#1634);
#1335=AXIS2_PLACEMENT_3D('',#2144,#1635,#1636);
#1336=AXIS2_PLACEMENT_3D('',#2146,#1637,#1638);
#1337=AXIS2_PLACEMENT_3D('',#2148,#1640,#1641);
#1338=AXIS2_PLACEMENT_3D('',#2149,#1642,#1643);
#1339=AXIS2_PLACEMENT_3D('',#2150,#1644,#1645);
#1340=AXIS2_PLACEMENT_3D('',#2153,#1646,#1647);
#1341=AXIS2_PLACEMENT_3D('',#2157,#1649,#1650);
#1342=AXIS2_PLACEMENT_3D('',#2159,#1652,#1653);
#1343=AXIS2_PLACEMENT_3D('',#2165,#1657,#1658);
#1344=AXIS2_PLACEMENT_3D('',#2169,#1660,#1661);
#1345=AXIS2_PLACEMENT_3D('',#2173,#1663,#1664);
#1346=AXIS2_PLACEMENT_3D('',#2176,#1666,#1667);
#1347=AXIS2_PLACEMENT_3D('',#2178,#1668,#1669);
#1348=AXIS2_PLACEMENT_3D('',#2180,#1670,#1671);
#1349=AXIS2_PLACEMENT_3D('',#2182,#1672,#1673);
#1350=AXIS2_PLACEMENT_3D('',#2184,#1674,#1675);
#1351=AXIS2_PLACEMENT_3D('',#2185,#1676,#1677);
#1352=AXIS2_PLACEMENT_3D('',#2188,#1679,#1680);
#1353=AXIS2_PLACEMENT_3D('',#2189,#1681,#1682);
#1354=AXIS2_PLACEMENT_3D('',#2193,#1685,#1686);
#1355=AXIS2_PLACEMENT_3D('',#2196,#1688,#1689);
#1356=AXIS2_PLACEMENT_3D('',#2197,#1690,#1691);
#1357=AXIS2_PLACEMENT_3D('',#2201,#1694,#1695);
#1358=AXIS2_PLACEMENT_3D('',#2204,#1697,#1698);
#1359=AXIS2_PLACEMENT_3D('',#2205,#1699,#1700);
#1360=AXIS2_PLACEMENT_3D('',#2208,#1702,#1703);
#1361=AXIS2_PLACEMENT_3D('',#2209,#1704,#1705);
#1362=AXIS2_PLACEMENT_3D('',#2212,#1707,#1708);
#1363=AXIS2_PLACEMENT_3D('',#2213,#1709,#1710);
#1364=AXIS2_PLACEMENT_3D('',#2216,#1712,#1713);
#1365=AXIS2_PLACEMENT_3D('',#2217,#1714,#1715);
#1366=AXIS2_PLACEMENT_3D('',#2220,#1717,#1718);
#1367=AXIS2_PLACEMENT_3D('',#2221,#1719,#1720);
#1368=AXIS2_PLACEMENT_3D('',#2223,#1722,#1723);
#1369=DIRECTION('axis',(0.,0.,1.));
#1370=DIRECTION('refdir',(1.,0.,0.));
#1371=DIRECTION('center_axis',(0.,0.,-1.));
#1372=DIRECTION('ref_axis',(-1.,0.,0.));
#1373=DIRECTION('',(0.,1.,0.));
#1374=DIRECTION('',(1.,0.,0.));
#1375=DIRECTION('',(0.,-1.,0.));
#1376=DIRECTION('',(1.,0.,0.));
#1377=DIRECTION('center_axis',(-1.,0.,0.));
#1378=DIRECTION('ref_axis',(0.,0.,1.));
#1379=DIRECTION('',(0.,0.,-1.));
#1380=DIRECTION('',(0.,1.,0.));
#1381=DIRECTION('',(0.,0.,-1.));
#1382=DIRECTION('center_axis',(0.,0.,1.));
#1383=DIRECTION('ref_axis',(1.,0.,0.));
#1384=DIRECTION('',(0.,-1.,0.));
#1385=DIRECTION('',(-1.,0.,0.));
#1386=DIRECTION('',(-1.,0.,0.));
#1387=DIRECTION('center_axis',(0.,1.,0.));
#1388=DIRECTION('ref_axis',(0.,0.,1.));
#1389=DIRECTION('',(0.,0.,1.));
#1390=DIRECTION('',(0.,0.,-1.));
#1391=DIRECTION('',(1.,0.,0.));
#1392=DIRECTION('',(0.,0.,1.));
#1393=DIRECTION('',(-1.,0.,0.));
#1394=DIRECTION('center_axis',(-1.,0.,0.));
#1395=DIRECTION('ref_axis',(0.,0.,1.));
#1396=DIRECTION('',(0.,0.,-1.));
#1397=DIRECTION('',(0.,-1.,0.));
#1398=DIRECTION('',(0.,0.,1.));
#1399=DIRECTION('',(0.,1.,0.));
#1400=DIRECTION('',(0.,0.,-1.));
#1401=DIRECTION('center_axis',(1.,0.,0.));
#1402=DIRECTION('ref_axis',(0.,-1.,0.));
#1403=DIRECTION('center_axis',(1.,0.,0.));
#1404=DIRECTION('ref_axis',(0.,-1.,0.));
#1405=DIRECTION('',(1.,0.,0.));
#1406=DIRECTION('center_axis',(-1.,0.,0.));
#1407=DIRECTION('ref_axis',(0.,-1.,0.));
#1408=DIRECTION('center_axis',(0.,1.,0.));
#1409=DIRECTION('ref_axis',(0.,0.,1.));
#1410=DIRECTION('center_axis',(0.,-1.,0.));
#1411=DIRECTION('ref_axis',(0.,0.,1.));
#1412=DIRECTION('',(-1.04972719113862E-16,-0.515038074910054,0.857167300702112));
#1413=DIRECTION('center_axis',(0.,1.,0.));
#1414=DIRECTION('ref_axis',(0.,0.,1.));
#1415=DIRECTION('center_axis',(0.,-1.,0.));
#1416=DIRECTION('ref_axis',(0.,0.,1.));
#1417=DIRECTION('',(-1.04972719113862E-16,-0.515038074910054,0.857167300702112));
#1418=DIRECTION('center_axis',(0.,1.,0.));
#1419=DIRECTION('ref_axis',(0.,0.,1.));
#1420=DIRECTION('center_axis',(0.,-1.,0.));
#1421=DIRECTION('ref_axis',(0.,0.,1.));
#1422=DIRECTION('',(-1.04972719113862E-16,-0.515038074910054,0.857167300702112));
#1423=DIRECTION('center_axis',(0.,1.,0.));
#1424=DIRECTION('ref_axis',(0.,0.,1.));
#1425=DIRECTION('center_axis',(0.,-1.,0.));
#1426=DIRECTION('ref_axis',(0.,0.,1.));
#1427=DIRECTION('',(-1.04972719113862E-16,-0.515038074910054,0.857167300702112));
#1428=DIRECTION('center_axis',(0.,1.,0.));
#1429=DIRECTION('ref_axis',(0.,0.,1.));
#1430=DIRECTION('center_axis',(0.,-1.,0.));
#1431=DIRECTION('ref_axis',(0.,0.,1.));
#1432=DIRECTION('',(-1.04972719113862E-16,-0.515038074910054,0.857167300702112));
#1433=DIRECTION('center_axis',(0.,-1.,0.));
#1434=DIRECTION('ref_axis',(0.,0.,1.));
#1435=DIRECTION('',(0.,-1.,0.));
#1436=DIRECTION('center_axis',(0.,1.,0.));
#1437=DIRECTION('ref_axis',(0.,0.,1.));
#1438=DIRECTION('center_axis',(0.,-1.,0.));
#1439=DIRECTION('ref_axis',(0.,0.,1.));
#1440=DIRECTION('',(-1.04972719113862E-16,-0.515038074910054,0.857167300702112));
#1441=DIRECTION('center_axis',(0.,-1.,0.));
#1442=DIRECTION('ref_axis',(0.,0.,1.));
#1443=DIRECTION('',(0.,-1.,0.));
#1444=DIRECTION('center_axis',(0.,1.,0.));
#1445=DIRECTION('ref_axis',(0.,0.,1.));
#1446=DIRECTION('center_axis',(0.,-1.,0.));
#1447=DIRECTION('ref_axis',(0.,0.,1.));
#1448=DIRECTION('',(-1.04972719113862E-16,-0.515038074910054,0.857167300702112));
#1449=DIRECTION('center_axis',(0.,-1.,0.));
#1450=DIRECTION('ref_axis',(0.,0.,1.));
#1451=DIRECTION('',(0.,-1.,0.));
#1452=DIRECTION('center_axis',(0.,1.,0.));
#1453=DIRECTION('ref_axis',(0.,0.,1.));
#1454=DIRECTION('center_axis',(0.,-1.,0.));
#1455=DIRECTION('ref_axis',(0.,0.,1.));
#1456=DIRECTION('',(-1.04972719113862E-16,-0.515038074910054,0.857167300702112));
#1457=DIRECTION('center_axis',(0.,-1.,0.));
#1458=DIRECTION('ref_axis',(0.,0.,1.));
#1459=DIRECTION('',(0.,-1.,0.));
#1460=DIRECTION('center_axis',(-1.,0.,0.));
#1461=DIRECTION('ref_axis',(0.,0.,1.));
#1462=DIRECTION('',(0.,0.,1.));
#1463=DIRECTION('',(0.,1.,0.));
#1464=DIRECTION('',(0.,1.,0.));
#1465=DIRECTION('center_axis',(0.,0.,-1.));
#1466=DIRECTION('ref_axis',(-1.,0.,0.));
#1467=DIRECTION('',(-1.,0.,0.));
#1468=DIRECTION('',(0.,1.,0.));
#1469=DIRECTION('center_axis',(1.,0.,0.));
#1470=DIRECTION('ref_axis',(0.,0.,-1.));
#1471=DIRECTION('',(0.,0.,-1.));
#1472=DIRECTION('',(0.,1.,0.));
#1473=DIRECTION('center_axis',(0.,0.,1.));
#1474=DIRECTION('ref_axis',(1.,0.,0.));
#1475=DIRECTION('',(1.,0.,0.));
#1476=DIRECTION('center_axis',(0.,1.,0.));
#1477=DIRECTION('ref_axis',(-0.707106781186547,0.,-0.707106781186547));
#1478=DIRECTION('center_axis',(0.,-1.,0.));
#1479=DIRECTION('ref_axis',(-0.707106781186547,0.,-0.707106781186547));
#1480=DIRECTION('',(0.,-1.,0.));
#1481=DIRECTION('center_axis',(0.,1.,0.));
#1482=DIRECTION('ref_axis',(-0.707106781186547,0.,-0.707106781186547));
#1483=DIRECTION('',(0.,1.,0.));
#1484=DIRECTION('center_axis',(0.,0.,-1.));
#1485=DIRECTION('ref_axis',(-1.,0.,0.));
#1486=DIRECTION('',(-1.,0.,0.));
#1487=DIRECTION('',(0.,1.,0.));
#1488=DIRECTION('',(1.,0.,0.));
#1489=DIRECTION('center_axis',(0.,1.,0.));
#1490=DIRECTION('ref_axis',(0.,0.,1.));
#1491=DIRECTION('',(0.,0.,1.));
#1492=DIRECTION('center_axis',(0.,-1.,0.));
#1493=DIRECTION('ref_axis',(-0.707106781186547,0.,0.707106781186547));
#1494=DIRECTION('',(1.,0.,0.));
#1495=DIRECTION('center_axis',(0.,-1.,0.));
#1496=DIRECTION('ref_axis',(0.707106781186547,0.,0.707106781186547));
#1497=DIRECTION('',(0.,0.,-1.));
#1498=DIRECTION('center_axis',(0.,-1.,0.));
#1499=DIRECTION('ref_axis',(0.707106781186547,0.,-0.707106781186547));
#1500=DIRECTION('',(-1.,0.,9.86864910777917E-17));
#1501=DIRECTION('center_axis',(0.,1.,0.));
#1502=DIRECTION('ref_axis',(-0.707106781186548,0.,0.707106781186547));
#1503=DIRECTION('',(0.,0.,-1.));
#1504=DIRECTION('center_axis',(0.,1.,0.));
#1505=DIRECTION('ref_axis',(-0.707106781186547,0.,-0.707106781186548));
#1506=DIRECTION('',(1.,0.,0.));
#1507=DIRECTION('center_axis',(0.,1.,0.));
#1508=DIRECTION('ref_axis',(0.707106781186547,0.,-0.707106781186547));
#1509=DIRECTION('center_axis',(0.,1.,0.));
#1510=DIRECTION('ref_axis',(0.707106781186547,0.,0.707106781186548));
#1511=DIRECTION('center_axis',(0.,1.,0.));
#1512=DIRECTION('ref_axis',(0.707106781186547,0.,-0.707106781186547));
#1513=DIRECTION('',(0.,-1.,0.));
#1514=DIRECTION('center_axis',(0.,1.,0.));
#1515=DIRECTION('ref_axis',(0.707106781186547,0.,-0.707106781186547));
#1516=DIRECTION('center_axis',(1.,0.,0.));
#1517=DIRECTION('ref_axis',(0.,0.,-1.));
#1518=DIRECTION('',(0.,1.,0.));
#1519=DIRECTION('',(0.,0.,1.));
#1520=DIRECTION('center_axis',(0.,1.,0.));
#1521=DIRECTION('ref_axis',(0.707106781186547,0.,0.707106781186547));
#1522=DIRECTION('',(0.,-1.,0.));
#1523=DIRECTION('center_axis',(0.,1.,0.));
#1524=DIRECTION('ref_axis',(0.707106781186547,0.,0.707106781186547));
#1525=DIRECTION('center_axis',(0.,0.,1.));
#1526=DIRECTION('ref_axis',(1.,0.,0.));
#1527=DIRECTION('',(0.,1.,0.));
#1528=DIRECTION('',(-1.,0.,0.));
#1529=DIRECTION('center_axis',(0.,1.,0.));
#1530=DIRECTION('ref_axis',(-0.707106781186547,0.,0.707106781186547));
#1531=DIRECTION('',(0.,-1.,0.));
#1532=DIRECTION('center_axis',(0.,1.,0.));
#1533=DIRECTION('ref_axis',(-0.707106781186547,0.,0.707106781186547));
#1534=DIRECTION('center_axis',(0.,1.,0.));
#1535=DIRECTION('ref_axis',(1.,0.,0.));
#1536=DIRECTION('center_axis',(0.,1.,0.));
#1537=DIRECTION('ref_axis',(1.,0.,0.));
#1538=DIRECTION('',(0.,-1.,0.));
#1539=DIRECTION('center_axis',(0.,-1.,0.));
#1540=DIRECTION('ref_axis',(1.,0.,0.));
#1541=DIRECTION('center_axis',(0.,1.,0.));
#1542=DIRECTION('ref_axis',(1.,0.,0.));
#1543=DIRECTION('center_axis',(0.,1.,0.));
#1544=DIRECTION('ref_axis',(1.,0.,0.));
#1545=DIRECTION('',(0.,-1.,0.));
#1546=DIRECTION('center_axis',(0.,-1.,0.));
#1547=DIRECTION('ref_axis',(1.,0.,0.));
#1548=DIRECTION('center_axis',(0.,1.,0.));
#1549=DIRECTION('ref_axis',(1.,0.,0.));
#1550=DIRECTION('center_axis',(0.,1.,0.));
#1551=DIRECTION('ref_axis',(1.,0.,0.));
#1552=DIRECTION('center_axis',(0.,1.,0.));
#1553=DIRECTION('ref_axis',(1.,0.,0.));
#1554=DIRECTION('center_axis',(0.,1.,0.));
#1555=DIRECTION('ref_axis',(1.,0.,0.));
#1556=DIRECTION('',(0.,-1.,0.));
#1557=DIRECTION('center_axis',(0.,-1.,0.));
#1558=DIRECTION('ref_axis',(1.,0.,0.));
#1559=DIRECTION('center_axis',(0.,1.,0.));
#1560=DIRECTION('ref_axis',(1.,0.,0.));
#1561=DIRECTION('center_axis',(0.,1.,0.));
#1562=DIRECTION('ref_axis',(1.,0.,0.));
#1563=DIRECTION('center_axis',(0.,1.,0.));
#1564=DIRECTION('ref_axis',(1.,0.,0.));
#1565=DIRECTION('center_axis',(0.,1.,0.));
#1566=DIRECTION('ref_axis',(1.,0.,0.));
#1567=DIRECTION('',(0.,-1.,0.));
#1568=DIRECTION('center_axis',(0.,1.,0.));
#1569=DIRECTION('ref_axis',(1.,0.,0.));
#1570=DIRECTION('center_axis',(0.,1.,0.));
#1571=DIRECTION('ref_axis',(1.,0.,0.));
#1572=DIRECTION('center_axis',(0.,1.,0.));
#1573=DIRECTION('ref_axis',(1.,0.,0.));
#1574=DIRECTION('',(0.,-1.,0.));
#1575=DIRECTION('center_axis',(0.,-1.,0.));
#1576=DIRECTION('ref_axis',(1.,0.,0.));
#1577=DIRECTION('center_axis',(0.,1.,0.));
#1578=DIRECTION('ref_axis',(1.,0.,0.));
#1579=DIRECTION('center_axis',(0.,1.,0.));
#1580=DIRECTION('ref_axis',(1.,0.,0.));
#1581=DIRECTION('',(0.,-1.,0.));
#1582=DIRECTION('center_axis',(0.,-1.,0.));
#1583=DIRECTION('ref_axis',(1.,0.,0.));
#1584=DIRECTION('center_axis',(0.,1.,0.));
#1585=DIRECTION('ref_axis',(1.,0.,0.));
#1586=DIRECTION('center_axis',(0.,1.,0.));
#1587=DIRECTION('ref_axis',(1.,0.,0.));
#1588=DIRECTION('center_axis',(0.,1.,0.));
#1589=DIRECTION('ref_axis',(0.,0.,1.));
#1590=DIRECTION('center_axis',(0.,1.,0.));
#1591=DIRECTION('ref_axis',(0.707106781186547,0.,-0.707106781186547));
#1592=DIRECTION('',(-1.,0.,0.));
#1593=DIRECTION('center_axis',(0.,1.,0.));
#1594=DIRECTION('ref_axis',(-0.707106781186547,0.,-0.707106781186548));
#1595=DIRECTION('',(0.,0.,1.));
#1596=DIRECTION('center_axis',(0.,1.,0.));
#1597=DIRECTION('ref_axis',(-0.707106781186548,0.,0.707106781186547));
#1598=DIRECTION('',(1.,0.,-9.86864910777917E-17));
#1599=DIRECTION('center_axis',(0.,1.,0.));
#1600=DIRECTION('ref_axis',(0.707106781186547,0.,0.707106781186548));
#1601=DIRECTION('center_axis',(0.,1.,0.));
#1602=DIRECTION('ref_axis',(1.,0.,0.));
#1603=DIRECTION('center_axis',(0.,1.,0.));
#1604=DIRECTION('ref_axis',(-0.707106781186548,0.,0.707106781186547));
#1605=DIRECTION('',(0.,1.,0.));
#1606=DIRECTION('',(0.,-1.,0.));
#1607=DIRECTION('center_axis',(1.,0.,0.));
#1608=DIRECTION('ref_axis',(0.,0.,-1.));
#1609=DIRECTION('',(0.,-1.,0.));
#1610=DIRECTION('center_axis',(0.,1.,0.));
#1611=DIRECTION('ref_axis',(-0.707106781186547,0.,-0.707106781186548));
#1612=DIRECTION('',(0.,1.,0.));
#1613=DIRECTION('center_axis',(0.,0.,1.));
#1614=DIRECTION('ref_axis',(1.,0.,0.));
#1615=DIRECTION('',(0.,-1.,0.));
#1616=DIRECTION('center_axis',(0.,1.,0.));
#1617=DIRECTION('ref_axis',(0.707106781186547,0.,-0.707106781186547));
#1618=DIRECTION('center_axis',(0.,1.,0.));
#1619=DIRECTION('ref_axis',(0.707106781186547,0.,0.707106781186548));
#1620=DIRECTION('',(0.,1.,0.));
#1621=DIRECTION('center_axis',(-9.86864910777917E-17,0.,-1.));
#1622=DIRECTION('ref_axis',(-1.,0.,9.86864910777917E-17));
#1623=DIRECTION('center_axis',(-1.,0.,0.));
#1624=DIRECTION('ref_axis',(0.,0.,1.));
#1625=DIRECTION('',(0.,0.,-1.));
#1626=DIRECTION('center_axis',(0.,1.,0.));
#1627=DIRECTION('ref_axis',(1.,0.,0.));
#1628=DIRECTION('center_axis',(0.,1.,0.));
#1629=DIRECTION('ref_axis',(1.,0.,0.));
#1630=DIRECTION('',(0.,-1.,0.));
#1631=DIRECTION('center_axis',(0.,-1.,0.));
#1632=DIRECTION('ref_axis',(1.,0.,0.));
#1633=DIRECTION('center_axis',(0.,1.,0.));
#1634=DIRECTION('ref_axis',(1.,0.,0.));
#1635=DIRECTION('center_axis',(0.,1.,0.));
#1636=DIRECTION('ref_axis',(1.,0.,0.));
#1637=DIRECTION('center_axis',(0.,1.,0.));
#1638=DIRECTION('ref_axis',(1.,0.,0.));
#1639=DIRECTION('',(0.,-1.,0.));
#1640=DIRECTION('center_axis',(0.,1.,0.));
#1641=DIRECTION('ref_axis',(1.,0.,0.));
#1642=DIRECTION('center_axis',(0.,1.,0.));
#1643=DIRECTION('ref_axis',(1.,0.,0.));
#1644=DIRECTION('center_axis',(0.,1.,0.));
#1645=DIRECTION('ref_axis',(-0.707106781186547,0.,-0.707106781186547));
#1646=DIRECTION('center_axis',(0.,-1.,0.));
#1647=DIRECTION('ref_axis',(-0.707106781186547,0.,-0.707106781186547));
#1648=DIRECTION('',(0.,-1.,0.));
#1649=DIRECTION('center_axis',(0.,1.,0.));
#1650=DIRECTION('ref_axis',(-0.707106781186547,0.,-0.707106781186547));
#1651=DIRECTION('',(0.,1.,0.));
#1652=DIRECTION('center_axis',(0.,0.,-1.));
#1653=DIRECTION('ref_axis',(-1.,0.,0.));
#1654=DIRECTION('',(-1.,0.,0.));
#1655=DIRECTION('',(0.,1.,0.));
#1656=DIRECTION('',(1.,0.,0.));
#1657=DIRECTION('center_axis',(0.,1.,0.));
#1658=DIRECTION('ref_axis',(0.,0.,1.));
#1659=DIRECTION('',(0.,0.,1.));
#1660=DIRECTION('center_axis',(0.,-1.,0.));
#1661=DIRECTION('ref_axis',(-0.707106781186547,0.,0.707106781186547));
#1662=DIRECTION('',(1.,0.,4.44089209850063E-17));
#1663=DIRECTION('center_axis',(0.,-1.,0.));
#1664=DIRECTION('ref_axis',(0.707106781186547,0.,0.707106781186547));
#1665=DIRECTION('',(0.,0.,-1.));
#1666=DIRECTION('center_axis',(0.,-1.,0.));
#1667=DIRECTION('ref_axis',(0.707106781186547,0.,-0.707106781186547));
#1668=DIRECTION('center_axis',(0.,-1.,0.));
#1669=DIRECTION('ref_axis',(0.,0.,1.));
#1670=DIRECTION('center_axis',(0.,-1.,0.));
#1671=DIRECTION('ref_axis',(0.,0.,1.));
#1672=DIRECTION('center_axis',(0.,-1.,0.));
#1673=DIRECTION('ref_axis',(0.,0.,1.));
#1674=DIRECTION('center_axis',(0.,-1.,0.));
#1675=DIRECTION('ref_axis',(0.,0.,1.));
#1676=DIRECTION('center_axis',(0.,1.,0.));
#1677=DIRECTION('ref_axis',(0.707106781186547,0.,-0.707106781186547));
#1678=DIRECTION('',(0.,-1.,0.));
#1679=DIRECTION('center_axis',(0.,1.,0.));
#1680=DIRECTION('ref_axis',(0.707106781186547,0.,-0.707106781186547));
#1681=DIRECTION('center_axis',(1.,0.,0.));
#1682=DIRECTION('ref_axis',(0.,0.,-1.));
#1683=DIRECTION('',(0.,1.,0.));
#1684=DIRECTION('',(0.,0.,1.));
#1685=DIRECTION('center_axis',(0.,1.,0.));
#1686=DIRECTION('ref_axis',(0.707106781186547,0.,0.707106781186547));
#1687=DIRECTION('',(0.,-1.,0.));
#1688=DIRECTION('center_axis',(0.,1.,0.));
#1689=DIRECTION('ref_axis',(0.707106781186547,0.,0.707106781186547));
#1690=DIRECTION('center_axis',(-4.44089209850063E-17,0.,1.));
#1691=DIRECTION('ref_axis',(1.,0.,4.44089209850063E-17));
#1692=DIRECTION('',(0.,1.,0.));
#1693=DIRECTION('',(-1.,0.,-4.44089209850063E-17));
#1694=DIRECTION('center_axis',(0.,1.,0.));
#1695=DIRECTION('ref_axis',(-0.707106781186547,0.,0.707106781186547));
#1696=DIRECTION('',(0.,-1.,0.));
#1697=DIRECTION('center_axis',(0.,1.,0.));
#1698=DIRECTION('ref_axis',(-0.707106781186547,0.,0.707106781186547));
#1699=DIRECTION('center_axis',(0.,-1.,0.));
#1700=DIRECTION('ref_axis',(0.,0.,1.));
#1701=DIRECTION('',(0.,-1.,0.));
#1702=DIRECTION('center_axis',(0.,1.,0.));
#1703=DIRECTION('ref_axis',(0.,0.,1.));
#1704=DIRECTION('center_axis',(0.,-1.,0.));
#1705=DIRECTION('ref_axis',(0.,0.,1.));
#1706=DIRECTION('',(0.,-1.,0.));
#1707=DIRECTION('center_axis',(0.,1.,0.));
#1708=DIRECTION('ref_axis',(0.,0.,1.));
#1709=DIRECTION('center_axis',(0.,-1.,0.));
#1710=DIRECTION('ref_axis',(0.,0.,1.));
#1711=DIRECTION('',(0.,-1.,0.));
#1712=DIRECTION('center_axis',(0.,1.,0.));
#1713=DIRECTION('ref_axis',(0.,0.,1.));
#1714=DIRECTION('center_axis',(0.,-1.,0.));
#1715=DIRECTION('ref_axis',(0.,0.,1.));
#1716=DIRECTION('',(0.,-1.,0.));
#1717=DIRECTION('center_axis',(0.,1.,0.));
#1718=DIRECTION('ref_axis',(0.,0.,1.));
#1719=DIRECTION('center_axis',(-1.,0.,0.));
#1720=DIRECTION('ref_axis',(0.,0.,1.));
#1721=DIRECTION('',(0.,0.,-1.));
#1722=DIRECTION('center_axis',(0.,1.,0.));
#1723=DIRECTION('ref_axis',(-1.,0.,0.));
#1724=CARTESIAN_POINT('',(0.,0.,0.));
#1725=CARTESIAN_POINT('Origin',(32.5473703665318,0.,-15.0776322004199));
#1726=CARTESIAN_POINT('',(37.1425465937236,5.,-15.0776322004199));
#1727=CARTESIAN_POINT('',(37.1425465937236,22.,-15.0776322004199));
#1728=CARTESIAN_POINT('',(37.1425465937236,0.,-15.0776322004199));
#1729=CARTESIAN_POINT('',(-52.4526296334682,5.,-15.0776322004199));
#1730=CARTESIAN_POINT('',(12.3449584801277,5.,-15.0776322004199));
#1731=CARTESIAN_POINT('',(-52.4526296334682,22.,-15.0776322004199));
#1732=CARTESIAN_POINT('',(-52.4526296334682,0.,-15.0776322004199));
#1733=CARTESIAN_POINT('',(12.5473703665318,22.,-15.0776322004199));
#1734=CARTESIAN_POINT('Origin',(-52.4526296334682,0.,-10.0776322004199));
#1735=CARTESIAN_POINT('',(-52.4526296334682,5.,16.9223677995801));
#1736=CARTESIAN_POINT('',(-52.4526296334682,5.,-4.77351219596905));
#1737=CARTESIAN_POINT('',(-52.4526296334682,22.,16.9223677995801));
#1738=CARTESIAN_POINT('',(-52.4526296334682,0.,16.9223677995801));
#1739=CARTESIAN_POINT('',(-52.4526296334682,22.,-4.57763220041987));
#1740=CARTESIAN_POINT('Origin',(-47.4526296334682,0.,16.9223677995801));
#1741=CARTESIAN_POINT('',(37.1425465937236,22.,16.9223677995801));
#1742=CARTESIAN_POINT('',(37.1425465937236,5.,16.9223677995801));
#1743=CARTESIAN_POINT('',(37.1425465937236,0.,16.9223677995801));
#1744=CARTESIAN_POINT('',(-27.4526296334682,22.,16.9223677995801));
#1745=CARTESIAN_POINT('',(-27.6550415198723,5.,16.9223677995801));
#1746=CARTESIAN_POINT('Origin',(-7.45262963346825,22.,0.92236779958013));
#1747=CARTESIAN_POINT('',(37.1425465937236,22.,-15.5897023067833));
#1748=CARTESIAN_POINT('',(-47.4526296334682,22.,11.9223677995801));
#1749=CARTESIAN_POINT('',(-47.4526296334682,22.,-10.0776322004199));
#1750=CARTESIAN_POINT('',(-47.4526296334682,22.,-10.0776322004199));
#1751=CARTESIAN_POINT('',(32.5473703665318,22.,-10.0776322004199));
#1752=CARTESIAN_POINT('',(32.5473703665318,22.,-10.0776322004199));
#1753=CARTESIAN_POINT('',(32.5473703665318,22.,11.9223677995801));
#1754=CARTESIAN_POINT('',(32.5473703665318,22.,11.9223677995801));
#1755=CARTESIAN_POINT('',(-47.4526296334682,22.,11.9223677995801));
#1756=CARTESIAN_POINT('Origin',(37.1425465937236,0.,-32.1017724131468));
#1757=CARTESIAN_POINT('',(37.1425465937236,5.,18.1629880301103));
#1758=CARTESIAN_POINT('',(37.1425465937236,5.,-32.1017724131468));
#1759=CARTESIAN_POINT('',(37.1425465937236,40.,18.1629880301103));
#1760=CARTESIAN_POINT('',(37.1425465937236,0.,18.1629880301103));
#1761=CARTESIAN_POINT('',(37.1425465937236,40.,-17.1017724131468));
#1762=CARTESIAN_POINT('',(37.1425465937236,40.,-32.1017724131468));
#1763=CARTESIAN_POINT('',(37.1425465937236,5.,-17.1017724131468));
#1764=CARTESIAN_POINT('',(37.1425465937236,0.,-17.1017724131468));
#1765=CARTESIAN_POINT('',(37.1425465937236,5.,-32.1017724131468));
#1766=CARTESIAN_POINT('Origin',(-55.3574534062764,27.6980426891745,-4.94214187726073));
#1767=CARTESIAN_POINT('',(-57.8574534062764,30.9480426891745,-4.94214187726073));
#1768=CARTESIAN_POINT('Origin',(-57.8574534062764,27.6980426891745,-4.94214187726073));
#1769=CARTESIAN_POINT('',(-52.8574534062764,30.9480426891745,-4.94214187726073));
#1770=CARTESIAN_POINT('',(-55.3574534062764,30.9480426891745,-4.94214187726073));
#1771=CARTESIAN_POINT('Origin',(-52.8574534062764,27.6980426891745,-4.94214187726073));
#1772=CARTESIAN_POINT('Origin',(-52.5645971298218,39.519311504778,31.9532680511475));
#1773=CARTESIAN_POINT('',(-52.5645971298218,40.,30.3532680511475));
#1774=CARTESIAN_POINT('Origin',(-52.5645971298218,40.,31.9532680511475));
#1775=CARTESIAN_POINT('',(-52.5645971298218,39.8763448073748,30.5590648511196));
#1776=CARTESIAN_POINT('',(-52.5645971298218,39.519311504778,31.1532680511475));
#1777=CARTESIAN_POINT('',(-52.5490188598243,39.8764491766012,30.5589781761169));
#1778=CARTESIAN_POINT('Ctrl Pts',(-52.5490188597853,39.8764491766012,30.5589781761169));
#1779=CARTESIAN_POINT('Ctrl Pts',(-52.5542216735969,39.8764142504225,30.5589781761167));
#1780=CARTESIAN_POINT('Ctrl Pts',(-52.5594146596057,39.876379459401,30.5590071804634));
#1781=CARTESIAN_POINT('Ctrl Pts',(-52.5645971298218,39.8763448073748,30.5590648511196));
#1782=CARTESIAN_POINT('',(-52.5645971298218,39.8832067858226,33.3588915011143));
#1783=CARTESIAN_POINT('Ctrl Pts',(-52.5645971298218,39.8832067858226,33.3588915011143));
#1784=CARTESIAN_POINT('Ctrl Pts',(-52.3873816837972,39.8843917177219,33.3608635589622));
#1785=CARTESIAN_POINT('Ctrl Pts',(-52.1980554924432,39.8855677458315,33.3272641964657));
#1786=CARTESIAN_POINT('Ctrl Pts',(-51.8493420435248,39.887537543501,33.1861025672969));
#1787=CARTESIAN_POINT('Ctrl Pts',(-51.6899548018333,39.8883315385856,33.0785402645602));
#1788=CARTESIAN_POINT('Ctrl Pts',(-51.4375851424051,39.8893951001581,32.8286719738501));
#1789=CARTESIAN_POINT('Ctrl Pts',(-51.3281493448174,39.8897330930479,32.6696918857908));
#1790=CARTESIAN_POINT('Ctrl Pts',(-51.1835092053343,39.8898441615117,32.320944656989));
#1791=CARTESIAN_POINT('Ctrl Pts',(-51.14830486637,39.8896172556975,32.1311775150367));
#1792=CARTESIAN_POINT('Ctrl Pts',(-51.1497538640597,39.8887466100487,31.7759173582078));
#1793=CARTESIAN_POINT('Ctrl Pts',(-51.1862789077282,39.8880469288448,31.5870005392218));
#1794=CARTESIAN_POINT('Ctrl Pts',(-51.3329128199655,39.8862326206298,31.2402893427398));
#1795=CARTESIAN_POINT('Ctrl Pts',(-51.4430216520446,39.8851177683227,31.0824949509903));
#1796=CARTESIAN_POINT('Ctrl Pts',(-51.695459834819,39.8828357210463,30.8354260167651));
#1797=CARTESIAN_POINT('Ctrl Pts',(-51.8541236706841,39.8815188811968,30.7293436232725));
#1798=CARTESIAN_POINT('Ctrl Pts',(-52.1956523446485,39.8789005424424,30.5922349273121));
#1799=CARTESIAN_POINT('Ctrl Pts',(-52.3776661959491,39.8775994568097,30.5589781761265));
#1800=CARTESIAN_POINT('Ctrl Pts',(-52.5490188597853,39.8764491766012,30.5589781761169));
#1801=CARTESIAN_POINT('Ctrl Pts',(-52.5645971298218,39.8763448073748,30.5590648511196));
#1802=CARTESIAN_POINT('Ctrl Pts',(-52.7389344176625,39.8751791199688,30.5610048807524));
#1803=CARTESIAN_POINT('Ctrl Pts',(-52.9246054584567,39.8740200486147,30.5976359824385));
#1804=CARTESIAN_POINT('Ctrl Pts',(-53.2657509828828,39.8720777244118,30.7421737854419));
#1805=CARTESIAN_POINT('Ctrl Pts',(-53.4212254516684,39.8712946961718,30.8500805248188));
#1806=CARTESIAN_POINT('Ctrl Pts',(-53.6660791358044,39.8702524714771,31.0973891361287));
#1807=CARTESIAN_POINT('Ctrl Pts',(-53.7721386478489,39.8699213490984,31.2532554098406));
#1808=CARTESIAN_POINT('Ctrl Pts',(-53.9132485293782,39.8698125585664,31.5943632457892));
#1809=CARTESIAN_POINT('Ctrl Pts',(-53.9482988956541,39.8700349091234,31.7796048093592));
#1810=CARTESIAN_POINT('Ctrl Pts',(-53.9497178206656,39.8708874852842,32.1274918527361));
#1811=CARTESIAN_POINT('Ctrl Pts',(-53.915962020419,39.8715766158539,32.3135737390857));
#1812=CARTESIAN_POINT('Ctrl Pts',(-53.7768133421097,39.8733634505613,32.656683218976));
#1813=CARTESIAN_POINT('Ctrl Pts',(-53.6714205016825,39.8744609298704,32.8137108289508));
#1814=CARTESIAN_POINT('Ctrl Pts',(-53.4266635237696,39.8767216403025,33.0637906135045));
#1815=CARTESIAN_POINT('Ctrl Pts',(-53.2704900093231,39.8780380157538,33.1731836245768));
#1816=CARTESIAN_POINT('Ctrl Pts',(-52.9273015103399,39.8806932326985,33.3197565294558));
#1817=CARTESIAN_POINT('Ctrl Pts',(-52.7402865264949,39.8820320576872,33.3569364251811));
#1818=CARTESIAN_POINT('Ctrl Pts',(-52.5645971298218,39.8832067858226,33.3588915011143));
#1819=CARTESIAN_POINT('Origin',(36.8876361846924,39.519311504778,31.5417098999023));
#1820=CARTESIAN_POINT('',(36.8876361846924,40.,29.9417098999023));
#1821=CARTESIAN_POINT('Origin',(36.8876361846924,40.,31.5417098999023));
#1822=CARTESIAN_POINT('',(36.8876361846924,39.8739090629808,30.1515604592938));
#1823=CARTESIAN_POINT('',(36.8876361846924,39.519311504778,30.7417098999023));
#1824=CARTESIAN_POINT('',(36.8876361846924,39.8857305757472,32.9515336416584));
#1825=CARTESIAN_POINT('Ctrl Pts',(36.8876361846924,39.8857305757472,32.9515336416584));
#1826=CARTESIAN_POINT('Ctrl Pts',(37.0642860855861,39.8852660214501,32.9507604934733));
#1827=CARTESIAN_POINT('Ctrl Pts',(37.2524952542645,39.8846219520323,32.914461796494));
#1828=CARTESIAN_POINT('Ctrl Pts',(37.5981061845305,39.8831052841671,32.7687798800751));
#1829=CARTESIAN_POINT('Ctrl Pts',(37.7555079529098,39.8822325811474,32.6593966778363));
#1830=CARTESIAN_POINT('Ctrl Pts',(38.0025311802839,39.8805262287415,32.4083578319141));
#1831=CARTESIAN_POINT('Ctrl Pts',(38.1089010373635,39.8795795376424,32.2503076550266));
#1832=CARTESIAN_POINT('Ctrl Pts',(38.2489893192901,39.8777496893708,31.9047539640539));
#1833=CARTESIAN_POINT('Ctrl Pts',(38.2827077386854,39.8768665670759,31.7172504475739));
#1834=CARTESIAN_POINT('Ctrl Pts',(38.2802475733921,39.8753883506348,31.367134185846));
#1835=CARTESIAN_POINT('Ctrl Pts',(38.2442852855066,39.8746933168926,31.1810835796002));
#1836=CARTESIAN_POINT('Ctrl Pts',(38.1008012999489,39.8736191229516,30.8389961930184));
#1837=CARTESIAN_POINT('Ctrl Pts',(37.9932795846507,39.8732400670553,30.6829594197479));
#1838=CARTESIAN_POINT('Ctrl Pts',(37.7461043759403,39.8728472542964,30.4367092880142));
#1839=CARTESIAN_POINT('Ctrl Pts',(37.5899195909594,39.8728066216986,30.3298832461837));
#1840=CARTESIAN_POINT('Ctrl Pts',(37.2478461872884,39.8731083284778,30.1876903133056));
#1841=CARTESIAN_POINT('Ctrl Pts',(37.0619575710813,39.8734506322163,30.1523234162092));
#1842=CARTESIAN_POINT('Ctrl Pts',(36.8876361846924,39.8739090629808,30.1515604592938));
#1843=CARTESIAN_POINT('',(36.881508827205,39.8739252335758,30.1515470504761));
#1844=CARTESIAN_POINT('Ctrl Pts',(36.8815088272005,39.8739252335757,30.1515470504761));
#1845=CARTESIAN_POINT('Ctrl Pts',(36.7083569205703,39.8743838022052,30.1515470504761));
#1846=CARTESIAN_POINT('Ctrl Pts',(36.523913194878,39.8750166143616,30.1855846278866));
#1847=CARTESIAN_POINT('Ctrl Pts',(36.1816931781589,39.8765117789775,30.3248494332249));
#1848=CARTESIAN_POINT('Ctrl Pts',(36.0242573958557,39.8773768466916,30.4309588243501));
#1849=CARTESIAN_POINT('Ctrl Pts',(35.7741029833533,39.8790771838716,30.6771107110452));
#1850=CARTESIAN_POINT('Ctrl Pts',(35.6649876523548,39.8800264816378,30.8339024118941));
#1851=CARTESIAN_POINT('Ctrl Pts',(35.519326294493,39.8818606724443,31.1781888528752));
#1852=CARTESIAN_POINT('Ctrl Pts',(35.4827802739042,39.8827456017566,31.3656835954686));
#1853=CARTESIAN_POINT('Ctrl Pts',(35.4802997313725,39.8842360620777,31.7186998259582));
#1854=CARTESIAN_POINT('Ctrl Pts',(35.5145841719856,39.8849395244931,31.9076542549077));
#1855=CARTESIAN_POINT('Ctrl Pts',(35.6568277574743,39.8860264482302,32.2554303018317));
#1856=CARTESIAN_POINT('Ctrl Pts',(35.7647869190766,39.8864100138311,32.4142519126389));
#1857=CARTESIAN_POINT('Ctrl Pts',(36.0148084470788,39.8868088418222,32.6652116102889));
#1858=CARTESIAN_POINT('Ctrl Pts',(36.1734777190989,39.8868499933463,32.773873850564));
#1859=CARTESIAN_POINT('Ctrl Pts',(36.5212666470307,39.8865439441335,32.9174227504889));
#1860=CARTESIAN_POINT('Ctrl Pts',(36.7103863005722,39.8861967078815,32.9523094158055));
#1861=CARTESIAN_POINT('Ctrl Pts',(36.8876361846924,39.8857305757472,32.9515336416584));
#1862=CARTESIAN_POINT('Ctrl Pts',(36.8876361846924,39.8739090629808,30.1515604592938));
#1863=CARTESIAN_POINT('Ctrl Pts',(36.8855953339548,39.8739144300146,30.1515515270496));
#1864=CARTESIAN_POINT('Ctrl Pts',(36.8835528673336,39.8739198202211,30.1515470504761));
#1865=CARTESIAN_POINT('Ctrl Pts',(36.8815088272005,39.8739252335758,30.1515470504761));
#1866=CARTESIAN_POINT('Origin',(37.154655456543,39.519311504778,-32.103705406189));
#1867=CARTESIAN_POINT('',(37.154655456543,40.,-33.703705406189));
#1868=CARTESIAN_POINT('Origin',(37.154655456543,40.,-32.103705406189));
#1869=CARTESIAN_POINT('',(37.154655456543,39.8786349515947,-33.5017200462536));
#1870=CARTESIAN_POINT('',(37.154655456543,39.519311504778,-32.903705406189));
#1871=CARTESIAN_POINT('',(37.154655456543,39.8809578703865,-30.70182478004));
#1872=CARTESIAN_POINT('Ctrl Pts',(37.154655456543,39.8809578703865,-30.70182478004));
#1873=CARTESIAN_POINT('Ctrl Pts',(37.3300716561393,39.8800462059635,-30.7033420444341));
#1874=CARTESIAN_POINT('Ctrl Pts',(37.5169023994421,39.8790445979752,-30.7399461047062));
#1875=CARTESIAN_POINT('Ctrl Pts',(37.8600339098888,39.877136872246,-30.8852506851123));
#1876=CARTESIAN_POINT('Ctrl Pts',(38.016334673574,39.8762308094594,-30.9939512141354));
#1877=CARTESIAN_POINT('Ctrl Pts',(38.2619699987681,39.8747398582117,-31.2430969995298));
#1878=CARTESIAN_POINT('Ctrl Pts',(38.3680322750416,39.8740539188285,-31.399960963291));
#1879=CARTESIAN_POINT('Ctrl Pts',(38.5084403468205,39.873031965468,-31.7430403104359));
#1880=CARTESIAN_POINT('Ctrl Pts',(38.5427861238339,39.8726960615954,-31.9292557017157));
#1881=CARTESIAN_POINT('Ctrl Pts',(38.5423046566317,39.8724067669143,-32.277965410365));
#1882=CARTESIAN_POINT('Ctrl Pts',(38.5075196592399,39.8724335463543,-32.4638959565884));
#1883=CARTESIAN_POINT('Ctrl Pts',(38.3664464530611,39.8728864970442,-32.806296411754));
#1884=CARTESIAN_POINT('Ctrl Pts',(38.2601582537275,39.8733126124645,-32.962766324665));
#1885=CARTESIAN_POINT('Ctrl Pts',(38.0144912451265,39.8743910804898,-33.2109729549497));
#1886=CARTESIAN_POINT('Ctrl Pts',(37.8584280382236,39.8751169898915,-33.3191705901219));
#1887=CARTESIAN_POINT('Ctrl Pts',(37.5159894123144,39.8767843372941,-33.4637874736816));
#1888=CARTESIAN_POINT('Ctrl Pts',(37.3296140004977,39.877725665677,-33.5002067403572));
#1889=CARTESIAN_POINT('Ctrl Pts',(37.154655456543,39.8786349515947,-33.5017200462536));
#1890=CARTESIAN_POINT('',(37.1425465937176,39.8786979243268,-33.5017724131468));
#1891=CARTESIAN_POINT('Ctrl Pts',(37.1425465937116,39.8786979243267,-33.5017724131468));
#1892=CARTESIAN_POINT('Ctrl Pts',(36.9699072314106,39.8795963303354,-33.5017724131468));
#1893=CARTESIAN_POINT('Ctrl Pts',(36.7863767586171,39.8805778964695,-33.4679874171198));
#1894=CARTESIAN_POINT('Ctrl Pts',(36.443627843052,39.8824705236912,-33.3291661669611));
#1895=CARTESIAN_POINT('Ctrl Pts',(36.2850793200209,39.8833795214232,-33.2223882137982));
#1896=CARTESIAN_POINT('Ctrl Pts',(36.0335097012763,39.8848849852128,-32.9743606431963));
#1897=CARTESIAN_POINT('Ctrl Pts',(35.9240756291582,39.8855801219162,-32.81638575985));
#1898=CARTESIAN_POINT('Ctrl Pts',(35.7787170134428,39.8866155078439,-32.4696210270167));
#1899=CARTESIAN_POINT('Ctrl Pts',(35.7427924876008,39.8869558670566,-32.2808311704155));
#1900=CARTESIAN_POINT('Ctrl Pts',(35.7423031074778,39.8872499163002,-31.9263904123627));
#1901=CARTESIAN_POINT('Ctrl Pts',(35.7777815351887,39.8872226562608,-31.737313079412));
#1902=CARTESIAN_POINT('Ctrl Pts',(35.9224664466748,39.8867629025708,-31.3898604061392));
#1903=CARTESIAN_POINT('Ctrl Pts',(36.0316729215503,39.8863303532807,-31.2314850621847));
#1904=CARTESIAN_POINT('Ctrl Pts',(36.2832182725585,39.8852373727075,-30.9825109207374));
#1905=CARTESIAN_POINT('Ctrl Pts',(36.4420107621512,39.8845057649172,-30.8752317478305));
#1906=CARTESIAN_POINT('Ctrl Pts',(36.7894279231146,39.8828249848568,-30.7341249222121));
#1907=CARTESIAN_POINT('Ctrl Pts',(36.9780525866511,39.8818757021139,-30.7002972515279));
#1908=CARTESIAN_POINT('Ctrl Pts',(37.154655456543,39.8809578703865,-30.70182478004));
#1909=CARTESIAN_POINT('Ctrl Pts',(37.154655456543,39.8786349515947,-33.5017200462536));
#1910=CARTESIAN_POINT('Ctrl Pts',(37.1506253549092,39.8786558966402,-33.501754904663));
#1911=CARTESIAN_POINT('Ctrl Pts',(37.1465889596786,39.8786768880704,-33.5017724131468));
#1912=CARTESIAN_POINT('Ctrl Pts',(37.1425465937116,39.8786979243268,-33.5017724131468));
#1913=CARTESIAN_POINT('Origin',(-52.1428108215332,39.519311504778,-32.1164860311131));
#1914=CARTESIAN_POINT('',(-52.1428108215332,40.,-33.7164860311131));
#1915=CARTESIAN_POINT('Origin',(-52.1428108215332,40.,-32.1164860311131));
#1916=CARTESIAN_POINT('',(-52.1428108215332,39.8754101289709,-33.5091336650507));
#1917=CARTESIAN_POINT('',(-52.1428108215332,39.519311504778,-32.9164860311131));
#1918=CARTESIAN_POINT('',(-52.1415901184082,39.8754107701962,-33.5091341972351));
#1919=CARTESIAN_POINT('Ctrl Pts',(-52.1415901184082,39.8754107701962,-33.5091341972351));
#1920=CARTESIAN_POINT('Ctrl Pts',(-52.1419970827387,39.8754105558585,-33.5091341972351));
#1921=CARTESIAN_POINT('Ctrl Pts',(-52.1424039838923,39.8754103421169,-33.5091340197851));
#1922=CARTESIAN_POINT('Ctrl Pts',(-52.1428108215332,39.8754101289709,-33.5091336650507));
#1923=CARTESIAN_POINT('',(-52.1428108215332,39.8842449838807,-30.7091347294195));
#1924=CARTESIAN_POINT('Ctrl Pts',(-52.1428108215332,39.8842449838807,-30.7091347294195));
#1925=CARTESIAN_POINT('Ctrl Pts',(-51.9660938499473,39.884337567507,-30.7089806443899));
#1926=CARTESIAN_POINT('Ctrl Pts',(-51.7776310076527,39.8843248814783,-30.7443170485667));
#1927=CARTESIAN_POINT('Ctrl Pts',(-51.4311595455993,39.8840535548206,-30.8882818372752));
#1928=CARTESIAN_POINT('Ctrl Pts',(-51.2731509245073,39.8837948941343,-30.9969102185602));
#1929=CARTESIAN_POINT('Ctrl Pts',(-51.0243096163126,39.8831380583258,-31.2472970145183));
#1930=CARTESIAN_POINT('Ctrl Pts',(-50.9168403690738,39.8826967181629,-31.405555744085));
#1931=CARTESIAN_POINT('Ctrl Pts',(-50.7750273934231,39.8816807119015,-31.7520054992657));
#1932=CARTESIAN_POINT('Ctrl Pts',(-50.7406836583091,39.8811060048061,-31.940196522016));
#1933=CARTESIAN_POINT('Ctrl Pts',(-50.7425314016923,39.879995768573,-32.2920549986318));
#1934=CARTESIAN_POINT('Ctrl Pts',(-50.7785600337388,39.8793864476179,-32.4791571429377));
#1935=CARTESIAN_POINT('Ctrl Pts',(-50.9229206882411,39.8782244556473,-32.8230059028215));
#1936=CARTESIAN_POINT('Ctrl Pts',(-51.0312527139374,39.877671804534,-32.9797525171062));
#1937=CARTESIAN_POINT('Ctrl Pts',(-51.2801990585249,39.8767598192474,-33.2265518973456));
#1938=CARTESIAN_POINT('Ctrl Pts',(-51.4372907686395,39.8763390817075,-33.333271104794));
#1939=CARTESIAN_POINT('Ctrl Pts',(-51.7807083037037,39.8757107834804,-33.4744739305485));
#1940=CARTESIAN_POINT('Ctrl Pts',(-51.9669653101151,39.8755027406144,-33.5091341972351));
#1941=CARTESIAN_POINT('Ctrl Pts',(-52.1415901184082,39.8754107701962,-33.5091341972351));
#1942=CARTESIAN_POINT('Ctrl Pts',(-52.1428108215332,39.8754101289709,-33.5091336650507));
#1943=CARTESIAN_POINT('Ctrl Pts',(-52.3176683631383,39.8753185195169,-33.508981201316));
#1944=CARTESIAN_POINT('Ctrl Pts',(-52.5042136840408,39.8753310624298,-33.4740550202325));
#1945=CARTESIAN_POINT('Ctrl Pts',(-52.8476010734958,39.875599938374,-33.3322667471659));
#1946=CARTESIAN_POINT('Ctrl Pts',(-53.0044431434549,39.8758562513061,-33.2254046585512));
#1947=CARTESIAN_POINT('Ctrl Pts',(-53.2527954865408,39.8765077489244,-32.978586184175));
#1948=CARTESIAN_POINT('Ctrl Pts',(-53.360810137493,39.8769469742158,-32.8219903826445));
#1949=CARTESIAN_POINT('Ctrl Pts',(-53.5047375671162,39.8779579878941,-32.4785803084534));
#1950=CARTESIAN_POINT('Ctrl Pts',(-53.5406503525641,39.8785297354723,-32.291766038513));
#1951=CARTESIAN_POINT('Ctrl Pts',(-53.5424950620149,39.8796381487349,-31.9404853016771));
#1952=CARTESIAN_POINT('Ctrl Pts',(-53.5082645364732,39.8802489052378,-31.7525831621699));
#1953=CARTESIAN_POINT('Ctrl Pts',(-53.3668814999386,39.8814133479346,-31.406575561998));
#1954=CARTESIAN_POINT('Ctrl Pts',(-53.2597289855692,39.8819670543823,-31.2484701027812));
#1955=CARTESIAN_POINT('Ctrl Pts',(-53.0114845221692,39.8828843778583,-30.9980670559702));
#1956=CARTESIAN_POINT('Ctrl Pts',(-52.8537279988253,39.8833085226906,-30.8892951516334));
#1957=CARTESIAN_POINT('Ctrl Pts',(-52.5076898544107,39.8839425447633,-30.7449059754195));
#1958=CARTESIAN_POINT('Ctrl Pts',(-52.3194082306374,39.8841524628943,-30.7092887101989));
#1959=CARTESIAN_POINT('Ctrl Pts',(-52.1428108215332,39.8842449838807,-30.7091347294195));
#1960=CARTESIAN_POINT('Origin',(36.8815088272095,29.5793975666807,31.5515470504761));
#1961=CARTESIAN_POINT('',(36.8815088272095,30.,30.1515470504761));
#1962=CARTESIAN_POINT('Origin',(36.8815088272095,30.,31.5515470504761));
#1963=CARTESIAN_POINT('',(36.8815088272095,29.1587951333614,31.5515470504761));
#1964=CARTESIAN_POINT('',(36.8815088272095,29.5793975666807,30.8515470504761));
#1965=CARTESIAN_POINT('Origin',(36.8815088272095,35.,31.5515470504761));
#1966=CARTESIAN_POINT('',(36.8815088272095,35.,30.1515470504761));
#1967=CARTESIAN_POINT('Origin',(-52.5490188598633,29.5793975666807,31.9589781761169));
#1968=CARTESIAN_POINT('',(-52.5490188598633,30.,30.5589781761169));
#1969=CARTESIAN_POINT('Origin',(-52.5490188598633,30.,31.9589781761169));
#1970=CARTESIAN_POINT('',(-52.5490188598633,29.1587951333614,31.9589781761169));
#1971=CARTESIAN_POINT('',(-52.5490188598633,29.5793975666807,31.2589781761169));
#1972=CARTESIAN_POINT('Origin',(-52.5490188598633,35.,31.9589781761169));
#1973=CARTESIAN_POINT('',(-52.5490188598633,35.,30.5589781761169));
#1974=CARTESIAN_POINT('Origin',(37.1425465937236,29.5793975666807,-32.1017724131468));
#1975=CARTESIAN_POINT('',(37.1425465937236,30.,-33.5017724131468));
#1976=CARTESIAN_POINT('Origin',(37.1425465937236,30.,-32.1017724131468));
#1977=CARTESIAN_POINT('',(37.1425465937236,29.1587951333614,-32.1017724131468));
#1978=CARTESIAN_POINT('',(37.1425465937236,29.5793975666807,-32.8017724131468));
#1979=CARTESIAN_POINT('Origin',(37.1425465937236,35.,-32.1017724131468));
#1980=CARTESIAN_POINT('',(37.1425465937236,35.,-33.5017724131468));
#1981=CARTESIAN_POINT('Origin',(-52.1415901184082,29.5793975666807,-32.1091341972351));
#1982=CARTESIAN_POINT('',(-52.1415901184082,30.,-33.5091341972351));
#1983=CARTESIAN_POINT('Origin',(-52.1415901184082,30.,-32.1091341972351));
#1984=CARTESIAN_POINT('',(-52.1415901184082,29.1587951333614,-32.1091341972351));
#1985=CARTESIAN_POINT('',(-52.1415901184082,29.5793975666807,-32.8091341972351));
#1986=CARTESIAN_POINT('Origin',(-52.1415901184082,35.,-32.1091341972351));
#1987=CARTESIAN_POINT('',(-52.1415901184082,35.,-33.5091341972351));
#1988=CARTESIAN_POINT('Origin',(-47.4526296334682,0.,-10.0776322004199));
#1989=CARTESIAN_POINT('',(-47.4526296334682,0.,-10.0776322004199));
#1990=CARTESIAN_POINT('',(-47.4526296334682,0.,11.9223677995801));
#1991=CARTESIAN_POINT('',(-47.4526296334682,0.,-15.7503168695053));
#1992=CARTESIAN_POINT('',(-47.4526296334682,0.,-10.0776322004199));
#1993=CARTESIAN_POINT('',(-47.4526296334682,0.,11.9223677995801));
#1994=CARTESIAN_POINT('Origin',(32.5473703665318,0.,-10.0776322004199));
#1995=CARTESIAN_POINT('',(32.5473703665318,0.,-10.0776322004199));
#1996=CARTESIAN_POINT('',(1.44122131040122,0.,-10.0776322004199));
#1997=CARTESIAN_POINT('',(32.5473703665318,0.,-10.0776322004199));
#1998=CARTESIAN_POINT('Origin',(32.5473703665318,0.,11.9223677995801));
#1999=CARTESIAN_POINT('',(32.5473703665318,0.,11.9223677995801));
#2000=CARTESIAN_POINT('',(32.5473703665318,0.,-4.75031686950528));
#2001=CARTESIAN_POINT('',(32.5473703665318,0.,11.9223677995801));
#2002=CARTESIAN_POINT('Origin',(-47.4526296334682,0.,11.9223677995801));
#2003=CARTESIAN_POINT('',(-38.5587786895988,0.,11.9223677995801));
#2004=CARTESIAN_POINT('Origin',(-52.8574534062764,0.,-32.1017724131468));
#2005=CARTESIAN_POINT('',(-57.8574534062764,40.,-32.1017724131468));
#2006=CARTESIAN_POINT('',(-52.8574534062764,40.,-37.1017724131468));
#2007=CARTESIAN_POINT('Origin',(-52.8574534062764,40.,-32.1017724131468));
#2008=CARTESIAN_POINT('',(-52.8574534062764,0.,-37.1017724131468));
#2009=CARTESIAN_POINT('',(-52.8574534062764,0.,-37.1017724131468));
#2010=CARTESIAN_POINT('',(-57.8574534062764,0.,-32.1017724131468));
#2011=CARTESIAN_POINT('Origin',(-52.8574534062764,0.,-32.1017724131468));
#2012=CARTESIAN_POINT('',(-57.8574534062764,0.,-32.1017724131468));
#2013=CARTESIAN_POINT('Origin',(42.1425465937236,0.,-37.1017724131468));
#2014=CARTESIAN_POINT('',(37.1425465937236,40.,-37.1017724131468));
#2015=CARTESIAN_POINT('',(-57.8574534062764,40.,-37.1017724131468));
#2016=CARTESIAN_POINT('',(37.1425465937236,0.,-37.1017724131468));
#2017=CARTESIAN_POINT('',(37.1425465937236,0.,-37.1017724131468));
#2018=CARTESIAN_POINT('',(-57.8574534062764,0.,-37.1017724131468));
#2019=CARTESIAN_POINT('Origin',(-7.85745340627643,40.,0.530607808481758));
#2020=CARTESIAN_POINT('',(-57.8574534062764,40.,33.1629880301103));
#2021=CARTESIAN_POINT('',(-57.8574534062764,40.,38.1629880301103));
#2022=CARTESIAN_POINT('',(-52.8574534062764,40.,38.1629880301103));
#2023=CARTESIAN_POINT('Origin',(-52.8574534062764,40.,33.1629880301103));
#2024=CARTESIAN_POINT('',(37.1425465937236,40.,38.1629880301103));
#2025=CARTESIAN_POINT('',(42.1425465937236,40.,38.1629880301103));
#2026=CARTESIAN_POINT('',(42.1425465937236,40.,33.1629880301103));
#2027=CARTESIAN_POINT('Origin',(37.1425465937236,40.,33.1629880301103));
#2028=CARTESIAN_POINT('',(42.1425465937236,40.,-32.1017724131468));
#2029=CARTESIAN_POINT('',(42.1425465937236,40.,-37.1017724131468));
#2030=CARTESIAN_POINT('Origin',(37.1425465937236,40.,-32.1017724131468));
#2031=CARTESIAN_POINT('',(22.1425465937236,40.,33.1629880301103));
#2032=CARTESIAN_POINT('',(-37.8574534062764,40.,33.1629880301103));
#2033=CARTESIAN_POINT('',(37.1425465937236,40.,33.1629880301103));
#2034=CARTESIAN_POINT('',(-52.8574534062764,40.,18.1629880301103));
#2035=CARTESIAN_POINT('Origin',(-37.8574534062764,40.,18.1629880301103));
#2036=CARTESIAN_POINT('',(-52.8574534062764,40.,-17.1017724131468));
#2037=CARTESIAN_POINT('',(-52.8574534062764,40.,33.1629880301103));
#2038=CARTESIAN_POINT('',(-37.8574534062764,40.,-32.1017724131468));
#2039=CARTESIAN_POINT('Origin',(-37.8574534062764,40.,-17.1017724131468));
#2040=CARTESIAN_POINT('',(22.1425465937236,40.,-32.1017724131468));
#2041=CARTESIAN_POINT('',(-52.8574534062764,40.,-32.1017724131468));
#2042=CARTESIAN_POINT('Origin',(22.1425465937236,40.,-17.1017724131468));
#2043=CARTESIAN_POINT('Origin',(22.1425465937236,40.,18.1629880301103));
#2044=CARTESIAN_POINT('Origin',(37.1425465937236,0.,-32.1017724131468));
#2045=CARTESIAN_POINT('',(42.1425465937236,0.,-32.1017724131468));
#2046=CARTESIAN_POINT('',(42.1425465937236,0.,-32.1017724131468));
#2047=CARTESIAN_POINT('Origin',(37.1425465937236,0.,-32.1017724131468));
#2048=CARTESIAN_POINT('Origin',(42.1425465937236,0.,38.1629880301103));
#2049=CARTESIAN_POINT('',(42.1425465937236,0.,33.1629880301103));
#2050=CARTESIAN_POINT('',(42.1425465937236,0.,33.1629880301103));
#2051=CARTESIAN_POINT('',(42.1425465937236,0.,-37.1017724131468));
#2052=CARTESIAN_POINT('Origin',(37.1425465937236,0.,33.1629880301103));
#2053=CARTESIAN_POINT('',(37.1425465937236,0.,38.1629880301103));
#2054=CARTESIAN_POINT('',(37.1425465937236,0.,38.1629880301103));
#2055=CARTESIAN_POINT('Origin',(37.1425465937236,0.,33.1629880301103));
#2056=CARTESIAN_POINT('Origin',(-57.8574534062764,0.,38.1629880301103));
#2057=CARTESIAN_POINT('',(-52.8574534062764,0.,38.1629880301103));
#2058=CARTESIAN_POINT('',(-52.8574534062764,0.,38.1629880301103));
#2059=CARTESIAN_POINT('',(42.1425465937236,0.,38.1629880301103));
#2060=CARTESIAN_POINT('Origin',(-52.8574534062764,0.,33.1629880301103));
#2061=CARTESIAN_POINT('',(-57.8574534062764,0.,33.1629880301103));
#2062=CARTESIAN_POINT('',(-57.8574534062764,0.,33.1629880301103));
#2063=CARTESIAN_POINT('Origin',(-52.8574534062764,0.,33.1629880301103));
#2064=CARTESIAN_POINT('Origin',(-29.4775535615385,0.,20.8142545119515));
#2065=CARTESIAN_POINT('',(-32.9775535615385,25.,20.8142545119515));
#2066=CARTESIAN_POINT('Origin',(-29.4775535615385,25.,20.8142545119515));
#2067=CARTESIAN_POINT('',(-32.9775535615385,5.,20.8142545119515));
#2068=CARTESIAN_POINT('',(-32.9775535615385,0.,20.8142545119515));
#2069=CARTESIAN_POINT('Origin',(-29.4775535615385,5.,20.8142545119515));
#2070=CARTESIAN_POINT('Origin',(-29.4775535615385,0.,20.8142545119515));
#2071=CARTESIAN_POINT('',(-32.2275535615385,30.,20.8142545119515));
#2072=CARTESIAN_POINT('Origin',(-29.4775535615385,30.,20.8142545119515));
#2073=CARTESIAN_POINT('',(-32.2275535615385,25.,20.8142545119515));
#2074=CARTESIAN_POINT('',(-32.2275535615385,0.,20.8142545119515));
#2075=CARTESIAN_POINT('Origin',(-29.4775535615385,25.,20.8142545119515));
#2076=CARTESIAN_POINT('Origin',(-29.4775535615385,30.,20.8142545119515));
#2077=CARTESIAN_POINT('Origin',(-29.4775535615385,25.,20.8142545119515));
#2078=CARTESIAN_POINT('Origin',(13.1946019139934,0.,20.6185373153653));
#2079=CARTESIAN_POINT('',(9.69460191399337,25.,20.6185373153653));
#2080=CARTESIAN_POINT('Origin',(13.1946019139934,25.,20.6185373153653));
#2081=CARTESIAN_POINT('',(9.69460191399337,5.,20.6185373153653));
#2082=CARTESIAN_POINT('',(9.69460191399337,0.,20.6185373153653));
#2083=CARTESIAN_POINT('Origin',(13.1946019139934,5.,20.6185373153653));
#2084=CARTESIAN_POINT('Origin',(13.1946019139934,25.,20.6185373153653));
#2085=CARTESIAN_POINT('',(10.4446019139934,25.,20.6185373153653));
#2086=CARTESIAN_POINT('Origin',(13.1946019139934,25.,20.6185373153653));
#2087=CARTESIAN_POINT('Origin',(13.1946019139934,0.,20.6185373153653));
#2088=CARTESIAN_POINT('',(10.4446019139934,30.,20.6185373153653));
#2089=CARTESIAN_POINT('Origin',(13.1946019139934,30.,20.6185373153653));
#2090=CARTESIAN_POINT('',(10.4446019139934,0.,20.6185373153653));
#2091=CARTESIAN_POINT('Origin',(13.1946019139934,30.,20.6185373153653));
#2092=CARTESIAN_POINT('Origin',(13.0227619061519,0.,-21.4089540666742));
#2093=CARTESIAN_POINT('',(9.52276190615186,25.,-21.4089540666742));
#2094=CARTESIAN_POINT('Origin',(13.0227619061519,25.,-21.4089540666742));
#2095=CARTESIAN_POINT('',(9.52276190615186,5.,-21.4089540666742));
#2096=CARTESIAN_POINT('',(9.52276190615186,0.,-21.4089540666742));
#2097=CARTESIAN_POINT('Origin',(13.0227619061519,5.,-21.4089540666742));
#2098=CARTESIAN_POINT('Origin',(13.0227619061519,0.,-21.4089540666742));
#2099=CARTESIAN_POINT('',(10.2727619061519,30.,-21.4089540666742));
#2100=CARTESIAN_POINT('Origin',(13.0227619061519,30.,-21.4089540666742));
#2101=CARTESIAN_POINT('',(10.2727619061519,25.,-21.4089540666742));
#2102=CARTESIAN_POINT('',(10.2727619061519,0.,-21.4089540666742));
#2103=CARTESIAN_POINT('Origin',(13.0227619061519,25.,-21.4089540666742));
#2104=CARTESIAN_POINT('Origin',(13.0227619061519,30.,-21.4089540666742));
#2105=CARTESIAN_POINT('Origin',(13.0227619061519,25.,-21.4089540666742));
#2106=CARTESIAN_POINT('Origin',(-7.85745340627643,5.,0.530607808481762));
#2107=CARTESIAN_POINT('',(22.1425465937236,5.,-32.1017724131468));
#2108=CARTESIAN_POINT('Origin',(22.1425465937236,5.,-17.1017724131468));
#2109=CARTESIAN_POINT('',(-37.8574534062764,5.,-32.1017724131468));
#2110=CARTESIAN_POINT('',(-52.8574534062764,5.,-32.1017724131468));
#2111=CARTESIAN_POINT('',(-52.8574534062764,5.,-17.1017724131468));
#2112=CARTESIAN_POINT('Origin',(-37.8574534062764,5.,-17.1017724131468));
#2113=CARTESIAN_POINT('',(-52.8574534062764,5.,18.1629880301103));
#2114=CARTESIAN_POINT('',(-52.8574534062764,5.,33.1629880301103));
#2115=CARTESIAN_POINT('',(-37.8574534062764,5.,33.1629880301103));
#2116=CARTESIAN_POINT('Origin',(-37.8574534062764,5.,18.1629880301103));
#2117=CARTESIAN_POINT('',(22.1425465937236,5.,33.1629880301103));
#2118=CARTESIAN_POINT('',(37.1425465937236,5.,33.1629880301103));
#2119=CARTESIAN_POINT('Origin',(22.1425465937236,5.,18.1629880301103));
#2120=CARTESIAN_POINT('',(-33.1649277457293,5.,-21.4230015385907));
#2121=CARTESIAN_POINT('Origin',(-29.6649277457293,5.,-21.4230015385907));
#2122=CARTESIAN_POINT('Origin',(-37.8574534062764,0.,18.1629880301103));
#2123=CARTESIAN_POINT('',(-52.8574534062764,0.,18.1629880301103));
#2124=CARTESIAN_POINT('',(-37.8574534062764,0.,33.1629880301103));
#2125=CARTESIAN_POINT('Origin',(-52.8574534062764,0.,33.1629880301103));
#2126=CARTESIAN_POINT('',(-52.8574534062764,0.,-17.1017724131468));
#2127=CARTESIAN_POINT('Origin',(-37.8574534062764,0.,-17.1017724131468));
#2128=CARTESIAN_POINT('',(-37.8574534062764,0.,-32.1017724131468));
#2129=CARTESIAN_POINT('Origin',(-52.8574534062764,0.,-32.1017724131468));
#2130=CARTESIAN_POINT('',(22.1425465937236,0.,-32.1017724131468));
#2131=CARTESIAN_POINT('Origin',(22.1425465937236,0.,-17.1017724131468));
#2132=CARTESIAN_POINT('Origin',(22.1425465937236,0.,18.1629880301103));
#2133=CARTESIAN_POINT('',(22.1425465937236,0.,33.1629880301103));
#2134=CARTESIAN_POINT('Origin',(37.1425465937236,0.,33.1629880301103));
#2135=CARTESIAN_POINT('Origin',(-57.8574534062764,0.,-37.1017724131468));
#2136=CARTESIAN_POINT('',(-57.8574534062764,0.,38.1629880301103));
#2137=CARTESIAN_POINT('Origin',(-29.6649277457293,0.,-21.4230015385907));
#2138=CARTESIAN_POINT('',(-32.4149277457293,30.,-21.4230015385907));
#2139=CARTESIAN_POINT('Origin',(-29.6649277457293,30.,-21.4230015385907));
#2140=CARTESIAN_POINT('',(-32.4149277457293,25.,-21.4230015385907));
#2141=CARTESIAN_POINT('',(-32.4149277457293,0.,-21.4230015385907));
#2142=CARTESIAN_POINT('Origin',(-29.6649277457293,25.,-21.4230015385907));
#2143=CARTESIAN_POINT('Origin',(-29.6649277457293,30.,-21.4230015385907));
#2144=CARTESIAN_POINT('Origin',(-29.6649277457293,0.,-21.4230015385907));
#2145=CARTESIAN_POINT('',(-33.1649277457293,25.,-21.4230015385907));
#2146=CARTESIAN_POINT('Origin',(-29.6649277457293,25.,-21.4230015385907));
#2147=CARTESIAN_POINT('',(-33.1649277457293,0.,-21.4230015385907));
#2148=CARTESIAN_POINT('Origin',(-29.6649277457293,25.,-21.4230015385907));
#2149=CARTESIAN_POINT('Origin',(-29.6649277457293,0.,-21.4230015385907));
#2150=CARTESIAN_POINT('Origin',(-52.8574534062764,40.,-32.1017724131468));
#2151=CARTESIAN_POINT('',(-57.8574534062764,45.,-32.1017724131468));
#2152=CARTESIAN_POINT('',(-52.8574534062764,45.,-37.1017724131468));
#2153=CARTESIAN_POINT('Origin',(-52.8574534062764,45.,-32.1017724131468));
#2154=CARTESIAN_POINT('',(-52.8574534062764,40.,-37.1017724131468));
#2155=CARTESIAN_POINT('',(-52.8574534062764,40.,-37.1017724131468));
#2156=CARTESIAN_POINT('',(-57.8574534062764,40.,-32.1017724131468));
#2157=CARTESIAN_POINT('Origin',(-52.8574534062764,40.,-32.1017724131468));
#2158=CARTESIAN_POINT('',(-57.8574534062764,40.,-32.1017724131468));
#2159=CARTESIAN_POINT('Origin',(42.1425465937236,40.,-37.1017724131468));
#2160=CARTESIAN_POINT('',(37.1425465937236,45.,-37.1017724131468));
#2161=CARTESIAN_POINT('',(-57.8574534062764,45.,-37.1017724131468));
#2162=CARTESIAN_POINT('',(37.1425465937236,40.,-37.1017724131468));
#2163=CARTESIAN_POINT('',(37.1425465937236,40.,-37.1017724131468));
#2164=CARTESIAN_POINT('',(-57.8574534062764,40.,-37.1017724131468));
#2165=CARTESIAN_POINT('Origin',(-7.85745340627644,45.,0.530607808481753));
#2166=CARTESIAN_POINT('',(-57.8574534062764,45.,33.1629880301103));
#2167=CARTESIAN_POINT('',(-57.8574534062764,45.,38.1629880301103));
#2168=CARTESIAN_POINT('',(-52.8574534062764,45.,38.1629880301103));
#2169=CARTESIAN_POINT('Origin',(-52.8574534062764,45.,33.1629880301103));
#2170=CARTESIAN_POINT('',(37.1425465937236,45.,38.1629880301103));
#2171=CARTESIAN_POINT('',(42.1425465937236,45.,38.1629880301103));
#2172=CARTESIAN_POINT('',(42.1425465937236,45.,33.1629880301103));
#2173=CARTESIAN_POINT('Origin',(37.1425465937236,45.,33.1629880301103));
#2174=CARTESIAN_POINT('',(42.1425465937236,45.,-32.1017724131468));
#2175=CARTESIAN_POINT('',(42.1425465937236,45.,-37.1017724131468));
#2176=CARTESIAN_POINT('Origin',(37.1425465937236,45.,-32.1017724131468));
#2177=CARTESIAN_POINT('',(-52.5645971298218,45.,30.3532680511475));
#2178=CARTESIAN_POINT('Origin',(-52.5645971298218,45.,31.9532680511475));
#2179=CARTESIAN_POINT('',(36.8876361846924,45.,29.9417098999023));
#2180=CARTESIAN_POINT('Origin',(36.8876361846924,45.,31.5417098999023));
#2181=CARTESIAN_POINT('',(37.154655456543,45.,-33.703705406189));
#2182=CARTESIAN_POINT('Origin',(37.154655456543,45.,-32.103705406189));
#2183=CARTESIAN_POINT('',(-52.1428108215332,45.,-33.7164860311131));
#2184=CARTESIAN_POINT('Origin',(-52.1428108215332,45.,-32.1164860311131));
#2185=CARTESIAN_POINT('Origin',(37.1425465937236,40.,-32.1017724131468));
#2186=CARTESIAN_POINT('',(42.1425465937236,40.,-32.1017724131468));
#2187=CARTESIAN_POINT('',(42.1425465937236,40.,-32.1017724131468));
#2188=CARTESIAN_POINT('Origin',(37.1425465937236,40.,-32.1017724131468));
#2189=CARTESIAN_POINT('Origin',(42.1425465937236,40.,38.1629880301103));
#2190=CARTESIAN_POINT('',(42.1425465937236,40.,33.1629880301103));
#2191=CARTESIAN_POINT('',(42.1425465937236,40.,33.1629880301103));
#2192=CARTESIAN_POINT('',(42.1425465937236,40.,-37.1017724131468));
#2193=CARTESIAN_POINT('Origin',(37.1425465937236,40.,33.1629880301103));
#2194=CARTESIAN_POINT('',(37.1425465937236,40.,38.1629880301103));
#2195=CARTESIAN_POINT('',(37.1425465937236,40.,38.1629880301103));
#2196=CARTESIAN_POINT('Origin',(37.1425465937236,40.,33.1629880301103));
#2197=CARTESIAN_POINT('Origin',(-57.8574534062764,40.,38.1629880301103));
#2198=CARTESIAN_POINT('',(-52.8574534062764,40.,38.1629880301103));
#2199=CARTESIAN_POINT('',(-52.8574534062764,40.,38.1629880301103));
#2200=CARTESIAN_POINT('',(42.1425465937236,40.,38.1629880301103));
#2201=CARTESIAN_POINT('Origin',(-52.8574534062764,40.,33.1629880301103));
#2202=CARTESIAN_POINT('',(-57.8574534062764,40.,33.1629880301103));
#2203=CARTESIAN_POINT('',(-57.8574534062764,40.,33.1629880301103));
#2204=CARTESIAN_POINT('Origin',(-52.8574534062764,40.,33.1629880301103));
#2205=CARTESIAN_POINT('Origin',(-52.5645971298218,42.5,31.9532680511475));
#2206=CARTESIAN_POINT('',(-52.5645971298218,40.,30.3532680511475));
#2207=CARTESIAN_POINT('',(-52.5645971298218,42.5,30.3532680511475));
#2208=CARTESIAN_POINT('Origin',(-52.5645971298218,40.,31.9532680511475));
#2209=CARTESIAN_POINT('Origin',(36.8876361846924,42.5,31.5417098999023));
#2210=CARTESIAN_POINT('',(36.8876361846924,40.,29.9417098999023));
#2211=CARTESIAN_POINT('',(36.8876361846924,42.5,29.9417098999023));
#2212=CARTESIAN_POINT('Origin',(36.8876361846924,40.,31.5417098999023));
#2213=CARTESIAN_POINT('Origin',(37.154655456543,42.5,-32.103705406189));
#2214=CARTESIAN_POINT('',(37.154655456543,40.,-33.703705406189));
#2215=CARTESIAN_POINT('',(37.154655456543,42.5,-33.703705406189));
#2216=CARTESIAN_POINT('Origin',(37.154655456543,40.,-32.103705406189));
#2217=CARTESIAN_POINT('Origin',(-52.1428108215332,42.5,-32.1164860311131));
#2218=CARTESIAN_POINT('',(-52.1428108215332,40.,-33.7164860311131));
#2219=CARTESIAN_POINT('',(-52.1428108215332,42.5,-33.7164860311131));
#2220=CARTESIAN_POINT('Origin',(-52.1428108215332,40.,-32.1164860311131));
#2221=CARTESIAN_POINT('Origin',(-57.8574534062764,40.,-37.1017724131468));
#2222=CARTESIAN_POINT('',(-57.8574534062764,40.,38.1629880301103));
#2223=CARTESIAN_POINT('Origin',(-7.85745340627644,40.,0.530607808481753));
#2224=UNCERTAINTY_MEASURE_WITH_UNIT(LENGTH_MEASURE(0.01),#2228,
'DISTANCE_ACCURACY_VALUE',
'Maximum model space distance between geometric entities at asserted c
onnectivities');
#2225=UNCERTAINTY_MEASURE_WITH_UNIT(LENGTH_MEASURE(0.01),#2228,
'DISTANCE_ACCURACY_VALUE',
'Maximum model space distance between geometric entities at asserted c
onnectivities');
#2226=(
GEOMETRIC_REPRESENTATION_CONTEXT(3)
GLOBAL_UNCERTAINTY_ASSIGNED_CONTEXT((#2224))
GLOBAL_UNIT_ASSIGNED_CONTEXT((#2228,#2230,#2231))
REPRESENTATION_CONTEXT('','3D')
);
#2227=(
GEOMETRIC_REPRESENTATION_CONTEXT(3)
GLOBAL_UNCERTAINTY_ASSIGNED_CONTEXT((#2225))
GLOBAL_UNIT_ASSIGNED_CONTEXT((#2228,#2230,#2231))
REPRESENTATION_CONTEXT('','3D')
);
#2228=(
LENGTH_UNIT()
NAMED_UNIT(*)
SI_UNIT(.MILLI.,.METRE.)
);
#2229=(
LENGTH_UNIT()
NAMED_UNIT(*)
SI_UNIT($,.METRE.)
);
#2230=(
NAMED_UNIT(*)
PLANE_ANGLE_UNIT()
SI_UNIT($,.RADIAN.)
);
#2231=(
NAMED_UNIT(*)
SI_UNIT($,.STERADIAN.)
SOLID_ANGLE_UNIT()
);
#2232=SHAPE_DEFINITION_REPRESENTATION(#2233,#2234);
#2233=PRODUCT_DEFINITION_SHAPE('',$,#2236);
#2234=SHAPE_REPRESENTATION('',(#1240),#2226);
#2235=PRODUCT_DEFINITION_CONTEXT('part definition',#2240,'design');
#2236=PRODUCT_DEFINITION('2026-06-20-21-38-08-252','RelayCase_v1',#2237,
#2235);
#2237=PRODUCT_DEFINITION_FORMATION('',$,#2242);
#2238=PRODUCT_RELATED_PRODUCT_CATEGORY('RelayCase_v1','RelayCase_v1',(#2242));
#2239=APPLICATION_PROTOCOL_DEFINITION('international standard',
'automotive_design',2009,#2240);
#2240=APPLICATION_CONTEXT(
'Core Data for Automotive Mechanical Design Process');
#2241=PRODUCT_CONTEXT('part definition',#2240,'mechanical');
#2242=PRODUCT('2026-06-20-21-38-08-252','RelayCase_v1',$,(#2241));
#2243=PRESENTATION_STYLE_ASSIGNMENT((#2272));
#2244=PRESENTATION_STYLE_ASSIGNMENT((#2273));
#2245=PRESENTATION_STYLE_ASSIGNMENT((#2274));
#2246=PRESENTATION_STYLE_ASSIGNMENT((#2275));
#2247=PRESENTATION_STYLE_ASSIGNMENT((#2276));
#2248=PRESENTATION_STYLE_ASSIGNMENT((#2277));
#2249=PRESENTATION_STYLE_ASSIGNMENT((#2278));
#2250=PRESENTATION_STYLE_ASSIGNMENT((#2279));
#2251=PRESENTATION_STYLE_ASSIGNMENT((#2280));
#2252=PRESENTATION_STYLE_ASSIGNMENT((#2281));
#2253=PRESENTATION_STYLE_ASSIGNMENT((#2282));
#2254=PRESENTATION_STYLE_ASSIGNMENT((#2283));
#2255=PRESENTATION_STYLE_ASSIGNMENT((#2284));
#2256=PRESENTATION_STYLE_ASSIGNMENT((#2285));
#2257=PRESENTATION_STYLE_ASSIGNMENT((#2286));
#2258=PRESENTATION_STYLE_ASSIGNMENT((#2287));
#2259=PRESENTATION_STYLE_ASSIGNMENT((#2288));
#2260=PRESENTATION_STYLE_ASSIGNMENT((#2289));
#2261=PRESENTATION_STYLE_ASSIGNMENT((#2290));
#2262=PRESENTATION_STYLE_ASSIGNMENT((#2291));
#2263=PRESENTATION_STYLE_ASSIGNMENT((#2292));
#2264=PRESENTATION_STYLE_ASSIGNMENT((#2293));
#2265=PRESENTATION_STYLE_ASSIGNMENT((#2294));
#2266=PRESENTATION_STYLE_ASSIGNMENT((#2295));
#2267=PRESENTATION_STYLE_ASSIGNMENT((#2296));
#2268=PRESENTATION_STYLE_ASSIGNMENT((#2297));
#2269=PRESENTATION_STYLE_ASSIGNMENT((#2298));
#2270=PRESENTATION_STYLE_ASSIGNMENT((#2299));
#2271=PRESENTATION_STYLE_ASSIGNMENT((#2300));
#2272=SURFACE_STYLE_USAGE(.BOTH.,#2301);
#2273=SURFACE_STYLE_USAGE(.BOTH.,#2302);
#2274=SURFACE_STYLE_USAGE(.BOTH.,#2303);
#2275=SURFACE_STYLE_USAGE(.BOTH.,#2304);
#2276=SURFACE_STYLE_USAGE(.BOTH.,#2305);
#2277=SURFACE_STYLE_USAGE(.BOTH.,#2306);
#2278=SURFACE_STYLE_USAGE(.BOTH.,#2307);
#2279=SURFACE_STYLE_USAGE(.BOTH.,#2308);
#2280=SURFACE_STYLE_USAGE(.BOTH.,#2309);
#2281=SURFACE_STYLE_USAGE(.BOTH.,#2310);
#2282=SURFACE_STYLE_USAGE(.BOTH.,#2311);
#2283=SURFACE_STYLE_USAGE(.BOTH.,#2312);
#2284=SURFACE_STYLE_USAGE(.BOTH.,#2313);
#2285=SURFACE_STYLE_USAGE(.BOTH.,#2314);
#2286=SURFACE_STYLE_USAGE(.BOTH.,#2315);
#2287=SURFACE_STYLE_USAGE(.BOTH.,#2316);
#2288=SURFACE_STYLE_USAGE(.BOTH.,#2317);
#2289=SURFACE_STYLE_USAGE(.BOTH.,#2318);
#2290=SURFACE_STYLE_USAGE(.BOTH.,#2319);
#2291=SURFACE_STYLE_USAGE(.BOTH.,#2320);
#2292=SURFACE_STYLE_USAGE(.BOTH.,#2321);
#2293=SURFACE_STYLE_USAGE(.BOTH.,#2322);
#2294=SURFACE_STYLE_USAGE(.BOTH.,#2323);
#2295=SURFACE_STYLE_USAGE(.BOTH.,#2324);
#2296=SURFACE_STYLE_USAGE(.BOTH.,#2325);
#2297=SURFACE_STYLE_USAGE(.BOTH.,#2326);
#2298=SURFACE_STYLE_USAGE(.BOTH.,#2327);
#2299=SURFACE_STYLE_USAGE(.BOTH.,#2328);
#2300=SURFACE_STYLE_USAGE(.BOTH.,#2329);
#2301=SURFACE_SIDE_STYLE('',(#2330));
#2302=SURFACE_SIDE_STYLE('',(#2331));
#2303=SURFACE_SIDE_STYLE('',(#2332));
#2304=SURFACE_SIDE_STYLE('',(#2333));
#2305=SURFACE_SIDE_STYLE('',(#2334));
#2306=SURFACE_SIDE_STYLE('',(#2335));
#2307=SURFACE_SIDE_STYLE('',(#2336));
#2308=SURFACE_SIDE_STYLE('',(#2337));
#2309=SURFACE_SIDE_STYLE('',(#2338));
#2310=SURFACE_SIDE_STYLE('',(#2339));
#2311=SURFACE_SIDE_STYLE('',(#2340));
#2312=SURFACE_SIDE_STYLE('',(#2341));
#2313=SURFACE_SIDE_STYLE('',(#2342));
#2314=SURFACE_SIDE_STYLE('',(#2343));
#2315=SURFACE_SIDE_STYLE('',(#2344));
#2316=SURFACE_SIDE_STYLE('',(#2345));
#2317=SURFACE_SIDE_STYLE('',(#2346));
#2318=SURFACE_SIDE_STYLE('',(#2347));
#2319=SURFACE_SIDE_STYLE('',(#2348));
#2320=SURFACE_SIDE_STYLE('',(#2349));
#2321=SURFACE_SIDE_STYLE('',(#2350));
#2322=SURFACE_SIDE_STYLE('',(#2351));
#2323=SURFACE_SIDE_STYLE('',(#2352));
#2324=SURFACE_SIDE_STYLE('',(#2353));
#2325=SURFACE_SIDE_STYLE('',(#2354));
#2326=SURFACE_SIDE_STYLE('',(#2355));
#2327=SURFACE_SIDE_STYLE('',(#2356));
#2328=SURFACE_SIDE_STYLE('',(#2357));
#2329=SURFACE_SIDE_STYLE('',(#2358));
#2330=SURFACE_STYLE_FILL_AREA(#2359);
#2331=SURFACE_STYLE_FILL_AREA(#2360);
#2332=SURFACE_STYLE_FILL_AREA(#2361);
#2333=SURFACE_STYLE_FILL_AREA(#2362);
#2334=SURFACE_STYLE_FILL_AREA(#2363);
#2335=SURFACE_STYLE_FILL_AREA(#2364);
#2336=SURFACE_STYLE_FILL_AREA(#2365);
#2337=SURFACE_STYLE_FILL_AREA(#2366);
#2338=SURFACE_STYLE_FILL_AREA(#2367);
#2339=SURFACE_STYLE_FILL_AREA(#2368);
#2340=SURFACE_STYLE_FILL_AREA(#2369);
#2341=SURFACE_STYLE_FILL_AREA(#2370);
#2342=SURFACE_STYLE_FILL_AREA(#2371);
#2343=SURFACE_STYLE_FILL_AREA(#2372);
#2344=SURFACE_STYLE_FILL_AREA(#2373);
#2345=SURFACE_STYLE_FILL_AREA(#2374);
#2346=SURFACE_STYLE_FILL_AREA(#2375);
#2347=SURFACE_STYLE_FILL_AREA(#2376);
#2348=SURFACE_STYLE_FILL_AREA(#2377);
#2349=SURFACE_STYLE_FILL_AREA(#2378);
#2350=SURFACE_STYLE_FILL_AREA(#2379);
#2351=SURFACE_STYLE_FILL_AREA(#2380);
#2352=SURFACE_STYLE_FILL_AREA(#2381);
#2353=SURFACE_STYLE_FILL_AREA(#2382);
#2354=SURFACE_STYLE_FILL_AREA(#2383);
#2355=SURFACE_STYLE_FILL_AREA(#2384);
#2356=SURFACE_STYLE_FILL_AREA(#2385);
#2357=SURFACE_STYLE_FILL_AREA(#2386);
#2358=SURFACE_STYLE_FILL_AREA(#2387);
#2359=FILL_AREA_STYLE('Steel - Satin',(#2388));
#2360=FILL_AREA_STYLE('',(#2389));
#2361=FILL_AREA_STYLE('',(#2390));
#2362=FILL_AREA_STYLE('',(#2391));
#2363=FILL_AREA_STYLE('',(#2392));
#2364=FILL_AREA_STYLE('',(#2393));
#2365=FILL_AREA_STYLE('',(#2394));
#2366=FILL_AREA_STYLE('',(#2395));
#2367=FILL_AREA_STYLE('',(#2396));
#2368=FILL_AREA_STYLE('',(#2397));
#2369=FILL_AREA_STYLE('',(#2398));
#2370=FILL_AREA_STYLE('',(#2399));
#2371=FILL_AREA_STYLE('',(#2400));
#2372=FILL_AREA_STYLE('',(#2401));
#2373=FILL_AREA_STYLE('',(#2402));
#2374=FILL_AREA_STYLE('',(#2403));
#2375=FILL_AREA_STYLE('',(#2404));
#2376=FILL_AREA_STYLE('',(#2405));
#2377=FILL_AREA_STYLE('',(#2406));
#2378=FILL_AREA_STYLE('',(#2407));
#2379=FILL_AREA_STYLE('',(#2408));
#2380=FILL_AREA_STYLE('',(#2409));
#2381=FILL_AREA_STYLE('',(#2410));
#2382=FILL_AREA_STYLE('',(#2411));
#2383=FILL_AREA_STYLE('',(#2412));
#2384=FILL_AREA_STYLE('',(#2413));
#2385=FILL_AREA_STYLE('',(#2414));
#2386=FILL_AREA_STYLE('',(#2415));
#2387=FILL_AREA_STYLE('',(#2416));
#2388=FILL_AREA_STYLE_COLOUR('Steel - Satin',#2417);
#2389=FILL_AREA_STYLE_COLOUR('',#2418);
#2390=FILL_AREA_STYLE_COLOUR('',#2419);
#2391=FILL_AREA_STYLE_COLOUR('',#2420);
#2392=FILL_AREA_STYLE_COLOUR('',#2421);
#2393=FILL_AREA_STYLE_COLOUR('',#2422);
#2394=FILL_AREA_STYLE_COLOUR('',#2423);
#2395=FILL_AREA_STYLE_COLOUR('',#2424);
#2396=FILL_AREA_STYLE_COLOUR('',#2425);
#2397=FILL_AREA_STYLE_COLOUR('',#2426);
#2398=FILL_AREA_STYLE_COLOUR('',#2427);
#2399=FILL_AREA_STYLE_COLOUR('',#2428);
#2400=FILL_AREA_STYLE_COLOUR('',#2429);
#2401=FILL_AREA_STYLE_COLOUR('',#2430);
#2402=FILL_AREA_STYLE_COLOUR('',#2431);
#2403=FILL_AREA_STYLE_COLOUR('',#2432);
#2404=FILL_AREA_STYLE_COLOUR('',#2433);
#2405=FILL_AREA_STYLE_COLOUR('',#2434);
#2406=FILL_AREA_STYLE_COLOUR('',#2435);
#2407=FILL_AREA_STYLE_COLOUR('',#2436);
#2408=FILL_AREA_STYLE_COLOUR('',#2437);
#2409=FILL_AREA_STYLE_COLOUR('',#2438);
#2410=FILL_AREA_STYLE_COLOUR('',#2439);
#2411=FILL_AREA_STYLE_COLOUR('',#2440);
#2412=FILL_AREA_STYLE_COLOUR('',#2441);
#2413=FILL_AREA_STYLE_COLOUR('',#2442);
#2414=FILL_AREA_STYLE_COLOUR('',#2443);
#2415=FILL_AREA_STYLE_COLOUR('',#2444);
#2416=FILL_AREA_STYLE_COLOUR('',#2445);
#2417=COLOUR_RGB('Steel - Satin',0.627450980392157,0.627450980392157,0.627450980392157);
#2418=COLOUR_RGB('',0.588235294117647,0.458823529411765,0.);
#2419=COLOUR_RGB('',0.850980392156863,0.850980392156863,0.850980392156863);
#2420=COLOUR_RGB('',1.,1.,1.);
#2421=COLOUR_RGB('',0.831372549019608,0.670588235294118,0.129411764705882);
#2422=COLOUR_RGB('',0.929411764705882,0.929411764705882,0.650980392156863);
#2423=COLOUR_RGB('',0.250980392156863,0.250980392156863,0.250980392156863);
#2424=COLOUR_RGB('',0.76078431372549,0.76078431372549,0.76078431372549);
#2425=COLOUR_RGB('',0.670588235294118,0.670588235294118,0.670588235294118);
#2426=COLOUR_RGB('',0.301960784313725,0.301960784313725,0.301960784313725);
#2427=COLOUR_RGB('',1.,1.,0.501960784313725);
#2428=COLOUR_RGB('',0.501960784313725,0.501960784313725,1.);
#2429=COLOUR_RGB('',1.,0.0901960784313725,0.0901960784313725);
#2430=COLOUR_RGB('',0.749019607843137,0.749019607843137,0.749019607843137);
#2431=COLOUR_RGB('',0.63921568627451,0.619607843137255,0.6);
#2432=COLOUR_RGB('',0.219607843137255,0.219607843137255,0.219607843137255);
#2433=COLOUR_RGB('',0.96078431372549,0.87843137254902,0.6);
#2434=COLOUR_RGB('',0.501960784313725,0.501960784313725,0.501960784313725);
#2435=COLOUR_RGB('',0.,0.,0.);
#2436=COLOUR_RGB('',0.698039215686274,0.698039215686274,0.698039215686274);
#2437=COLOUR_RGB('',1.,1.,0.);
#2438=COLOUR_RGB('',0.501960784313725,0.250980392156863,0.);
#2439=COLOUR_RGB('',0.290196078431373,0.658823529411765,0.329411764705882);
#2440=COLOUR_RGB('',0.650980392156863,0.650980392156863,0.650980392156863);
#2441=COLOUR_RGB('',0.63921568627451,0.670588235294118,0.690196078431373);
#2442=COLOUR_RGB('',0.63921568627451,0.67843137254902,0.698039215686274);
#2443=COLOUR_RGB('',0.211764705882353,0.43921568627451,0.698039215686274);
#2444=COLOUR_RGB('',0.619607843137255,0.619607843137255,0.36078431372549);
#2445=COLOUR_RGB('',0.,0.149019607843137,0.36078431372549);
ENDSEC;
END-ISO-10303-21;
